rental	Album	mrmute05
3.00 stars	American Football - American Football	4.00 stars
3.50 stars	Aphex Twin - Selected Ambient Works 85-92	3.50 stars
3.00 stars	Armand Hammer - Paraffin	3.50 stars
3.50 stars	Angelo Badalamenti - Twin Peaks: Limited Event Series Soundtrack	4.00 stars
3.50 stars	Bark Psychosis - Hex	4.50 stars
3.50 stars	Bauhaus - In the Flat Field	3.50 stars
4.00 stars	The Beach Boys - Pet Sounds	5.00 stars
4.00 stars	The Beatles - Abbey Road	4.50 stars
3.50 stars	The Beths - Future Me Hates Me	3.50 stars
4.00 stars	Black Eyes - Black Eyes	3.50 stars
3.00 stars	James Blake - Assume Form	3.50 stars
4.00 stars	Art Blakey and The Jazz Messengers - Art Blakey and The Jazz Messengers [Moanin']	4.50 stars
3.50 stars	Boards of Canada - Geogaddi	4.50 stars
3.50 stars	Boards of Canada - The Campfire Headphase	3.50 stars
3.50 stars	David Bowie - "Heroes"	4.50 stars
3.50 stars	Brockhampton - Iridescence	4.00 stars
4.00 stars	Tim Buckley - Starsailor	4.00 stars
3.50 stars	Kate Bush - Hounds of Love	4.50 stars
4.00 stars	Butthole Surfers - Locust Abortion Technician	3.50 stars
3.00 stars	Cabbage - Nihilistic Glamour Shots	3.50 stars
4.00 stars	Can - Soundtracks	4.00 stars
3.00 stars	The Cars - The Cars	3.50 stars
3.00 stars	Nick Cave & The Bad Seeds - Skeleton Tree	4.00 stars
3.00 stars	Clarence Clarity - Think: Peace	3.50 stars
4.00 stars	Cloud Nothings - Attack on Memory	4.50 stars
4.00 stars	Cloud Nothings - Life Without Sound	3.50 stars
4.00 stars	Cocteau Twins - Heaven or Las Vegas	4.00 stars
5.00 stars	Ornette Coleman - The Shape of Jazz to Come	4.50 stars
3.50 stars	Ornette Coleman - Change of the Century	4.50 stars
4.00 stars	Comus - First Utterance	4.50 stars
3.50 stars	Converge - The Dusk in Us	3.50 stars
3.50 stars	The Damned - Damned Damned Damned	3.50 stars
4.00 stars	Miles Davis - Get Up With It	3.50 stars
4.00 stars	Richard Dawson - The Magic Bridge	3.50 stars
4.00 stars	Richard Dawson - 2020	4.00 stars
3.50 stars	Death Grips - Government Plates	3.00 stars
3.50 stars	Death Grips - Niggas on the Moon: The Powers That B Disc 1	3.50 stars
3.50 stars	Death Grips - Jenny Death: The Powers That B Disc 2	4.00 stars
3.50 stars	Deerhunter - Fading Frontier	4.50 stars
4.00 stars	Lana Del Rey - Norman Fucking Rockwell!	3.00 stars
4.00 stars	Descendents - Milo Goes to College	4.00 stars
3.00 stars	DJ Nigga Fox - Crânio	3.50 stars
3.50 stars	The Doors - The Doors	4.00 stars
3.50 stars	Nick Drake - Five Leaves Left	4.00 stars
3.50 stars	The Drones - Feelin Kinda Free	4.00 stars
3.50 stars	The Fall - Live at the Witch Trials	4.00 stars
4.00 stars	The Fall - Perverted by Language	3.50 stars
4.00 stars	Fleet Foxes - Crack-Up	4.50 stars
3.50 stars	Ben Frost - By the Throat	4.00 stars
3.50 stars	Fugazi - Repeater	4.00 stars
4.00 stars	Gang of Four - Entertainment!	4.50 stars
3.50 stars	Girls - Album	4.00 stars
4.00 stars	Philip Glass - Glassworks	4.50 stars
3.00 stars	Godspeed You Black Emperor! - Slow Riot for New Zerø Kanada E.P.	4.00 stars
3.00 stars	Grimes - Visions	3.50 stars
4.00 stars	Guided by Voices - Alien Lanes	3.50 stars
3.00 stars	Jon Hassell - Fourth World Volume Two: Dream Theory in Malaya	3.50 stars
3.50 stars	Anna von Hausswolff - Dead Magic	3.50 stars
3.00 stars	Have a Nice Life - The Unnatural World	3.50 stars
4.00 stars	Tim Hecker - Harmony in Ultraviolet	4.00 stars
3.50 stars	Tim Hecker - Virgins	4.50 stars
4.00 stars	Hop Along - Bark Your Head Off, Dog	3.50 stars
3.50 stars	Jon Hopkins - Immunity	4.00 stars
3.50 stars	Hot Snakes - Jericho Sirens	3.50 stars
3.50 stars	Joy Division - Closer	4.00 stars
4.00 stars	Kendrick Lamar - DAMN.	4.00 stars
3.00 stars	LCD Soundsystem - This Is Happening	4.00 stars
3.00 stars	Adrianne Lenker - Abysskiss	4.00 stars
4.00 stars	Love - Forever Changes	4.50 stars
2.50 stars	Magma - Mekanïk Destruktïw Kommandöh	3.50 stars
3.00 stars	MGMT - MGMT	3.00 stars
4.00 stars	MGMT - Little Dark Age	4.00 stars
3.50 stars	The Microphones - The Glow Pt. 2	3.50 stars
4.00 stars	Modest Mouse - This Is a Long Drive for Someone With Nothing to Think About	3.50 stars
3.50 stars	Tony Molina - Kill the Lights	3.50 stars
3.50 stars	Janelle Monáe - The ArchAndroid	4.00 stars
3.50 stars	Janelle Monáe - The Electric Lady	3.50 stars
4.50 stars	Moondog - Moondog	4.00 stars
4.00 stars	Morphine - Cure for Pain	4.50 stars
3.00 stars	Mr. Bungle - Mr. Bungle	4.00 stars
3.50 stars	Little Richard - Here's Little Richard	4.50 stars
4.00 stars	The Ornette Coleman Double Quartet - Free Jazz	3.00 stars
4.00 stars	Mingus - The Black Saint and the Sinner Lady	5.00 stars
3.50 stars	Albert Ayler Trio - Spiritual Unity	3.50 stars
4.00 stars	John Coltrane - A Love Supreme	5.00 stars
3.50 stars	Bob Dylan - Blonde on Blonde	4.50 stars
4.50 stars	The Velvet Underground & Nico - The Velvet Underground & Nico	4.50 stars
3.50 stars	The Beatles - Sgt. Pepper's Lonely Hearts Club Band	4.50 stars
3.50 stars	Leonard Cohen - Songs of Leonard Cohen	4.50 stars
4.00 stars	The Zombies - Odessey and Oracle	5.00 stars
3.50 stars	Os Mutantes - Os Mutantes	4.00 stars
4.00 stars	The Kinks - The Kinks Are the Village Green Preservation Society	4.50 stars
3.50 stars	The Pretty Things - S.F. Sorrow	4.00 stars
4.00 stars	The Velvet Underground - The Velvet Underground	3.50 stars
4.00 stars	Captain Beefheart & His Magic Band - Trout Mask Replica	4.00 stars
3.50 stars	Miles Davis - In a Silent Way	4.50 stars
4.00 stars	The Can - Monster Movie	4.00 stars
4.00 stars	Townes Van Zandt - Townes Van Zandt	3.50 stars
4.50 stars	Scott Engel - Scott 4	4.50 stars
4.00 stars	Exuma - Exuma	4.00 stars
3.50 stars	Syd Barrett - The Madcap Laughs	4.00 stars
3.50 stars	Miles Davis - Bitches Brew	4.00 stars
4.00 stars	Creedence Clearwater Revival - Cosmo's Factory	4.50 stars
3.50 stars	The Stooges - Fun House	4.50 stars
3.00 stars	Amon Düül II - Yeti	3.50 stars
3.50 stars	Nick Drake - Bryter Layter	4.00 stars
3.50 stars	Faust - Faust	4.00 stars
4.00 stars	Serge Gainsbourg - Histoire de Melody Nelson	4.00 stars
3.00 stars	Marvin Gaye - What's Going On	4.00 stars
3.50 stars	The Who - Who's Next	4.00 stars
3.50 stars	T. Rex - Electric Warrior	4.00 stars
4.00 stars	Can - Tago Mago	4.00 stars
4.00 stars	David Bowie - Hunky Dory	4.50 stars
3.50 stars	Popol Vuh - Hosianna Mantra	4.50 stars
4.00 stars	Nick Drake - Pink Moon	5.00 stars
3.00 stars	Big Star - #1 Record	4.00 stars
4.00 stars	David Bowie - The Rise and Fall of Ziggy Stardust and the Spiders From Mars	5.00 stars
3.50 stars	Steely Dan - Can't Buy a Thrill	4.50 stars
4.50 stars	Can - Ege Bamyasi	4.50 stars
3.50 stars	Lou Reed - Transformer	4.00 stars
4.00 stars	Todd Rundgren - A Wizard, A True Star	4.50 stars
3.50 stars	David Bowie - Aladdin Sane	4.00 stars
4.00 stars	Steely Dan - Countdown to Ecstasy	3.50 stars
3.50 stars	Stevie Wonder - Innervisions	4.50 stars
3.50 stars	Can - Future Days	4.50 stars
3.50 stars	Eno - Here Come the Warm Jets	4.00 stars
3.00 stars	Steely Dan - Pretzel Logic	4.00 stars
3.50 stars	Sparks - Kimono My House	4.00 stars
3.50 stars	Neil Young - On the Beach	4.00 stars
3.50 stars	Eno - Taking Tiger Mountain (By Strategy)	4.00 stars
3.50 stars	Bob Dylan - Blood on the Tracks	4.50 stars
3.50 stars	Eno - Another Green World	4.00 stars
3.00 stars	Patti Smith - Horses	3.50 stars
4.00 stars	Stevie Wonder - Songs in the Key of Life	3.50 stars
4.00 stars	David Bowie - Low	5.00 stars
3.50 stars	Fleetwood Mac - Rumours	4.50 stars
4.00 stars	Television - Marquee Moon	5.00 stars
3.50 stars	Kraftwerk - Trans Europa Express	4.00 stars
3.50 stars	Iggy Pop - The Idiot	4.00 stars
3.50 stars	The Clash - The Clash	4.50 stars
4.00 stars	Talking Heads - Talking Heads: 77	4.50 stars
4.00 stars	Suicide - Suicide	4.00 stars
4.50 stars	Wire - Pink Flag	4.50 stars
3.50 stars	Brian Eno - Ambient 1: Music for Airports	4.00 stars
3.50 stars	Kraftwerk - Die Mensch-Maschine	4.00 stars
4.00 stars	Talking Heads - More Songs About Buildings and Food	4.00 stars
4.00 stars	Wire - Chairs Missing	4.50 stars
4.00 stars	Devo - Q: Are We Not Men? A: We Are Devo!	4.50 stars
3.50 stars	Blondie - Parallel Lines	3.50 stars
3.50 stars	Pere Ubu - Dub Housing	4.00 stars
4.00 stars	Public Image Ltd - Public Image	3.50 stars
4.00 stars	Chrome - Half Machine Lip Moves	3.50 stars
3.50 stars	Contortions - Buy	3.50 stars
4.00 stars	The Pop Group - Y	3.50 stars
3.50 stars	Joy Division - Unknown Pleasures	4.00 stars
4.50 stars	The Slits - Cut	4.00 stars
4.00 stars	Wire - 154	4.00 stars
4.00 stars	PiL - Metal Box	4.00 stars
4.00 stars	X - Los Angeles	3.50 stars
3.00 stars	Dexys Midnight Runners - Searching for the Young Soul Rebels	4.00 stars
4.00 stars	Television Personalities - ...And Don't the Kids Just Love It	3.50 stars
3.50 stars	The Cure - Faith	3.50 stars
3.50 stars	Oingo Boingo - Only a Lad	4.00 stars
4.00 stars	This Heat - Deceit	4.00 stars
3.50 stars	Einstürzende Neubauten - Kollaps	3.50 stars
4.00 stars	Glenn Branca - The Ascension	4.00 stars
4.50 stars	The Fall - Hex Enduction Hour	3.50 stars
4.50 stars	Mission of Burma - Vs.	4.50 stars
3.50 stars	Violent Femmes - Violent Femmes	4.00 stars
3.50 stars	R.E.M. - Murmur	4.50 stars
3.50 stars	The Chameleons - Script of the Bridge	3.50 stars
3.50 stars	The The - Soul Mining	3.50 stars
3.50 stars	Butthole Surfers - Psychic...Powerless...Another Man's Sac	3.50 stars
4.00 stars	The Smiths - The Smiths	3.50 stars
4.00 stars	The Replacements - Let It Be	4.00 stars
4.50 stars	Staatsorchester Stuttgart / Lithuanian Chamber Orchestra / The 12 Cellists of the Berlin Philharmonic Orchestra / Dennis Russell Davies / Saulius Sondeckis / Gidon Kremer / Keith Jarrett / Tatjana Grindenko / Alfred Schnittke - Tabula rasa	5.00 stars
3.50 stars	Tears for Fears - Songs From the Big Chair	4.50 stars
3.50 stars	The Smiths - Meat Is Murder	4.00 stars
4.00 stars	The Fall - This Nation's Saving Grace	3.50 stars
3.50 stars	The Jesus and Mary Chain - Psychocandy	3.00 stars
4.00 stars	Metallica - Master of Puppets	5.00 stars
4.00 stars	The Chameleons - Strange Times	4.00 stars
3.50 stars	Slayer - Reign in Blood	4.00 stars
3.50 stars	XTC - Skylarking	4.50 stars
3.50 stars	Big Black - Songs About Fucking	4.00 stars
4.00 stars	Sonic Youth - Daydream Nation	3.50 stars
2.50 stars	The Stone Roses - The Stone Roses	3.50 stars
4.50 stars	Pixies - Doolittle	5.00 stars
3.50 stars	The Cure - Disintegration	4.00 stars
3.50 stars	Beastie Boys - Paul's Boutique	4.50 stars
3.00 stars	Nick Cave & The Bad Seeds - The Good Son	3.50 stars
5.00 stars	Slint - Spiderland	5.00 stars
3.50 stars	Nirvana - Nevermind	4.50 stars
4.00 stars	Talk Talk - Laughing Stock	5.00 stars
5.00 stars	Pavement - Slanted and Enchanted	4.00 stars
3.00 stars	The Nation of Ulysses - Plays Pretty for Baby	4.00 stars
3.00 stars	The Pharcyde - Bizarre Ride II the Pharcyde	4.00 stars
3.50 stars	Slowdive - Souvlaki	3.50 stars
3.00 stars	Fugazi - In on the Kill Taker	3.50 stars
4.00 stars	Unwound - Fake Train	4.00 stars
3.00 stars	Tindersticks - Tindersticks	3.50 stars
4.00 stars	Wu-Tang Clan - Enter the Wu-Tang (36 Chambers)	5.00 stars
4.50 stars	Pavement - Crooked Rain, Crooked Rain	4.50 stars
4.00 stars	Disco Inferno - D. I. Go Pop	3.50 stars
3.50 stars	Unwound - New Plastic Ideas	4.00 stars
4.00 stars	Shellac - At Action Park	3.50 stars
3.50 stars	Death - Symbolic	4.00 stars
3.50 stars	Pavement - Wowee Zowee	3.50 stars
3.00 stars	Supergrass - I Should Coco	3.50 stars
4.50 stars	Three-6 Mafia - Mystic Stylez	4.00 stars
3.50 stars	Fugazi - Red Medicine	4.00 stars
3.50 stars	Autechre - Tri repetae	4.00 stars
4.00 stars	Tortoise - Millions Now Living Will Never Die	3.50 stars
3.50 stars	Stereolab - Emperor Tomato Ketchup	3.50 stars
3.50 stars	Cardiacs - Sing to God	4.00 stars
4.00 stars	Weezer - Pinkerton	5.00 stars
3.50 stars	Swans - Soundtracks for the Blind	4.50 stars
4.00 stars	Aphex Twin - Richard D. James Album	4.00 stars
4.00 stars	Belle and Sebastian - If You're Feeling Sinister	3.50 stars
3.50 stars	DJ Shadow - Endtroducing.....	4.50 stars
3.50 stars	Pavement - Brighten the Corners	4.50 stars
3.00 stars	Elliott Smith - Either / Or	4.00 stars
3.00 stars	Sleater-Kinney - Dig Me Out	3.50 stars
3.00 stars	Spiritualized® - Ladies and Gentlemen We Are Floating in Space	3.50 stars
3.50 stars	Prodigy - The Fat of the Land	4.00 stars
3.00 stars	Björk - Homogenic	4.00 stars
3.00 stars	AIR - Moon Safari	4.00 stars
3.50 stars	Tortoise - TNT	4.00 stars
3.50 stars	Boards of Canada - Music Has the Right to Children	4.00 stars
3.00 stars	Mercury Rev - Deserter's Songs	4.00 stars
4.00 stars	Blur - 13	4.00 stars
3.50 stars	Pavement - Terror Twilight	3.50 stars
3.00 stars	The Get Up Kids - Something to Write Home About	3.50 stars
3.00 stars	Eminem - The Marshall Mathers LP	4.00 stars
4.00 stars	Modest Mouse - The Moon & Antarctica	4.50 stars
3.50 stars	Avey Tare and Panda Bear - Spirit They're Gone Spirit They've Vanished	4.00 stars
3.50 stars	Electric Wizard - Dopethrone	4.00 stars
3.50 stars	Godspeed You Black Emperor! - Lift Yr. Skinny Fists Like Antennas to Heaven!	4.50 stars
4.00 stars	Unwound - Leaves Turn Inside You	4.50 stars
4.50 stars	Fennesz - Endless Summer	3.50 stars
4.00 stars	Converge - Jane Doe	3.50 stars
3.50 stars	Fugazi - The Argument	4.00 stars
3.50 stars	Liars - They Threw Us All in a Trench and Stuck a Monument on Top	3.50 stars
4.50 stars	Wilco - Yankee Hotel Foxtrot	5.00 stars
3.50 stars	Spoon - Kill the Moonlight	4.00 stars
4.00 stars	Interpol - Turn On the Bright Lights	5.00 stars
3.50 stars	Queens of the Stone Age - Songs for the Deaf	4.50 stars
4.00 stars	Broken Social Scene - You Forgot It in People	4.00 stars
3.00 stars	Sigur Rós - ( )	4.00 stars
4.00 stars	the Mountain Goats - Tallahassee	3.50 stars
4.50 stars	Xiu Xiu - A Promise	4.00 stars
4.00 stars	Magnolia Electric Co. - The Magnolia Electric Co.	4.00 stars
3.00 stars	Sleep - Dopesmoker	3.50 stars
4.00 stars	Four Tet - Rounds	4.00 stars
4.00 stars	Boris - Boris at Last -Feedbacker-	4.50 stars
4.00 stars	Madvillain - Madvillainy	5.00 stars
4.00 stars	of Montreal - Satanic Panic in the Attic	4.00 stars
3.50 stars	Animal Collective - Sung Tongs	4.00 stars
3.50 stars	Mastodon - Leviathan	4.50 stars
4.00 stars	Sufjan Stevens - Illinois	4.50 stars
4.00 stars	Animal Collective - Feels	3.50 stars
4.50 stars	Coil - The Ape of Naples	3.50 stars
5.00 stars	J Dilla - Donuts	4.00 stars
3.00 stars	Grizzly Bear - Yellow House	4.00 stars
4.00 stars	Blonde Redhead - 23	4.00 stars
3.50 stars	Battles - Mirrored	4.00 stars
3.50 stars	The National - Boxer	4.50 stars
4.00 stars	Andrew Jackson Jihad - People Who Can Eat People Are the Luckiest People in the World	3.50 stars
4.00 stars	Animal Collective - Strawberry Jam	4.50 stars
4.00 stars	Burial - Untrue	4.00 stars
4.00 stars	MGMT - Oracular Spectacular	4.00 stars
4.00 stars	Have a Nice Life - Deathconsciousness	3.50 stars
2.50 stars	Midori - あらためまして、はじめまして、ミドリです。 (Aratamemashite, hajimemashite, Midori desu.)	3.50 stars
4.50 stars	Fleet Foxes - Fleet Foxes	4.50 stars
4.50 stars	Deerhunter - Microcastle / Weird Era Continued	4.00 stars
4.00 stars	Animal Collective - Merriweather Post Pavilion	4.00 stars
4.00 stars	Death - ...For the Whole World to See	3.00 stars
2.50 stars	The Antlers - Hospice	3.50 stars
3.00 stars	Fever Ray - Fever Ray	3.50 stars
3.50 stars	The Horrors - Primary Colours	4.00 stars
3.00 stars	Passion Pit - Manners	3.50 stars
4.00 stars	The Flaming Lips - Embryonic	4.00 stars
3.50 stars	Tyler, the Creator - Bastard	3.50 stars
3.00 stars	Vampire Weekend - Contra	4.00 stars
3.50 stars	Titus Andronicus - The Monitor	4.00 stars
4.50 stars	MGMT - Congratulations	4.50 stars
3.50 stars	Flying Lotus - Cosmogramma	4.50 stars
3.00 stars	OPN - Returnal	4.00 stars
4.50 stars	Deerhunter - Halcyon Digest	4.50 stars
4.00 stars	Iceage - New Brigade	4.00 stars
3.50 stars	Destroyer - Kaputt	3.50 stars
4.00 stars	Colin Stetson - New History Warfare Vol. 2: Judges	3.50 stars
4.00 stars	Grouper - A I A: Alien Observer	4.00 stars
4.00 stars	Death Grips - Exmilitary	4.00 stars
4.50 stars	Unknown Mortal Orchestra - Unknown Mortal Orchestra	3.50 stars
3.00 stars	Shabazz Palaces - Black Up	4.00 stars
4.00 stars	Kendrick Lamar - Section.80	4.00 stars
4.00 stars	Danny Brown - XXX	4.00 stars
3.50 stars	Real Estate - Days	3.50 stars
3.50 stars	Car Seat Headrest - Twin Fantasy	4.00 stars
4.00 stars	Thee Oh Sees - Carrion Crawler / The Dream EP	3.00 stars
4.00 stars	Mac DeMarco - Rock and Roll Night Club	3.00 stars
3.50 stars	Death Grips - The Money Store	4.50 stars
4.00 stars	Beach House - Bloom	3.50 stars
3.00 stars	Japandroids - Celebration Rock	3.00 stars
4.50 stars	Fiona Apple - The Idler Wheel Is Wiser Than the Driver of the Screw and Whipping Cords Will Serve You More Than Ropes Will Ever Do	4.50 stars
3.50 stars	Frank Ocean - channel ORANGE	4.00 stars
4.00 stars	Grizzly Bear - Shields	4.00 stars
4.00 stars	Death Grips - NO LOVE DEEP WEB	4.00 stars
4.00 stars	Tame Impala - Lonerism	4.00 stars
4.00 stars	Mac DeMarco - 2	4.00 stars
4.00 stars	Kendrick Lamar - good kid, m.A.A.d city	5.00 stars
4.00 stars	Pile - Dripping	3.50 stars
3.50 stars	Tim Hecker & Daniel Lopatin - Instrumental Tourist	3.50 stars
3.00 stars	Fire! Orchestra - Exit!	3.00 stars
3.50 stars	My Bloody Valentine - m b v	3.50 stars
4.00 stars	Iceage - You're Nothing	4.00 stars
3.50 stars	Hookworms - Pearl Mystic	3.00 stars
3.00 stars	James Blake - Overgrown	3.50 stars
4.00 stars	Deerhunter - Monomania	4.00 stars
4.00 stars	Vampire Weekend - Modern Vampires of the City	4.00 stars
3.50 stars	Deafheaven - Sunbather	4.50 stars
3.00 stars	Kanye West - Yeezus	4.00 stars
3.00 stars	Run the Jewels - Run the Jewels	4.00 stars
4.00 stars	Fuck Buttons - Slow Focus	4.00 stars
3.50 stars	Diarrhea Planet - I'm Rich Beyond Your Wildest Dreams	3.00 stars
3.50 stars	Julia Holter - Loud City Song	4.00 stars
3.50 stars	Forest Swords - Engravings	3.50 stars
3.50 stars	Oneohtrix Point Never - R Plus Seven	4.00 stars
3.50 stars	Darkside - Psychic	4.00 stars
4.00 stars	Freddie Gibbs & Madlib - Piñata	4.00 stars
3.50 stars	Cloud Nothings - Here and Nowhere Else	4.00 stars
4.00 stars	Mac DeMarco - Salad Days	3.50 stars
3.00 stars	Todd Terje - It's Album Time	4.00 stars
4.00 stars	Fennesz - Bécs	3.50 stars
4.00 stars	Ought - More Than Any Other Day	4.00 stars
3.00 stars	Ben Frost - A U R O R A	3.50 stars
3.50 stars	Sharon Van Etten - Are We There	4.00 stars
3.50 stars	Parquet Courts - Sunbathing Animal	3.00 stars
4.00 stars	Alex G - DSU	3.50 stars
2.50 stars	Ty Segall - Manipulator	3.50 stars
4.00 stars	Iceage - Plowing Into the Field of Love	4.00 stars
3.50 stars	Run the Jewels - Run the Jewels 2	4.00 stars
3.50 stars	Richard Dawson - Nothing Important	3.00 stars
4.00 stars	Dean Blunt - Black Metal	3.50 stars
4.00 stars	Parkay Quarts - Content Nausea	3.00 stars
4.00 stars	Levon Vincent - Levon Vincent	3.50 stars
3.50 stars	Clarence Clarity - NO NOW	3.50 stars
4.00 stars	Kendrick Lamar - To Pimp a Butterfly	4.50 stars
4.00 stars	Earl Sweatshirt - I Don't Like Shit, I Don't Go Outside	4.00 stars
3.50 stars	Speedy Ortiz - Foil Deer	3.50 stars
3.50 stars	Earl Sweatshirt - Solace	3.00 stars
3.50 stars	Colin Stetson and Sarah Neufeld - Never Were the Way She Was	3.50 stars
3.50 stars	Hop Along - Painted Shut	4.00 stars
3.50 stars	Holly Herndon - Platform	3.50 stars
3.50 stars	Thee Oh Sees - Mutilator Defeated at Last	4.00 stars
4.00 stars	Future - DS2	3.50 stars
4.50 stars	Beach House - Depression Cherry	3.50 stars
4.00 stars	Travis Scott - Rodeo	3.50 stars
4.00 stars	Julia Holter - Have You in My Wilderness	4.00 stars
3.00 stars	Deafheaven - New Bermuda	4.00 stars
4.50 stars	Lil Ugly Mane - Oblivion Access	3.50 stars
4.00 stars	David Bowie - ★ [Blackstar]	4.50 stars
3.50 stars	Kendrick Lamar - untitled unmastered.	4.00 stars
4.50 stars	Denzel Curry - Imperial	3.50 stars
3.50 stars	Tim Hecker - Love Streams	3.50 stars
3.50 stars	Aesop Rock - The Impossible Kid	4.00 stars
4.00 stars	King Gizzard and the Lizard Wizard - Nonagon Infinity	3.50 stars
3.50 stars	Death Grips - Bottomless Pit	3.50 stars
3.50 stars	Radiohead - A Moon Shaped Pool	4.00 stars
3.50 stars	Car Seat Headrest - Teens of Denial	4.00 stars
3.50 stars	The Avalanches - Wildflower	3.50 stars
3.50 stars	Preoccupations - Preoccupations	3.50 stars
3.50 stars	The Caretaker - Everywhere at the End of Time - Stage 1	3.00 stars
4.00 stars	Danny Brown - Atrocity Exhibition	4.00 stars
4.00 stars	A Tribe Called Quest - We got it from Here... Thank You 4 Your service	4.00 stars
3.50 stars	William Basinski - A Shadow in Time	3.00 stars
3.00 stars	King Gizzard and the Lizard Wizard - Flying Microtonal Banana	3.50 stars
4.00 stars	Xiu Xiu - FORGET	3.50 stars
3.50 stars	Blanck Mass - World Eater	3.50 stars
4.00 stars	IDLES - Brutalism	3.50 stars
3.00 stars	Mount Eerie - A Crow Looked at Me	3.50 stars
4.00 stars	Aaron Dilloway - The Gag File	3.00 stars
3.50 stars	Mac DeMarco - This Old Dog	3.50 stars
3.50 stars	Forest Swords - Compassion	3.50 stars
3.50 stars	Girlpool - Powerplant	3.50 stars
4.00 stars	(Sandy) Alex G - Rocket	3.00 stars
4.00 stars	Aldous Harding - Party	3.00 stars
4.00 stars	Richard Dawson - Peasant	4.50 stars
4.00 stars	Brockhampton - Saturation	3.50 stars
3.50 stars	Flotation Toy Warning - The Machine That Made Us	3.50 stars
4.00 stars	Young Thug - Beautiful Thugger Girls	3.00 stars
3.50 stars	Algiers - The Underside of Power	3.50 stars
4.50 stars	Tyler, the Creator - Flower Boy	4.00 stars
3.50 stars	Milo - Who Told You to Think​?​?​!​!​?​!​?​!​?​!	3.50 stars
3.50 stars	Denzel Curry - 13	4.00 stars
5.00 stars	Brockhampton - Saturation II	4.00 stars
3.50 stars	METZ - Strange Peace	3.50 stars
4.00 stars	Protomartyr - Relatives in Descent	3.50 stars
4.00 stars	Iglooghost - Neō Wax Bloom	3.50 stars
4.00 stars	King Krule - The Ooz	3.50 stars
3.50 stars	Bibio - Phantom Brickworks	3.00 stars
4.00 stars	Brockhampton - Saturation III	4.00 stars
3.00 stars	Shame - Songs of Praise	3.50 stars
3.00 stars	Shopping - The Official Body	3.00 stars
4.00 stars	JPEGMAFIA - Veteran	3.50 stars
3.00 stars	Natalia Lafourcade - Musas Vol. 2	3.50 stars
3.50 stars	Car Seat Headrest - Twin Fantasy	4.00 stars
3.00 stars	Against All Logic - 2012 - 2017	3.50 stars
3.00 stars	Kero Kero Bonito - TOTEP	4.00 stars
3.50 stars	Park Jiha - Communion	3.00 stars
3.50 stars	Haley Heynderickx - I Need to Start a Garden	3.50 stars
3.50 stars	Preoccupations - New Material	3.50 stars
3.00 stars	The Voidz - Virtue	3.50 stars
4.00 stars	The Garden - Mirror Might Steal Your Charm	3.00 stars
3.50 stars	Kali Uchis - Isolation	3.50 stars
3.00 stars	Haru Nemuri - 春と修羅 (Haru to Shura)	3.50 stars
3.50 stars	Rival Consoles - Persona	4.00 stars
3.50 stars	Iceage - Beyondless	4.00 stars
4.00 stars	Tropical Fuck Storm - A Laughing Death in Meatspace	4.00 stars
3.50 stars	Playboi Carti - Die Lit	2.50 stars
4.00 stars	Beach House - 7	3.50 stars
3.00 stars	Mary Lattimore - Hundreds of Days	2.50 stars
4.50 stars	Parquet Courts - Wide Awaaaaake!	4.00 stars
4.00 stars	Pusha T - DAYTONA	4.00 stars
3.50 stars	Oneohtrix Point Never - Age Of	3.50 stars
3.00 stars	Kids See Ghosts - Kids See Ghosts	4.00 stars
3.50 stars	Snail Mail - Lush	3.00 stars
3.50 stars	Death Grips - Year of the Snitch	3.50 stars
3.50 stars	Deafheaven - Ordinary Corrupt Human Love	3.50 stars
3.50 stars	Denzel Curry - TA13OO	3.50 stars
3.50 stars	Mid-Air Thief - 무너지기 (Crumbling)	4.00 stars
4.50 stars	Travis Scott - Astroworld	3.50 stars
3.00 stars	Iglooghost - Clear Tamei	4.00 stars
4.00 stars	Mitski - Be the Cowboy	4.00 stars
3.50 stars	Blood Orange - Negro Swan	3.00 stars
3.00 stars	KEN mode - Loved	3.50 stars
3.50 stars	IDLES - Joy as an Act of Resistance.	3.50 stars
3.50 stars	Yves Tumor - Safe in the Hands of Love	3.50 stars
3.50 stars	Low - Double Negative	3.00 stars
3.00 stars	Tim Hecker - Konoyo	4.00 stars
3.50 stars	Viagra Boys - Street Worms	3.00 stars
3.50 stars	Kero Kero Bonito - Time 'n' Place	4.00 stars
3.50 stars	Cloud Nothings - Last Building Burning	3.50 stars
3.00 stars	Unknown Mortal Orchestra - IC-01 Hanoi	3.50 stars
3.50 stars	Julia Holter - Aviary	3.50 stars
3.50 stars	Daughters - You Won't Get What You Want	4.00 stars
4.50 stars	Earl Sweatshirt - Some Rap Songs	4.00 stars
3.00 stars	Sharon Van Etten - Remind Me Tomorrow	3.50 stars
3.50 stars	Steve Gunn - The Unseen in Between	3.00 stars
3.50 stars	Deerhunter - Why Hasn't Everything Already Disappeared?	3.00 stars
3.50 stars	Malibu Ken - Malibu Ken	3.50 stars
3.50 stars	Black to Comm - Seven Horses for Seven Kings	3.50 stars
3.50 stars	Girlpool - What Chaos Is Imaginary	3.00 stars
3.50 stars	Jessica Pratt - Quiet Signs	3.00 stars
3.50 stars	Xiu Xiu - Girl With Basket of Fruit	3.50 stars
3.50 stars	Spellling - Mazy Fly	3.50 stars
4.00 stars	Little Simz - Grey Area	4.00 stars
3.50 stars	The Caretaker - Everywhere at the End of Time - Stage 6	4.00 stars
4.00 stars	The Comet Is Coming - Trust in the Lifeforce of the Deep Mystery	3.50 stars
3.50 stars	Fennesz - Agora	3.50 stars
3.50 stars	Quelle Chris - Guns	3.50 stars
4.00 stars	Weyes Blood - Titanic Rising	4.00 stars
3.50 stars	Lizzo - Cuz I Love You	3.00 stars
2.50 stars	Otoboke Beaver - Itekoma Hits	3.00 stars
3.00 stars	Vampire Weekend - Father of the Bride	3.50 stars
3.50 stars	Big Thief - U.F.O.F.	4.00 stars
3.50 stars	Tim Hecker - Anoyo	3.00 stars
3.00 stars	Carly Rae Jepsen - Dedicated	3.50 stars
3.50 stars	Injury Reserve - Injury Reserve	3.50 stars
3.50 stars	Tyler, the Creator - Igor	3.50 stars
4.00 stars	Denzel Curry - ZUU	3.50 stars
4.00 stars	Freddie Gibbs & Madlib - Bandana	3.50 stars
3.00 stars	LINGUA IGNOTA - Caligula	3.50 stars
4.00 stars	Tropical Fuck Storm - Braindrops	3.00 stars
4.00 stars	(Sandy) Alex G - House of Sugar	3.50 stars
2.50 stars	Kacey Musgraves - Golden Hour	3.50 stars
4.00 stars	My Bloody Valentine - Loveless	3.50 stars
3.00 stars	Neutral Milk Hotel - On Avery Island	4.00 stars
4.00 stars	Neutral Milk Hotel - In the Aeroplane Over the Sea	5.00 stars
3.50 stars	The New Pornographers - Twin Cinema	4.00 stars
4.00 stars	Joanna Newsom - Ys	4.00 stars
3.00 stars	No Age - Snares Like a Haircut	3.00 stars
4.00 stars	of Montreal - Hissing Fauna, Are You the Destroyer?	4.50 stars
3.50 stars	The Olivia Tremor Control - Music From the Unrealized Film Script, Dusk at Cubist Castle	3.50 stars
4.00 stars	Angel Olsen - Burn Your Fire for No Witness	3.50 stars
3.00 stars	Omni - Multi-Task	3.50 stars
4.00 stars	Oneohtrix Point Never - Replica	4.50 stars
4.00 stars	Ought - Sun Coming Down	4.00 stars
3.50 stars	Ought - Room Inside the World	3.00 stars
4.00 stars	OutKast - ATLiens	4.50 stars
3.50 stars	Oxbow - Thin Black Duke	4.00 stars
3.50 stars	Palm - Rock Island	3.00 stars
3.50 stars	Jai Paul - Leak 04-13 (Bait Ones)	3.00 stars
4.00 stars	Pere Ubu - The Modern Dance	4.50 stars
3.50 stars	Perfume Genius - Put Your Back N 2 It	3.50 stars
4.00 stars	Pile - Green and Gray	3.50 stars
4.00 stars	Ariel Pink - Pom Pom	3.50 stars
3.50 stars	Ariel Pink - Dedicated to Bobby Jameson	3.50 stars
4.00 stars	Pink Floyd - The Piper at the Gates of Dawn	4.00 stars
3.50 stars	Pink Floyd - The Dark Side of the Moon	4.50 stars
4.00 stars	Jessica Pratt - On Your Own Love Again	4.00 stars
4.00 stars	Viet Cong - Cassette	3.50 stars
4.00 stars	Viet Cong - Viet Cong	4.50 stars
3.50 stars	Protomartyr - Under Color of Official Right	4.00 stars
4.00 stars	Protomartyr - The Agent Intellect	4.00 stars
4.00 stars	Protomartyr - Consolation E.P.	4.00 stars
3.00 stars	Public Enemy - It Takes a Nation of Millions to Hold Us Back	4.00 stars
4.00 stars	Radiohead - OK Computer	5.00 stars
4.00 stars	Radiohead - Kid A	5.00 stars
3.50 stars	The Raincoats - The Raincoats	3.50 stars
3.50 stars	Jay Reatard - Blood Visions	4.50 stars
4.00 stars	Otis Redding - Otis Blue: Otis Redding Sings Soul	5.00 stars
3.50 stars	R.E.M. - Reckoning	4.00 stars
3.50 stars	Residents - Meet the Residents	4.00 stars
3.50 stars	Rolling Blackouts C.F. - Hope Downs	3.50 stars
3.00 stars	Skee Mask - Compro	3.50 stars
3.50 stars	The Smiths - Hatful of Hollow	4.00 stars
4.00 stars	The Smiths - The Queen Is Dead	4.00 stars
3.00 stars	Soccer Mommy - Clean	3.00 stars
3.50 stars	SOPHIE - Oil of Every Pearl's Un-Insides	3.50 stars
4.00 stars	The Sound - Jeopardy	3.50 stars
4.00 stars	Steely Dan - Aja	4.50 stars
4.00 stars	Sufjan Stevens - Carrie & Lowell	4.00 stars
3.50 stars	Andy Stott - Faith in Strangers	3.50 stars
2.50 stars	Sun Kil Moon - Benji	3.50 stars
3.50 stars	Sunn O))) - Monoliths & Dimensions	4.00 stars
4.00 stars	Thinking Fellers Union Local 282 - Strangers From the Universe	3.50 stars
4.00 stars	This Heat - This Heat	3.50 stars
3.50 stars	Throbbing Gristle - 20 Jazz Funk Greats	3.50 stars
3.50 stars	TV on the Radio - Return to Cookie Mountain	4.00 stars
3.50 stars	Unknown Mortal Orchestra - II	3.50 stars
3.50 stars	Unknown Mortal Orchestra - Multi-Love	4.50 stars
3.00 stars	U.S. Girls - In a Poem Unlimited	3.50 stars
4.00 stars	Various Artists - No New York	4.00 stars
4.00 stars	The Velvet Underground - White Light / White Heat	4.50 stars
3.00 stars	The Velvet Underground - Loaded	4.00 stars
3.50 stars	Tom Waits - Swordfishtrombones	4.50 stars
3.50 stars	Tom Waits - Bone Machine	4.50 stars
3.50 stars	Marlon Williams - Make Way for Love	3.50 stars
4.00 stars	Wipers - Youth of America	4.50 stars
4.50 stars	Women - Women	3.50 stars
rental and mrmute05 disagree: (66)
rental	Album	mrmute05
4.00 stars	William Basinski - The Disintegration Loops	2.50 stars
3.50 stars	David Bowie - Station to Station	5.00 stars
3.00 stars	Fishmans - 98.12.28 男達の別れ (98.12.28 Otokotachi no Wakare)	5.00 stars
2.50 stars	The Mars Volta - Amputechture	4.50 stars
3.50 stars	Curtis Mayfield - Superfly	5.00 stars
3.50 stars	Menomena - Friend and Foe	5.00 stars
3.00 stars	Joni Mitchell - Blue	5.00 stars
3.50 stars	Mobb Deep - The Infamous	5.00 stars
3.50 stars	Miles Davis - Kind of Blue	5.00 stars
3.50 stars	Bob Dylan - Highway 61 Revisited	5.00 stars
3.00 stars	Ennio Morricone - Il buono, il brutto, il cattivo	5.00 stars
3.00 stars	The Jimi Hendrix Experience - Are You Experienced	5.00 stars
3.00 stars	Captain Beefheart and His Magic Band - Safe as Milk	4.50 stars
3.50 stars	Van Morrison - Astral Weeks	5.00 stars
2.50 stars	Led Zeppelin - Led Zeppelin	4.00 stars
3.00 stars	Frank Zappa - Hot Rats	5.00 stars
3.00 stars	Black Sabbath - Master of Reality	4.50 stars
3.00 stars	NEU! - NEU! '75	4.50 stars
3.00 stars	Elvis Costello - This Year's Model	5.00 stars
3.00 stars	Magazine - Real Life	4.50 stars
3.50 stars	Talking Heads - Fear of Music	5.00 stars
3.00 stars	Kraftwerk - Computerwelt	4.50 stars
3.00 stars	Michael Jackson - Thriller	4.50 stars
2.50 stars	U2 - War	4.00 stars
3.50 stars	Prince and The Revolution - Purple Rain	5.00 stars
5.00 stars	Minutemen - Double Nickels on the Dime	3.50 stars
3.00 stars	Prince - Sign "☮" the Times	4.50 stars
3.50 stars	Pixies - Surfer Rosa	5.00 stars
3.00 stars	Primus - Sailing the Seas of Cheese	4.50 stars
2.50 stars	Red Hot Chili Peppers - Blood Sugar Sex Magik	4.00 stars
3.50 stars	A Tribe Called Quest - The Low End Theory	5.00 stars
3.00 stars	Rage Against the Machine - Rage Against the Machine	4.50 stars
3.00 stars	Smashing Pumpkins - Siamese Dream	4.50 stars
3.50 stars	Nick Cave and The Bad Seeds - Let Love In	5.00 stars
3.50 stars	Nas - Illmatic	5.00 stars
3.00 stars	Sunny Day Real Estate - Diary	4.50 stars
3.50 stars	Weezer - Weezer [Blue Album]	5.00 stars
5.00 stars	Guided by Voices - Bee Thousand	3.50 stars
3.50 stars	Portishead - Dummy	5.00 stars
3.00 stars	Beck - Odelay	4.50 stars
3.00 stars	Fishmans - Long Season	4.50 stars
3.50 stars	Built to Spill - Perfect From Now On	5.00 stars
3.50 stars	Modest Mouse - The Lonesome Crowded West	5.00 stars
2.50 stars	Bonnie 'Prince' Billy - I See a Darkness	4.00 stars
3.00 stars	Built to Spill - Keep It Like a Secret	5.00 stars
3.00 stars	Sigur Rós - Ágætis byrjun	5.00 stars
3.50 stars	The Flaming Lips - The Soft Bulletin	5.00 stars
3.50 stars	The Dismemberment Plan - Emergency & I	5.00 stars
3.00 stars	Björk - Vespertine	4.50 stars
3.00 stars	Aesop Rock - Labor Days	4.50 stars
3.00 stars	Spoon - Ga Ga Ga Ga Ga	4.50 stars
5.00 stars	Women - Public Strain	3.50 stars
3.50 stars	Kanye West - My Beautiful Dark Twisted Fantasy	5.00 stars
4.00 stars	The Caretaker - An Empty Bliss Beyond This World	2.50 stars
4.50 stars	The Men - Open Your Heart	2.50 stars
5.00 stars	Parquet Courts - Light Up Gold	3.50 stars
3.00 stars	Swans - The Seer	4.50 stars
3.00 stars	D'Angelo and The Vanguard - Black Messiah	4.50 stars
4.50 stars	Zs - Xe	3.00 stars
2.00 stars	Swans - The Glowing Man	3.50 stars
5.00 stars	Frank Ocean - Blonde	3.50 stars
5.00 stars	Amen Dunes - Freedom	3.50 stars
2.00 stars	Pink Floyd - Wish You Were Here	5.00 stars
3.00 stars	Lou Reed - Berlin	4.50 stars
3.50 stars	Talking Heads - Remain in Light	5.00 stars
3.50 stars	Tom Waits - Rain Dogs	5.00 stars
