rental	Album	profty
3.50 stars	Adolescents - Adolescents	3.50 stars
3.50 stars	Agent Orange - Living in Darkness	4.00 stars
3.00 stars	American Football - American Football	4.00 stars
3.50 stars	Aphex Twin - Selected Ambient Works 85-92	4.50 stars
3.00 stars	Armand Hammer - Paraffin	3.50 stars
4.00 stars	William Basinski - The Disintegration Loops	4.00 stars
3.50 stars	William Basinski - The Disintegration Loops II	4.00 stars
3.50 stars	William Basinski - The Disintegration Loops III	4.50 stars
3.50 stars	William Basinski - The Disintegration Loops IV	4.00 stars
3.00 stars	Baths - Cerulean	3.00 stars
3.50 stars	Bauhaus - In the Flat Field	3.50 stars
4.00 stars	The Beach Boys - Pet Sounds	4.00 stars
4.00 stars	Beat Happening - You Turn Me On	3.00 stars
4.00 stars	The Beatles - Abbey Road	5.00 stars
4.00 stars	black midi - Schlagenheim	4.00 stars
3.00 stars	James Blake - Assume Form	3.50 stars
4.00 stars	Art Blakey and The Jazz Messengers - Art Blakey and The Jazz Messengers [Moanin']	4.50 stars
3.50 stars	Boards of Canada - Geogaddi	4.50 stars
3.50 stars	Boards of Canada - The Campfire Headphase	4.00 stars
3.00 stars	Boredoms - Super æ	3.50 stars
3.50 stars	Boris - flood	4.00 stars
3.50 stars	David Bowie - Station to Station	4.50 stars
3.50 stars	David Bowie - "Heroes"	4.00 stars
3.50 stars	Brockhampton - Iridescence	3.50 stars
3.00 stars	Tim Buckley - Goodbye and Hello	3.50 stars
4.00 stars	Tim Buckley - Starsailor	4.00 stars
4.00 stars	Burial - Street Halo	4.00 stars
3.50 stars	Kate Bush - Hounds of Love	4.50 stars
4.00 stars	Can - Soundtracks	4.00 stars
3.00 stars	The Cars - The Cars	4.00 stars
3.50 stars	Chuck Person - Chuck Person's Eccojams Vol. 1	3.50 stars
4.00 stars	Cloud Nothings - Attack on Memory	3.50 stars
3.50 stars	Cocteau Twins - Head Over Heels	3.50 stars
4.00 stars	Cocteau Twins - Heaven or Las Vegas	4.00 stars
4.50 stars	Coil - Horse Rotorvator	4.00 stars
4.00 stars	Coil - Musick to Play in the Dark	3.00 stars
4.00 stars	Lloyd Cole and The Commotions - Rattlesnakes	3.50 stars
5.00 stars	Ornette Coleman - The Shape of Jazz to Come	4.00 stars
4.00 stars	Comus - First Utterance	5.00 stars
3.50 stars	Converge - The Dusk in Us	4.00 stars
4.00 stars	Denzel Curry - Zuu	3.00 stars
3.50 stars	The Damned - Damned Damned Damned	3.50 stars
3.50 stars	Daughters - Daughters	3.50 stars
4.00 stars	Miles Davis - Get Up With It	4.00 stars
3.50 stars	Death Grips - Government Plates	3.00 stars
3.50 stars	Death Grips - Niggas on the Moon: The Powers That B Disc 1	3.50 stars
3.50 stars	Death Grips - Jenny Death: The Powers That B Disc 2	4.00 stars
4.00 stars	Descendents - Milo Goes to College	3.00 stars
3.50 stars	Dirty Three - Ocean Songs	4.00 stars
4.00 stars	DJ Screw - Bigtyme Vol II: All Screwed Up	4.50 stars
3.50 stars	The Doors - The Doors	4.50 stars
3.50 stars	Nick Drake - Five Leaves Left	4.00 stars
4.00 stars	The Durutti Column - LC	3.50 stars
4.00 stars	Earth - The Bees Made Honey in the Lion's Skull	3.50 stars
3.00 stars	Delroy Edwards - 4 Club Use Only	3.50 stars
3.50 stars	John Fahey - Volume 5: The Transfiguration of Blind Joe Death	4.00 stars
3.50 stars	The Fall - Live at the Witch Trials	4.00 stars
4.00 stars	The Fall - Slates	3.50 stars
4.00 stars	The Fall - Perverted by Language	4.00 stars
3.00 stars	Fishmans - 98.12.28 男達の別れ (98.12.28 Otokotachi no Wakare)	4.00 stars
4.00 stars	Fleet Foxes - Crack-Up	3.50 stars
3.50 stars	Flipper - Album: Generic Flipper	3.50 stars
2.50 stars	Foals - Total Life Forever	3.50 stars
3.50 stars	Ben Frost - By the Throat	3.00 stars
3.50 stars	Fuck Buttons - Tarot Sport	3.50 stars
3.50 stars	Fugazi - Repeater	4.00 stars
4.00 stars	Gang of Four - Entertainment!	4.50 stars
4.00 stars	Philip Glass - Glassworks	4.00 stars
4.00 stars	Philip Glass - Koyaanisqatsi	3.50 stars
4.00 stars	The Go-Betweens - Liberty Belle and the Black Diamond Express	3.50 stars
3.00 stars	Grimes - Visions	3.50 stars
3.50 stars	Grouper - Dragging a Dead Deer Up a Hill	3.50 stars
4.00 stars	Guided by Voices - Alien Lanes	3.50 stars
3.50 stars	Anna von Hausswolff - Dead Magic	3.50 stars
3.00 stars	Have a Nice Life - The Unnatural World	3.50 stars
4.00 stars	Tim Hecker - Harmony in Ultraviolet	4.00 stars
3.50 stars	Tim Hecker - Virgins	3.50 stars
4.50 stars	Hella - Hold Your Horse Is	3.50 stars
3.50 stars	Jon Hopkins - Immunity	3.50 stars
3.50 stars	Hüsker Dü - Everything Falls Apart	3.00 stars
4.00 stars	Hüsker Dü - New Day Rising	3.50 stars
3.00 stars	Jesu - Jesu	4.00 stars
3.50 stars	Joy Division - Closer	4.50 stars
4.00 stars	Kendrick Lamar - DAMN.	4.00 stars
3.00 stars	LCD Soundsystem - This Is Happening	3.50 stars
4.00 stars	Love - Forever Changes	4.00 stars
3.50 stars	Low - Things We Lost in the Fire	4.00 stars
4.00 stars	Machinedrum - Room(s)	3.00 stars
3.50 stars	Curtis Mayfield - Superfly	4.50 stars
3.50 stars	mclusky - The Difference Between Me and You Is That I'm Not on Fire	4.00 stars
4.00 stars	Metallica - Ride the Lightning	4.00 stars
4.00 stars	MGMT - Little Dark Age	3.50 stars
3.50 stars	The Microphones - The Glow Pt. 2	4.00 stars
3.50 stars	Minutemen - Buzz or Howl Under the Influence of Heat	4.00 stars
3.00 stars	Joni Mitchell - Blue	4.00 stars
3.50 stars	Mobb Deep - The Infamous	4.50 stars
4.00 stars	Modest Mouse - This Is a Long Drive for Someone With Nothing to Think About	4.00 stars
3.50 stars	Janelle Monáe - The ArchAndroid	4.00 stars
3.50 stars	Janelle Monáe - The Electric Lady	3.50 stars
3.00 stars	|M|O|O|N| - MOON EP	3.50 stars
4.50 stars	Moondog - Moondog	4.00 stars
4.00 stars	Morphine - Cure for Pain	3.50 stars
3.00 stars	Mr. Bungle - Mr. Bungle	3.00 stars
3.50 stars	Miles Davis - Kind of Blue	4.50 stars
3.50 stars	John Coltrane - My Favorite Things	4.00 stars
4.00 stars	The Ornette Coleman Double Quartet - Free Jazz	3.50 stars
4.00 stars	Mingus - The Black Saint and the Sinner Lady	5.00 stars
3.50 stars	Albert Ayler Trio - Spiritual Unity	4.50 stars
4.00 stars	John Coltrane - A Love Supreme	4.50 stars
3.50 stars	The Sonics - Here Are The Sonics!!!	4.00 stars
3.50 stars	Bob Dylan - Bringing It All Back Home	4.00 stars
3.50 stars	Bob Dylan - Highway 61 Revisited	4.00 stars
3.50 stars	Nina Simone - Pastel Blues	4.00 stars
4.50 stars	Jackson C. Frank - Jackson C. Frank	4.00 stars
3.50 stars	Bob Dylan - Blonde on Blonde	4.00 stars
3.00 stars	Love - Da Capo	3.50 stars
3.50 stars	Komeda Quintet - Astigmatic	4.00 stars
3.00 stars	Ennio Morricone - Il buono, il brutto, il cattivo	4.00 stars
3.00 stars	The Byrds - Younger Than Yesterday	4.00 stars
4.50 stars	The Velvet Underground & Nico - The Velvet Underground & Nico	4.50 stars
3.00 stars	The Jimi Hendrix Experience - Are You Experienced	4.00 stars
3.50 stars	The Beatles - Sgt. Pepper's Lonely Hearts Club Band	4.50 stars
3.50 stars	The Kinks - Something Else by The Kinks	4.50 stars
3.50 stars	Leonard Cohen - Songs of Leonard Cohen	3.50 stars
4.00 stars	The Zombies - Odessey and Oracle	4.00 stars
3.50 stars	The Millennium - Begin	4.50 stars
4.00 stars	The Kinks - The Kinks Are the Village Green Preservation Society	4.00 stars
3.50 stars	Technical Space Composer's Crew - Canaxis 5	4.00 stars
4.00 stars	The Velvet Underground - The Velvet Underground	4.50 stars
3.50 stars	Tim Buckley - Happy Sad	3.50 stars
4.00 stars	Captain Beefheart & His Magic Band - Trout Mask Replica	4.00 stars
4.00 stars	The Can - Monster Movie	4.00 stars
3.00 stars	The Stooges - The Stooges	4.00 stars
4.00 stars	Townes Van Zandt - Townes Van Zandt	4.50 stars
4.50 stars	Scott Engel - Scott 4	4.50 stars
3.50 stars	The Kinks - Arthur or the Decline and Fall of the British Empire	4.00 stars
3.50 stars	Fairport Convention - Liege & Lief	4.00 stars
4.00 stars	Exuma - Exuma	4.00 stars
3.00 stars	Crosby, Stills, Nash & Young - Déjà vu	4.00 stars
3.50 stars	Miles Davis - Bitches Brew	4.00 stars
4.00 stars	Creedence Clearwater Revival - Cosmo's Factory	4.50 stars
3.50 stars	The Stooges - Fun House	4.00 stars
3.50 stars	Tim Buckley - Lorca	4.00 stars
3.00 stars	Amon Düül II - Yeti	4.00 stars
3.50 stars	Nick Drake - Bryter Layter	3.50 stars
3.50 stars	Captain Beefheart & The Magic Band - Lick My Decals Off, Baby	3.50 stars
3.50 stars	Chico Buarque - Construção	4.00 stars
3.50 stars	Faust - Faust	4.50 stars
4.00 stars	Serge Gainsbourg - Histoire de Melody Nelson	4.00 stars
3.00 stars	Marvin Gaye - What's Going On	4.00 stars
3.50 stars	The Who - Who's Next	4.00 stars
3.50 stars	T. Rex - Electric Warrior	4.00 stars
4.00 stars	Can - Tago Mago	4.50 stars
4.00 stars	David Bowie - Hunky Dory	4.00 stars
3.50 stars	Popol Vuh - Hosianna Mantra	4.00 stars
4.00 stars	Fela & The Africa 70 - Roforofo Fight	4.00 stars
3.50 stars	Pharoah Sanders - Black Unity	4.50 stars
4.00 stars	Nick Drake - Pink Moon	4.00 stars
3.00 stars	Big Star - #1 Record	4.00 stars
4.00 stars	Milton Nascimento & Lô Borges - Clube da Esquina	4.00 stars
4.00 stars	David Bowie - The Rise and Fall of Ziggy Stardust and the Spiders From Mars	4.50 stars
3.50 stars	Steely Dan - Can't Buy a Thrill	3.50 stars
4.50 stars	Can - Ege Bamyasi	4.50 stars
4.00 stars	Novos Baianos - Acabou chorare	4.00 stars
3.50 stars	Lou Reed - Transformer	4.00 stars
4.00 stars	Iggy and The Stooges - Raw Power	4.50 stars
3.50 stars	David Bowie - Aladdin Sane	3.50 stars
4.00 stars	Steely Dan - Countdown to Ecstasy	3.50 stars
3.50 stars	Stevie Wonder - Innervisions	4.00 stars
3.50 stars	Eno - Here Come the Warm Jets	4.00 stars
3.00 stars	Steely Dan - Pretzel Logic	3.50 stars
3.50 stars	Sparks - Kimono My House	3.50 stars
3.50 stars	Eno - Taking Tiger Mountain (By Strategy)	4.00 stars
3.00 stars	NEU! - NEU! '75	3.00 stars
3.50 stars	Bob Dylan - Blood on the Tracks	4.50 stars
3.50 stars	Eno - Another Green World	4.50 stars
3.00 stars	Patti Smith - Horses	4.00 stars
4.00 stars	R. Stevie Moore - Phonography	3.50 stars
4.00 stars	Stevie Wonder - Songs in the Key of Life	4.00 stars
3.50 stars	Fela Anikulapo Kuti and Afrika 70 - Zombie	4.00 stars
4.00 stars	David Bowie - Low	4.00 stars
3.50 stars	Fleetwood Mac - Rumours	4.00 stars
4.00 stars	Television - Marquee Moon	5.00 stars
3.50 stars	Kraftwerk - Trans Europa Express	4.00 stars
3.50 stars	Iggy Pop - The Idiot	4.50 stars
3.50 stars	The Stranglers - Stranglers IV (Rattus Norvegicus)	3.50 stars
3.50 stars	The Clash - The Clash	4.00 stars
4.00 stars	Talking Heads - Talking Heads: 77	4.00 stars
4.00 stars	Ramones - Rocket to Russia	4.00 stars
4.00 stars	Suicide - Suicide	4.00 stars
4.50 stars	Wire - Pink Flag	4.00 stars
3.50 stars	Brian Eno - Ambient 1: Music for Airports	3.50 stars
3.00 stars	Elvis Costello - This Year's Model	4.00 stars
3.50 stars	Kraftwerk - Die Mensch-Maschine	4.00 stars
3.00 stars	Magazine - Real Life	4.00 stars
4.00 stars	Talking Heads - More Songs About Buildings and Food	4.00 stars
4.00 stars	Wire - Chairs Missing	4.50 stars
4.00 stars	Devo - Q: Are We Not Men? A: We Are Devo!	3.50 stars
3.50 stars	Pere Ubu - Dub Housing	4.00 stars
4.00 stars	Public Image Ltd - Public Image	3.50 stars
4.00 stars	Black Flag - Nervous Breakdown	3.50 stars
4.00 stars	Chrome - Half Machine Lip Moves	3.50 stars
3.50 stars	Stiff Little Fingers - Inflammable Material	4.00 stars
3.50 stars	Contortions - Buy	3.50 stars
4.00 stars	The Pop Group - Y	4.00 stars
3.50 stars	Joy Division - Unknown Pleasures	4.00 stars
3.50 stars	Talking Heads - Fear of Music	4.00 stars
4.50 stars	The Slits - Cut	4.00 stars
3.50 stars	Buzzcocks - Singles Going Steady	4.00 stars
4.00 stars	Wire - 154	4.00 stars
4.00 stars	The Damned - Machine Gun Etiquette	4.00 stars
4.00 stars	PiL - Metal Box	4.00 stars
3.50 stars	Germs - (GI)	4.00 stars
3.50 stars	Maanam - Maanam	4.00 stars
4.00 stars	Suicide - Alan Vega · Martin Rev	3.50 stars
3.50 stars	Young Marble Giants - Colossal Youth	4.00 stars
3.50 stars	The Feelies - Crazy Rhythms	4.00 stars
3.50 stars	Tuxedomoon - Half-Mute	3.00 stars
4.00 stars	The Cramps - Songs the Lord Taught Us	3.00 stars
4.00 stars	X - Los Angeles	3.50 stars
4.00 stars	The Soft Boys - Underwater Moonlight	4.00 stars
3.50 stars	Dead Kennedys - Fresh Fruit for Rotting Vegetables	4.00 stars
3.00 stars	Circle Jerks - Group Sex	3.00 stars
3.00 stars	Prince - Dirty Mind	3.50 stars
3.50 stars	The Jam - Sound Affects	3.50 stars
4.00 stars	Television Personalities - ...And Don't the Kids Just Love It	3.00 stars
4.00 stars	Tuxedomoon - Desire	3.50 stars
3.50 stars	The Cure - Faith	4.00 stars
3.00 stars	Kraftwerk - Computerwelt	4.00 stars
4.50 stars	Mission of Burma - Signals, Calls, and Marches	4.00 stars
4.00 stars	The Gun Club - Fire of Love	3.50 stars
4.00 stars	This Heat - Deceit	5.00 stars
3.50 stars	Einstürzende Neubauten - Kollaps	3.50 stars
4.00 stars	Glenn Branca - The Ascension	3.50 stars
3.50 stars	Misfits - Walk Among Us	4.00 stars
4.50 stars	The Fall - Hex Enduction Hour	4.00 stars
4.00 stars	Discharge - Hear Nothing See Nothing Say Nothing	4.00 stars
4.00 stars	The Gun Club - Miami	3.00 stars
4.50 stars	Mission of Burma - Vs.	4.00 stars
3.50 stars	Dead Kennedys - Plastic Surgery Disasters	4.00 stars
3.00 stars	Michael Jackson - Thriller	4.00 stars
3.50 stars	Minutemen - What Makes a Man Start Fires?	4.00 stars
3.50 stars	Djeli Moussa Diawara - Yasimika	4.00 stars
3.50 stars	Sonic-Youth - Confusion Is Sex	3.00 stars
3.50 stars	Violent Femmes - Violent Femmes	3.50 stars
3.50 stars	R.E.M. - Murmur	4.00 stars
3.00 stars	New Order - Power, Corruption & Lies	4.00 stars
3.50 stars	Butthole Surfers - Butthole Surfers	3.50 stars
3.50 stars	The Chameleons - Script of the Bridge	4.00 stars
3.50 stars	Butthole Surfers - Psychic...Powerless...Another Man's Sac	3.00 stars
4.00 stars	The Smiths - The Smiths	4.00 stars
4.50 stars	Meat Puppets - Meat Puppets II	3.50 stars
3.50 stars	Prince and The Revolution - Purple Rain	4.00 stars
4.00 stars	Hüsker Dü - Zen Arcade	4.00 stars
4.00 stars	The Replacements - Let It Be	3.50 stars
4.50 stars	Staatsorchester Stuttgart / Lithuanian Chamber Orchestra / The 12 Cellists of the Berlin Philharmonic Orchestra / Dennis Russell Davies / Saulius Sondeckis / Gidon Kremer / Keith Jarrett / Tatjana Grindenko / Alfred Schnittke - Tabula rasa	5.00 stars
5.00 stars	Minutemen - Double Nickels on the Dime	4.00 stars
4.00 stars	Cocteau Twins - Treasure	4.50 stars
3.50 stars	The Smiths - Meat Is Murder	3.50 stars
3.50 stars	Sonic-Youth - Bad Moon Rising	3.00 stars
3.50 stars	Hüsker Dü - Flip Your Wig	3.00 stars
4.00 stars	The Fall - This Nation's Saving Grace	4.50 stars
3.50 stars	The Jesus and Mary Chain - Psychocandy	3.50 stars
4.00 stars	CCCP Fedeli alla Linea - Affinità-divergenze fra il compagno Togliatti e noi: Del conseguimento della maggiore età	3.50 stars
4.00 stars	Big Black - Atomizer	4.00 stars
3.00 stars	Talk Talk - The Colour of Spring	3.50 stars
4.00 stars	Metallica - Master of Puppets	4.00 stars
3.50 stars	Sonic Youth - EVOL	4.00 stars
4.00 stars	The Chameleons - Strange Times	3.50 stars
3.50 stars	The Fall - Bend Sinister	3.50 stars
3.50 stars	Slayer - Reign in Blood	4.50 stars
3.50 stars	XTC - Skylarking	3.50 stars
3.50 stars	Hüsker Dü - Warehouse: Songs and Stories	3.00 stars
3.00 stars	Prince - Sign "☮" the Times	4.00 stars
3.50 stars	Einstürzende Neubauten - Fünf auf der nach oben offenen Richterskala	4.00 stars
4.50 stars	Dinosaur - You're Living All Over Me	4.00 stars
3.50 stars	Big Black - Songs About Fucking	3.50 stars
3.00 stars	Nuno Canavarro - Plux Quba	4.00 stars
4.00 stars	Galaxie 500 - Today	3.50 stars
3.50 stars	Pixies - Surfer Rosa	4.50 stars
3.50 stars	Cocteau Twins - Blue Bell Knoll	3.50 stars
4.00 stars	Sonic Youth - Daydream Nation	5.00 stars
3.50 stars	Dinosaur Jr - Bug	3.50 stars
3.50 stars	My Bloody Valentine - Isn't Anything	3.50 stars
4.00 stars	Kronos Quartet / Pat Metheny - Different Trains; Electric Counterpoint	4.00 stars
4.50 stars	Pixies - Doolittle	4.50 stars
3.50 stars	The Cure - Disintegration	4.50 stars
3.50 stars	Beastie Boys - Paul's Boutique	4.00 stars
4.00 stars	NoMeansNo - Wrong	4.50 stars
3.50 stars	Godflesh - Streetcleaner	4.00 stars
3.00 stars	Nick Cave & The Bad Seeds - The Good Son	3.50 stars
3.50 stars	Sonic Youth - Goo	3.50 stars
3.50 stars	Ride - Nowhere	3.50 stars
3.50 stars	Drive Like Jehu - Drive Like Jehu	3.50 stars
4.00 stars	The Jesus Lizard - Goat	3.50 stars
5.00 stars	Slint - Spiderland	5.00 stars
3.50 stars	Nirvana - Nevermind	4.00 stars
3.50 stars	A Tribe Called Quest - The Low End Theory	4.50 stars
4.00 stars	Talk Talk - Laughing Stock	5.00 stars
3.50 stars	God - Possession	4.00 stars
5.00 stars	Pavement - Slanted and Enchanted	4.50 stars
3.50 stars	London Sinfonietta / David Zinman / Dawn Upshaw - Symphony No. 3	4.50 stars
3.00 stars	The Nation of Ulysses - Plays Pretty for Baby	4.00 stars
3.50 stars	Red House Painters - Down Colorful Hill	4.00 stars
4.00 stars	The Jesus Lizard - Liar	3.50 stars
3.00 stars	Rage Against the Machine - Rage Against the Machine	4.00 stars
4.50 stars	Moss Icon - Lyburnum Wits End Liberation Fly	3.50 stars
3.50 stars	Slowdive - Souvlaki	4.50 stars
3.00 stars	Fugazi - In on the Kill Taker	4.00 stars
4.00 stars	Unwound - Fake Train	3.50 stars
3.00 stars	Smashing Pumpkins - Siamese Dream	3.50 stars
4.50 stars	Yo La Tengo - Painful	3.50 stars
3.00 stars	Tindersticks - Tindersticks	4.00 stars
4.00 stars	Wu-Tang Clan - Enter the Wu-Tang (36 Chambers)	4.50 stars
3.00 stars	Autechre - Incunabula	3.50 stars
3.50 stars	Auktyon - Птица	4.50 stars
4.50 stars	Pavement - Crooked Rain, Crooked Rain	5.00 stars
4.00 stars	Low - I Could Live in Hope	4.50 stars
4.00 stars	Disco Inferno - D. I. Go Pop	3.50 stars
3.50 stars	Unwound - New Plastic Ideas	4.00 stars
3.50 stars	Nick Cave and The Bad Seeds - Let Love In	4.00 stars
3.00 stars	Sunny Day Real Estate - Diary	3.50 stars
3.50 stars	Weezer - Weezer [Blue Album]	3.00 stars
3.00 stars	Scorn - Evanescence	4.00 stars
3.50 stars	Kyuss - Kyuss [Welcome to Sky Valley]	4.00 stars
5.00 stars	Guided by Voices - Bee Thousand	4.00 stars
3.50 stars	Portishead - Dummy	4.50 stars
4.00 stars	Sebadoh - Bakesale	3.50 stars
4.00 stars	Shellac - At Action Park	3.50 stars
3.50 stars	Autechre - Amber	3.50 stars
4.00 stars	Oval - 94 Diskont	3.50 stars
3.00 stars	Slowdive - Pygmalion	4.00 stars
3.50 stars	Death - Symbolic	4.50 stars
4.00 stars	Tindersticks - Tindersticks [II]	3.50 stars
3.50 stars	Pavement - Wowee Zowee	4.00 stars
3.50 stars	Unwound - The Future of What	4.00 stars
4.50 stars	Three-6 Mafia - Mystic Stylez	3.50 stars
3.50 stars	Fugazi - Red Medicine	4.50 stars
3.50 stars	Don Caballero - Don Caballero 2	3.50 stars
3.50 stars	Sonic Youth - Washing Machine	3.50 stars
3.50 stars	Autechre - Tri repetae	4.00 stars
3.50 stars	Ground-Zero - 革命京劇 Revolutionary Pekinese Opera Ver.1.28 (Kakumeikyōgeki)	3.50 stars
4.00 stars	Tortoise - Millions Now Living Will Never Die	3.50 stars
3.50 stars	Sixteen Horsepower - Sackcloth 'n' Ashes	4.00 stars
3.50 stars	Stereolab - Emperor Tomato Ketchup	4.00 stars
3.50 stars	Unwound - Repetition	4.00 stars
3.00 stars	Beck - Odelay	4.00 stars
3.50 stars	Eels - Beautiful Freak	3.00 stars
3.50 stars	Swans - Soundtracks for the Blind	4.00 stars
3.00 stars	Fishmans - Long Season	4.00 stars
4.00 stars	Aphex Twin - Richard D. James Album	4.00 stars
3.50 stars	Labradford - Labradford	4.00 stars
4.00 stars	Belle and Sebastian - If You're Feeling Sinister	3.50 stars
3.50 stars	DJ Shadow - Endtroducing.....	4.50 stars
3.50 stars	Built to Spill - Perfect From Now On	4.00 stars
3.50 stars	Pavement - Brighten the Corners	4.00 stars
3.00 stars	Sleater-Kinney - Dig Me Out	3.50 stars
4.00 stars	Yo La Tengo - I Can Hear the Heart Beating as One	3.50 stars
3.00 stars	Squarepusher - Hard Normal Daddy	3.00 stars
3.00 stars	Spiritualized® - Ladies and Gentlemen We Are Floating in Space	3.50 stars
3.50 stars	Prodigy - The Fat of the Land	3.50 stars
3.00 stars	Björk - Homogenic	4.00 stars
3.50 stars	Modest Mouse - The Lonesome Crowded West	3.50 stars
4.00 stars	Eliane Radigue - Trilogie de la mort	3.50 stars
3.50 stars	Unwound - Challenge for a Civilized Society	4.00 stars
3.00 stars	AIR - Moon Safari	3.50 stars
3.50 stars	GAS - Zauberberg	4.50 stars
3.50 stars	Duster - Stratosphere	4.00 stars
3.50 stars	Tortoise - TNT	4.00 stars
4.00 stars	Don Caballero - What Burns Never Returns	3.50 stars
3.00 stars	Mercury Rev - Deserter's Songs	3.50 stars
3.50 stars	GAS - Königsforst	4.00 stars
2.50 stars	Bonnie 'Prince' Billy - I See a Darkness	3.00 stars
3.00 stars	Built to Spill - Keep It Like a Secret	4.00 stars
4.00 stars	Blur - 13	3.50 stars
3.50 stars	Pavement - Terror Twilight	3.50 stars
3.50 stars	The Flaming Lips - The Soft Bulletin	4.00 stars
3.00 stars	The Get Up Kids - Something to Write Home About	3.00 stars
3.50 stars	The Dismemberment Plan - Emergency & I	3.50 stars
4.00 stars	Jim O'Rourke - Halfway to a Threeway	3.50 stars
3.50 stars	Yo La Tengo - And Then Nothing Turned Itself Inside-Out	4.00 stars
3.00 stars	Dirty Three - Whatever You Love, You Are	3.50 stars
3.00 stars	Eminem - The Marshall Mathers LP	3.00 stars
3.50 stars	Luomo - Vocalcity	3.50 stars
4.00 stars	Modest Mouse - The Moon & Antarctica	4.00 stars
3.50 stars	Avey Tare and Panda Bear - Spirit They're Gone Spirit They've Vanished	3.50 stars
3.50 stars	Electric Wizard - Dopethrone	4.00 stars
3.00 stars	PJ Harvey - Stories From the City, Stories From the Sea	3.50 stars
3.50 stars	Jan Jelinek - Loop-finding-jazz-records	3.50 stars
4.00 stars	Unwound - Leaves Turn Inside You	5.00 stars
3.00 stars	Cannibal Ox - The Cold Vein	4.00 stars
3.00 stars	pageninetynine - Document #8	3.50 stars
4.50 stars	Fennesz - Endless Summer	4.00 stars
3.00 stars	maudlin of the Well - Bath	4.00 stars
3.00 stars	Björk - Vespertine	4.00 stars
3.00 stars	Sparklehorse - It's a Wonderful Life	4.00 stars
4.00 stars	Converge - Jane Doe	5.00 stars
3.00 stars	Aesop Rock - Labor Days	3.50 stars
3.50 stars	Fugazi - The Argument	4.50 stars
3.50 stars	Liars - They Threw Us All in a Trench and Stuck a Monument on Top	3.50 stars
3.50 stars	Hood - Cold House	3.50 stars
3.00 stars	Tim Hecker - Haunt Me, Haunt Me Do It Again	4.00 stars
3.50 stars	...And You Will Know Us by the Trail of Dead - Source Tags & Codes	3.50 stars
4.50 stars	Wilco - Yankee Hotel Foxtrot	4.00 stars
3.00 stars	Carissa's Wierd - Songs About Leaving	3.50 stars
3.50 stars	Spoon - Kill the Moonlight	3.50 stars
4.00 stars	Interpol - Turn On the Bright Lights	4.50 stars
3.00 stars	The Dillinger Escape Plan with Mike Patton - Irony Is a Dead Scene	3.50 stars
3.50 stars	Queens of the Stone Age - Songs for the Deaf	4.00 stars
4.00 stars	Broken Social Scene - You Forgot It in People	4.00 stars
3.00 stars	Bohren & der Club of Gore - Black Earth	4.00 stars
4.00 stars	Supersilent - 6	4.00 stars
3.50 stars	The Microphones - Mount Eerie	4.00 stars
4.00 stars	Magnolia Electric Co. - The Magnolia Electric Co.	4.50 stars
3.50 stars	M. Ward - Transfiguration of Vincent	3.50 stars
4.00 stars	Deerhoof - Apple O'	3.00 stars
3.00 stars	Sleep - Dopesmoker	3.50 stars
4.00 stars	Four Tet - Rounds	4.00 stars
3.50 stars	Boris - あくまのうた (Akuma no Uta)	4.00 stars
3.00 stars	Sweet Trip - Velocity : Design : Comfort	3.50 stars
3.00 stars	Gridlock - Formless	3.50 stars
4.00 stars	Boris - Boris at Last -Feedbacker-	4.50 stars
3.00 stars	Max Richter - The Blue Notebooks	4.00 stars
3.50 stars	Liars - They Were Wrong, So We Drowned	3.00 stars
4.00 stars	Madvillain - Madvillainy	4.50 stars
3.50 stars	Devendra Banhart - Rejoicing in the Hands	3.50 stars
3.50 stars	Animal Collective - Sung Tongs	3.50 stars
3.50 stars	Mastodon - Leviathan	4.50 stars
2.50 stars	Bloc Party - Silent Alarm	3.50 stars
4.00 stars	Sufjan Stevens - Illinois	3.50 stars
4.00 stars	Animal Collective - Feels	3.50 stars
4.00 stars	Boris - Pink	4.00 stars
4.50 stars	Coil - The Ape of Naples	5.00 stars
3.50 stars	Sibylle Baier - Colour Green	3.50 stars
3.00 stars	Grizzly Bear - Yellow House	3.50 stars
3.50 stars	Troum & All Sides - Shutûn	4.00 stars
3.50 stars	Stars of the Lid - And Their Refinement of the Decline	3.50 stars
3.50 stars	Battles - Mirrored	3.00 stars
3.50 stars	The National - Boxer	3.50 stars
3.00 stars	Spoon - Ga Ga Ga Ga Ga	3.50 stars
3.50 stars	Jens Lekman - Night Falls Over Kortedala	3.50 stars
4.00 stars	Animal Collective - Strawberry Jam	3.00 stars
4.00 stars	Burial - Untrue	4.50 stars
4.00 stars	MGMT - Oracular Spectacular	3.50 stars
4.00 stars	Have a Nice Life - Deathconsciousness	3.50 stars
3.50 stars	Beach House - Devotion	3.50 stars
2.50 stars	Cut Copy - In Ghost Colours	3.50 stars
4.50 stars	Fleet Foxes - Fleet Foxes	3.50 stars
4.50 stars	Deerhunter - Microcastle / Weird Era Continued	3.50 stars
2.50 stars	The Antlers - Hospice	3.50 stars
3.00 stars	Fever Ray - Fever Ray	3.50 stars
3.00 stars	ROME - Flowers From Exile	4.00 stars
3.00 stars	Converge - Axe to Fall	4.00 stars
3.00 stars	Vampire Weekend - Contra	2.50 stars
3.00 stars	Four Tet - There Is Love in You	3.50 stars
4.50 stars	Beach House - Teen Dream	3.50 stars
3.50 stars	Flying Lotus - Cosmogramma	4.50 stars
4.00 stars	Ariel Pink's Haunted Graffiti - Before Today	3.00 stars
3.00 stars	OPN - Returnal	3.00 stars
3.00 stars	Nails - Unsilent Death	3.50 stars
4.50 stars	Deerhunter - Halcyon Digest	3.50 stars
3.50 stars	Kanye West - My Beautiful Dark Twisted Fantasy	4.00 stars
3.00 stars	Sandwell District - Feed-Forward	3.50 stars
4.00 stars	Colin Stetson - New History Warfare Vol. 2: Judges	3.50 stars
4.00 stars	Grouper - A I A: Alien Observer	3.50 stars
4.00 stars	Death Grips - Exmilitary	3.50 stars
3.00 stars	Giles Corey - Giles Corey	3.00 stars
3.50 stars	Keaton Henson - Dear	3.50 stars
4.00 stars	The Caretaker - An Empty Bliss Beyond This World	4.00 stars
3.50 stars	SBTRKT - SBTRKT	3.50 stars
3.00 stars	Shabazz Palaces - Black Up	3.00 stars
4.00 stars	Kendrick Lamar - Section.80	4.00 stars
4.00 stars	Danny Brown - XXX	3.50 stars
3.50 stars	Car Seat Headrest - Twin Fantasy	3.50 stars
4.00 stars	Lil Ugly Mane - Mista Thug Isolation	3.00 stars
3.50 stars	Death Grips - The Money Store	4.00 stars
4.00 stars	Beach House - Bloom	3.50 stars
3.50 stars	Frank Ocean - channel ORANGE	3.50 stars
3.00 stars	Wild Nothing - Nocturne	3.50 stars
4.00 stars	Grizzly Bear - Shields	3.50 stars
4.00 stars	Death Grips - NO LOVE DEEP WEB	3.50 stars
4.00 stars	Tame Impala - Lonerism	3.50 stars
3.50 stars	Converge - All We Love We Leave Behind	3.50 stars
4.00 stars	Mac DeMarco - 2	3.50 stars
4.00 stars	Kendrick Lamar - good kid, m.A.A.d city	4.50 stars
4.00 stars	Lil Ugly Mane - Uneven Compromise	4.00 stars
3.00 stars	Fire! Orchestra - Exit!	4.00 stars
3.50 stars	My Bloody Valentine - m b v	3.50 stars
3.00 stars	James Blake - Overgrown	3.50 stars
4.00 stars	Vampire Weekend - Modern Vampires of the City	3.50 stars
3.50 stars	Deafheaven - Sunbather	3.00 stars
3.00 stars	Kanye West - Yeezus	4.00 stars
3.00 stars	Run the Jewels - Run the Jewels	3.50 stars
4.00 stars	Fuck Buttons - Slow Focus	3.50 stars
3.50 stars	Forest Swords - Engravings	3.50 stars
3.50 stars	Oneohtrix Point Never - R Plus Seven	3.50 stars
3.50 stars	Darkside - Psychic	3.00 stars
3.00 stars	Ricky Eat Acid - Three Love Songs	2.50 stars
4.00 stars	Freddie Gibbs & Madlib - Piñata	4.00 stars
3.50 stars	Cloud Nothings - Here and Nowhere Else	3.00 stars
4.00 stars	Mac DeMarco - Salad Days	3.50 stars
3.00 stars	Todd Terje - It's Album Time	3.50 stars
4.00 stars	Fennesz - Bécs	4.00 stars
3.00 stars	Ben Frost - A U R O R A	4.00 stars
3.50 stars	Run the Jewels - Run the Jewels 2	3.50 stars
3.00 stars	２８１４ - 新しい日の誕生 (Atarashī hi no tanjō)	3.50 stars
4.00 stars	Kendrick Lamar - To Pimp a Butterfly	5.00 stars
4.00 stars	Earl Sweatshirt - I Don't Like Shit, I Don't Go Outside	3.00 stars
3.50 stars	Colin Stetson and Sarah Neufeld - Never Were the Way She Was	4.00 stars
3.50 stars	Chelsea Wolfe - Abyss	3.50 stars
4.50 stars	Beach House - Depression Cherry	3.50 stars
4.00 stars	Travis Scott - Rodeo	3.00 stars
3.00 stars	Deafheaven - New Bermuda	3.00 stars
3.50 stars	Floating Points - Elaenia	3.50 stars
3.50 stars	SOPHIE - Product	3.50 stars
3.50 stars	Batushka - Литургия (Litourgiya)	4.00 stars
4.50 stars	Lil Ugly Mane - Oblivion Access	3.50 stars
4.00 stars	David Bowie - ★ [Blackstar]	4.00 stars
3.50 stars	Kendrick Lamar - untitled unmastered.	4.00 stars
4.50 stars	Denzel Curry - Imperial	3.50 stars
3.50 stars	Tim Hecker - Love Streams	3.00 stars
3.50 stars	Xiu Xiu - Plays the Music of Twin Peaks	3.50 stars
4.00 stars	King Gizzard and the Lizard Wizard - Nonagon Infinity	3.00 stars
3.50 stars	Death Grips - Bottomless Pit	3.50 stars
3.50 stars	Radiohead - A Moon Shaped Pool	4.50 stars
3.50 stars	Car Seat Headrest - Teens of Denial	3.50 stars
3.50 stars	The Avalanches - Wildflower	3.50 stars
3.00 stars	Blood Orange - Freetown Sound	3.00 stars
3.50 stars	Young Thug - JEFFERY	3.00 stars
4.00 stars	Danny Brown - Atrocity Exhibition	4.00 stars
4.00 stars	A Tribe Called Quest - We got it from Here... Thank You 4 Your service	4.00 stars
3.50 stars	William Basinski - A Shadow in Time	3.50 stars
3.50 stars	Bedwetter - Volume 1: Flick Your Tongue Against Your Teeth and Describe the Present.	4.00 stars
3.00 stars	King Gizzard and the Lizard Wizard - Flying Microtonal Banana	3.00 stars
3.50 stars	Schwefelgelb - Dahinter das Gesicht	3.50 stars
3.50 stars	Blanck Mass - World Eater	3.50 stars
4.00 stars	IDLES - Brutalism	3.50 stars
3.00 stars	Mount Eerie - A Crow Looked at Me	3.00 stars
3.50 stars	Forest Swords - Compassion	3.50 stars
4.00 stars	Richard Dawson - Peasant	4.00 stars
4.00 stars	Brockhampton - Saturation	3.50 stars
4.00 stars	Young Thug - Beautiful Thugger Girls	3.00 stars
4.50 stars	Tyler, the Creator - Flower Boy	3.50 stars
3.50 stars	Milo - Who Told You to Think​?​?​!​!​?​!​?​!​?​!	3.50 stars
3.50 stars	Denzel Curry - 13	3.50 stars
5.00 stars	Brockhampton - Saturation II	4.00 stars
4.00 stars	Protomartyr - Relatives in Descent	3.00 stars
4.00 stars	Iglooghost - Neō Wax Bloom	3.00 stars
4.00 stars	King Krule - The Ooz	3.50 stars
4.00 stars	Brockhampton - Saturation III	4.00 stars
3.00 stars	Pendant - Make Me Know You Sweet	3.00 stars
4.00 stars	JPEGMAFIA - Veteran	3.00 stars
3.00 stars	Natalia Lafourcade - Musas Vol. 2	4.00 stars
3.50 stars	Car Seat Headrest - Twin Fantasy	3.50 stars
3.00 stars	Against All Logic - 2012 - 2017	3.50 stars
3.00 stars	The Voidz - Virtue	3.50 stars
3.50 stars	Kali Uchis - Isolation	3.00 stars
4.00 stars	Tropical Fuck Storm - A Laughing Death in Meatspace	4.00 stars
3.50 stars	Playboi Carti - Die Lit	3.00 stars
4.00 stars	Beach House - 7	3.50 stars
4.00 stars	Pusha T - DAYTONA	4.00 stars
3.00 stars	Kids See Ghosts - Kids See Ghosts	4.00 stars
3.50 stars	Death Grips - Year of the Snitch	3.50 stars
3.50 stars	Deafheaven - Ordinary Corrupt Human Love	3.50 stars
3.50 stars	Denzel Curry - TA13OO	3.50 stars
3.50 stars	Mid-Air Thief - 무너지기 (Crumbling)	3.50 stars
4.00 stars	Mitski - Be the Cowboy	3.00 stars
3.50 stars	IDLES - Joy as an Act of Resistance.	3.50 stars
3.00 stars	Tim Hecker - Konoyo	4.00 stars
3.50 stars	Daughters - You Won't Get What You Want	4.00 stars
4.50 stars	Earl Sweatshirt - Some Rap Songs	3.50 stars
4.00 stars	Little Simz - Grey Area	3.50 stars
3.50 stars	The Caretaker - Everywhere at the End of Time - Stage 6	3.50 stars
4.00 stars	The Comet Is Coming - Trust in the Lifeforce of the Deep Mystery	3.50 stars
3.50 stars	Quelle Chris - Guns	3.50 stars
4.00 stars	Weyes Blood - Titanic Rising	3.50 stars
2.50 stars	Otoboke Beaver - Itekoma Hits	3.50 stars
3.50 stars	Tim Hecker - Anoyo	3.50 stars
3.50 stars	Injury Reserve - Injury Reserve	3.50 stars
3.50 stars	Tyler, the Creator - Igor	3.50 stars
4.00 stars	Freddie Gibbs & Madlib - Bandana	4.00 stars
4.00 stars	Tropical Fuck Storm - Braindrops	4.00 stars
3.00 stars	Murcof - Martes	4.00 stars
4.00 stars	My Bloody Valentine - Loveless	4.50 stars
4.00 stars	Neutral Milk Hotel - In the Aeroplane Over the Sea	4.00 stars
4.00 stars	Joanna Newsom - Ys	4.00 stars
3.50 stars	The Olivia Tremor Control - Music From the Unrealized Film Script, Dusk at Cubist Castle	3.50 stars
4.00 stars	Oneohtrix Point Never - Replica	3.50 stars
4.00 stars	OutKast - ATLiens	4.00 stars
3.50 stars	Oxbow - Thin Black Duke	4.00 stars
3.50 stars	Jai Paul - Leak 04-13 (Bait Ones)	4.50 stars
3.50 stars	Pavement - Watery, Domestic	4.00 stars
4.00 stars	Pere Ubu - The Modern Dance	5.00 stars
4.00 stars	Ariel Pink - Pom Pom	3.00 stars
3.50 stars	Ariel Pink - Dedicated to Bobby Jameson	3.00 stars
4.00 stars	Pink Floyd - The Piper at the Gates of Dawn	3.50 stars
3.50 stars	Pink Floyd - The Dark Side of the Moon	4.50 stars
3.00 stars	Public Enemy - It Takes a Nation of Millions to Hold Us Back	4.00 stars
4.00 stars	Radiohead - OK Computer	5.00 stars
4.00 stars	Radiohead - Kid A	4.50 stars
4.00 stars	Ramones - Ramones	3.50 stars
4.00 stars	Otis Redding - Otis Blue: Otis Redding Sings Soul	4.00 stars
4.00 stars	The Red Crayola with The Familiar Ugly - The Parable of Arable Land	4.00 stars
3.00 stars	Lou Reed - Berlin	4.00 stars
3.50 stars	Steve Reich - Music for 18 Musicians	4.00 stars
3.50 stars	R.E.M. - Reckoning	3.50 stars
3.50 stars	R.E.M. - Lifes Rich Pageant	4.00 stars
3.50 stars	Residents - Meet the Residents	3.50 stars
3.00 stars	Catherine Ribeiro + Alpes - Paix	4.00 stars
3.50 stars	Terry Riley - In C	4.00 stars
3.00 stars	Terry Riley - A Rainbow in Curved Air	3.50 stars
2.50 stars	Rosetta - The Galilean Satellites	3.50 stars
3.00 stars	Skee Mask - Compro	3.50 stars
3.50 stars	The Smiths - Hatful of Hollow	4.00 stars
4.00 stars	The Smiths - The Queen Is Dead	4.00 stars
3.50 stars	The Sonic Youth - Sister	4.00 stars
3.50 stars	Sonic Youth - Dirty	3.50 stars
3.50 stars	SOPHIE - Oil of Every Pearl's Un-Insides	3.50 stars
4.00 stars	The Sound - Jeopardy	4.00 stars
4.00 stars	Stars of the Lid - The Tired Sounds Of	4.00 stars
4.00 stars	Steely Dan - Aja	4.00 stars
3.50 stars	Stereolab - Mars Audiac Quintet	3.50 stars
4.00 stars	Sufjan Stevens - Carrie & Lowell	4.00 stars
3.50 stars	Andy Stott - Faith in Strangers	3.50 stars
2.50 stars	Sun Kil Moon - Benji	3.50 stars
3.50 stars	Sunn O))) - Monoliths & Dimensions	3.00 stars
4.00 stars	Swell Maps - A Trip to Marineville	3.50 stars
4.00 stars	Swell Maps - ...In "Jane From Occupied Europe"	3.50 stars
3.50 stars	Talking Heads - Remain in Light	4.50 stars
4.00 stars	Talk Talk - Spirit of Eden	4.50 stars
4.00 stars	This Heat - This Heat	4.50 stars
3.50 stars	This Heat - Health and Efficiency	4.00 stars
3.00 stars	Throbbing Gristle - The Second Annual Report	3.00 stars
3.50 stars	Throbbing Gristle - 20 Jazz Funk Greats	3.50 stars
3.50 stars	TV on the Radio - Return to Cookie Mountain	3.50 stars
3.00 stars	U.S. Girls - In a Poem Unlimited	3.50 stars
3.50 stars	Townes Van Zandt - The Late Great Townes Van Zandt	4.00 stars
4.00 stars	Various Artists - No New York	3.50 stars
3.50 stars	Various Artists - Mono no aware	3.50 stars
4.00 stars	The Velvet Underground - White Light / White Heat	4.00 stars
3.00 stars	The Velvet Underground - Loaded	4.00 stars
3.50 stars	Tom Waits - Swordfishtrombones	4.00 stars
3.50 stars	Tom Waits - Rain Dogs	4.00 stars
3.50 stars	Scott Walker - Scott 2	3.50 stars
3.50 stars	Windy & Carl - Drawing of Sound	4.00 stars
3.50 stars	A Winged Victory for the Sullen - A Winged Victory for the Sullen	3.50 stars
4.00 stars	Wipers - Is This Real?	4.00 stars
4.00 stars	Wipers - Youth of America	4.50 stars
3.50 stars	X - Under the Big Black Sun	3.00 stars
3.50 stars	АЛ-90 - КОД-915913	4.00 stars
rental and profty disagree: (44)
rental	Album	profty
3.50 stars	Bark Psychosis - Hex	5.00 stars
3.00 stars	Godspeed You Black Emperor! - Slow Riot for New Zerø Kanada E.P.	5.00 stars
2.50 stars	Magma - Mekanïk Destruktïw Kommandöh	4.00 stars
3.00 stars	Charlie Mingus - Blues & Roots	4.50 stars
3.00 stars	Captain Beefheart and His Magic Band - Safe as Milk	4.50 stars
3.00 stars	The Peter Brötzmann Octet - Machine Gun	4.50 stars
3.50 stars	Van Morrison - Astral Weeks	5.00 stars
2.50 stars	Led Zeppelin - Led Zeppelin	4.50 stars
3.50 stars	Pharoah Sanders - Karma	5.00 stars
3.50 stars	Miles Davis - In a Silent Way	5.00 stars
3.00 stars	Frank Zappa - Hot Rats	4.50 stars
3.00 stars	Black Sabbath - Master of Reality	4.50 stars
3.50 stars	Can - Future Days	5.00 stars
3.50 stars	Neil Young - On the Beach	5.00 stars
5.00 stars	Wipers - Over the Edge	3.50 stars
2.50 stars	U2 - War	4.00 stars
2.50 stars	The Stone Roses - The Stone Roses	4.00 stars
3.00 stars	Slowdive - Just for a Day	4.50 stars
3.00 stars	The Pharcyde - Bizarre Ride II the Pharcyde	4.50 stars
3.50 stars	Nas - Illmatic	5.00 stars
3.00 stars	Burzum - Filosofem	4.50 stars
4.00 stars	Weezer - Pinkerton	2.00 stars
3.00 stars	Elliott Smith - Either / Or	4.50 stars
3.50 stars	Boards of Canada - Music Has the Right to Children	5.00 stars
3.00 stars	Gorguts - Obscura	4.50 stars
3.00 stars	Sigur Rós - Ágætis byrjun	4.50 stars
3.50 stars	Godspeed You Black Emperor! - Lift Yr. Skinny Fists Like Antennas to Heaven!	5.00 stars
5.00 stars	Life Without Buildings - Any Other City	3.50 stars
4.50 stars	Xiu Xiu - Knife Play	3.00 stars
3.00 stars	Sigur Rós - ( )	4.50 stars
4.50 stars	Xiu Xiu - A Promise	3.00 stars
5.00 stars	J Dilla - Donuts	3.50 stars
4.00 stars	Animal Collective - Merriweather Post Pavilion	2.50 stars
3.50 stars	Burial + Four Tet - Moth / Wolf Cub	5.00 stars
3.50 stars	James Ferraro - Far Side Virtual	2.00 stars
3.50 stars	Burial - Kindred EP	5.00 stars
5.00 stars	Parquet Courts - Light Up Gold	3.50 stars
3.00 stars	Swans - The Seer	4.50 stars
5.00 stars	Holden - The Inheritors	3.50 stars
3.00 stars	D'Angelo and The Vanguard - Black Messiah	4.50 stars
2.00 stars	Swans - The Glowing Man	4.00 stars
5.00 stars	Frank Ocean - Blonde	3.50 stars
4.00 stars	of Montreal - Hissing Fauna, Are You the Destroyer?	2.50 stars
2.00 stars	Pink Floyd - Wish You Were Here	5.00 stars