rental	Album	Aveybear
3.50 stars	Adolescents - Adolescents	3.50 stars
3.00 stars	American Football - American Football	4.00 stars
4.00 stars	Animal Collective - Fall Be Kind	4.00 stars
3.50 stars	Aphex Twin - Selected Ambient Works 85-92	4.00 stars
4.00 stars	Arcade Fire - Funeral	4.50 stars
3.00 stars	Armand Hammer - Paraffin	3.00 stars
3.00 stars	The Band - The Band	3.50 stars
3.50 stars	Bark Psychosis - Hex	4.00 stars
3.50 stars	Bauhaus - In the Flat Field	3.00 stars
4.00 stars	The Beach Boys - Pet Sounds	4.50 stars
4.00 stars	Beat Happening - You Turn Me On	3.50 stars
3.50 stars	The Beatles - Abbey Road	4.50 stars
4.00 stars	Belle & Sebastian - Dear Catastrophe Waitress	3.50 stars
3.00 stars	James Blake - Assume Form	3.00 stars
3.50 stars	Art Blakey and The Jazz Messengers - Art Blakey and The Jazz Messengers [Moanin']	4.00 stars
3.50 stars	Boards of Canada - Geogaddi	4.00 stars
3.50 stars	Boards of Canada - The Campfire Headphase	4.00 stars
4.00 stars	The Books - The Lemon of Pink	3.50 stars
3.00 stars	Boredoms - Super æ	3.00 stars
3.50 stars	Boris - flood	4.50 stars
3.50 stars	David Bowie - "Heroes"	4.00 stars
3.00 stars	Brockhampton - Iridescence	3.50 stars
3.00 stars	Tim Buckley - Goodbye and Hello	3.50 stars
4.00 stars	Tim Buckley - Starsailor	4.00 stars
4.00 stars	Can - Soundtracks	3.50 stars
3.00 stars	The Cars - The Cars	3.50 stars
3.00 stars	Nick Cave & The Bad Seeds - Skeleton Tree	4.00 stars
3.00 stars	The Church - Starfish	3.50 stars
4.00 stars	Cloud Nothings - Attack on Memory	4.00 stars
3.50 stars	Cocteau Twins - Head Over Heels	3.50 stars
3.50 stars	Cocteau Twins - Heaven or Las Vegas	4.50 stars
3.50 stars	Coil - Musick to Play in the Dark	4.00 stars
4.00 stars	Comus - First Utterance	4.50 stars
3.50 stars	Miles Davis - Get Up With It	4.00 stars
4.00 stars	Richard Dawson - 2020	3.50 stars
3.50 stars	Dead Kennedys - Fresh Fruit for Rotting Vegetables	4.00 stars
3.50 stars	Death Grips - No Love Deep Web	4.00 stars
3.50 stars	Death Grips - Government Plates	3.50 stars
3.50 stars	Death Grips - Niggas on the Moon: The Powers That B Disc 1	4.00 stars
4.00 stars	Death Grips - Jenny Death: The Powers That B Disc 2	4.00 stars
4.00 stars	Deerhunter - Cryptograms	3.00 stars
3.50 stars	Deerhunter - Fading Frontier	3.00 stars
4.00 stars	Lana Del Rey - Norman Fucking Rockwell!	3.50 stars
3.50 stars	Dinosaur Jr. - Beyond	3.50 stars
3.50 stars	Dirty Three - Ocean Songs	3.00 stars
3.50 stars	The Doors - The Doors	4.00 stars
3.50 stars	Nick Drake - Five Leaves Left	4.00 stars
4.50 stars	The Drones - Wait Long by the River and the Bodies of Your Enemies Will Float By	4.00 stars
4.00 stars	The Drones - Feelin Kinda Free	3.50 stars
4.00 stars	The Durutti Column - LC	3.00 stars
4.00 stars	Earth - The Bees Made Honey in the Lion's Skull	3.00 stars
3.50 stars	John Fahey - Fare Forward Voyagers (Soldier's Choice)	4.50 stars
3.50 stars	FKA twigs - Magdalene	4.00 stars
4.00 stars	Fleet Foxes - Crack-Up	4.00 stars
3.50 stars	Flipper - Album: Generic Flipper	3.50 stars
3.50 stars	Fontaines D.C. - Dogrel	3.00 stars
3.50 stars	Fugazi - Repeater	3.50 stars
3.50 stars	Future - Monster	3.50 stars
4.00 stars	Alex G - Beach Music	3.00 stars
4.00 stars	Gang of Four - Entertainment!	4.00 stars
3.00 stars	Girl Band - Holding Hands With Jamie	3.00 stars
4.50 stars	The Go-Betweens - 16 Lovers Lane	3.50 stars
3.00 stars	Grimes - Visions	3.50 stars
3.50 stars	Grouper - Dragging a Dead Deer Up a Hill	3.50 stars
4.00 stars	Guided by Voices - Alien Lanes	3.50 stars
3.00 stars	Anna von Hausswolff - Dead Magic	4.00 stars
3.00 stars	Have a Nice Life - The Unnatural World	3.50 stars
3.50 stars	Have a Nice Life - Sea of Worry	3.00 stars
4.00 stars	Tim Hecker - Harmony in Ultraviolet	3.50 stars
3.50 stars	Tim Hecker - Virgins	4.00 stars
4.50 stars	Hella - Hold Your Horse Is	4.00 stars
4.00 stars	Hop Along - Bark Your Head Off, Dog	3.50 stars
3.50 stars	Jon Hopkins - Immunity	4.00 stars
4.00 stars	Hüsker Dü - New Day Rising	3.50 stars
3.00 stars	Jesu - Jesu	3.50 stars
3.00 stars	Kero Kero Bonito - Bonito Generation	4.00 stars
3.50 stars	King Crimson - Red	4.50 stars
4.00 stars	King Krule - Man Alive!	3.50 stars
3.50 stars	Steve Lacy - Steve Lacy's Demo	3.50 stars
4.00 stars	Kendrick Lamar - To Pimp a Butterfly	5.00 stars
4.00 stars	Kendrick Lamar - DAMN.	3.50 stars
3.00 stars	LCD Soundsystem - This Is Happening	4.00 stars
4.00 stars	Love - Forever Changes	4.00 stars
3.50 stars	Low - Things We Lost in the Fire	3.00 stars
3.50 stars	Lynyrd Skynyrd - (pronounced 'lĕh-'nérd 'skin-'nérd)	4.00 stars
4.00 stars	John Maus - A Collection of Rarities and Previously Unreleased Material	3.50 stars
4.00 stars	Curtis Mayfield - Curtis	4.00 stars
3.00 stars	Curtis Mayfield - Superfly	4.00 stars
3.50 stars	Lizzy Mercier Descloux - Mambo Nassau	4.00 stars
4.00 stars	Mercury Rev - Yerself Is Steam	4.00 stars
4.00 stars	Metallica - Ride the Lightning	4.50 stars
4.00 stars	MGMT - Little Dark Age	3.50 stars
3.50 stars	The Microphones - The Glow Pt. 2	4.50 stars
3.00 stars	Joni Mitchell - Blue	4.00 stars
4.00 stars	Mobb Deep - The Infamous	4.00 stars
4.00 stars	Modest Mouse - This Is a Long Drive for Someone With Nothing to Think About	4.00 stars
3.50 stars	Janelle Monáe - The ArchAndroid	3.50 stars
4.00 stars	Morphine - Cure for Pain	3.00 stars
3.50 stars	Miles Davis - Kind of Blue	4.50 stars
3.50 stars	John Coltrane - My Favorite Things	4.00 stars
4.00 stars	Mingus - The Black Saint and the Sinner Lady	5.00 stars
3.00 stars	The Ronettes - Presenting The Fabulous Ronettes Featuring Veronica	3.00 stars
4.00 stars	John Coltrane - A Love Supreme	5.00 stars
3.50 stars	The Sonics - Here Are The Sonics!!!	3.50 stars
3.50 stars	Bob Dylan - Bringing It All Back Home	4.50 stars
3.50 stars	Bob Dylan - Highway 61 Revisited	4.50 stars
4.00 stars	Otis Redding - Otis Blue: Otis Redding Sings Soul	3.50 stars
3.50 stars	Nina Simone - Pastel Blues	4.00 stars
4.50 stars	Jackson C. Frank - Jackson C. Frank	3.50 stars
3.50 stars	Bob Dylan - Blonde on Blonde	4.00 stars
4.00 stars	The Beatles - Revolver	4.00 stars
3.00 stars	Ennio Morricone - Il buono, il brutto, il cattivo	3.50 stars
3.00 stars	The Byrds - Younger Than Yesterday	3.00 stars
4.50 stars	The Velvet Underground & Nico - The Velvet Underground & Nico	4.50 stars
3.00 stars	The Jimi Hendrix Experience - Are You Experienced	4.00 stars
3.50 stars	The Beatles - Sgt. Pepper's Lonely Hearts Club Band	4.00 stars
3.00 stars	Captain Beefheart and His Magic Band - Safe as Milk	3.50 stars
3.50 stars	The Kinks - Something Else by The Kinks	3.50 stars
3.50 stars	Leonard Cohen - Songs of Leonard Cohen	4.00 stars
4.00 stars	The Zombies - Odessey and Oracle	4.00 stars
3.50 stars	Os Mutantes - Os Mutantes	3.00 stars
3.50 stars	The Millennium - Begin	4.00 stars
3.50 stars	Big Brother & The Holding Company - Cheap Thrills	3.50 stars
4.00 stars	The Beatles - The Beatles [White Album]	4.00 stars
4.00 stars	The Kinks - The Kinks Are the Village Green Preservation Society	4.00 stars
3.50 stars	Van Morrison - Astral Weeks	4.00 stars
4.00 stars	The Velvet Underground - The Velvet Underground	4.50 stars
3.50 stars	Tim Buckley - Happy Sad	3.50 stars
4.00 stars	Neil Young with Crazy Horse - Everybody Knows This Is Nowhere	4.00 stars
4.00 stars	Captain Beefheart & His Magic Band - Trout Mask Replica	3.50 stars
3.50 stars	Miles Davis - In a Silent Way	4.50 stars
4.00 stars	The Can - Monster Movie	3.50 stars
3.00 stars	The Stooges - The Stooges	4.00 stars
4.00 stars	Townes Van Zandt - Townes Van Zandt	4.00 stars
4.50 stars	Scott Engel - Scott 4	4.00 stars
4.00 stars	The Kinks - Arthur or the Decline and Fall of the British Empire	4.00 stars
4.00 stars	King Crimson - In the Court of the Crimson King	5.00 stars
3.50 stars	Syd Barrett - The Madcap Laughs	3.00 stars
3.00 stars	Simon and Garfunkel - Bridge Over Troubled Water	4.00 stars
3.00 stars	Crosby, Stills, Nash & Young - Déjà vu	3.50 stars
3.50 stars	Miles Davis - Bitches Brew	4.50 stars
3.50 stars	Exuma - Exuma	4.00 stars
4.00 stars	Creedence Clearwater Revival - Cosmo's Factory	4.00 stars
3.50 stars	The Stooges - Fun House	4.00 stars
3.50 stars	Tim Buckley - Lorca	4.00 stars
4.00 stars	Black Sabbath - Paranoid	4.50 stars
3.00 stars	Amon Düül II - Yeti	3.50 stars
3.50 stars	Nick Drake - Bryter Layter	4.00 stars
3.50 stars	Captain Beefheart & The Magic Band - Lick My Decals Off, Baby	3.00 stars
3.50 stars	Faust - Faust	3.50 stars
3.50 stars	Chico Buarque - Construção	4.00 stars
4.00 stars	Serge Gainsbourg - Histoire de Melody Nelson	4.00 stars
3.00 stars	Marvin Gaye - What's Going On	4.00 stars
3.00 stars	Black Sabbath - Master of Reality	4.00 stars
3.00 stars	The Who - Who's Next	4.00 stars
3.50 stars	T. Rex - Electric Warrior	4.00 stars
3.50 stars	Can - Tago Mago	4.50 stars
3.50 stars	David Bowie - Hunky Dory	4.00 stars
3.50 stars	Popol Vuh - Hosianna Mantra	3.50 stars
4.00 stars	Nick Drake - Pink Moon	4.50 stars
3.00 stars	Big Star - #1 Record	3.50 stars
4.00 stars	Milton Nascimento & Lô Borges - Clube da Esquina	4.00 stars
4.00 stars	David Bowie - The Rise and Fall of Ziggy Stardust and the Spiders From Mars	4.50 stars
3.00 stars	T. Rex - The Slider	3.50 stars
4.50 stars	Can - Ege bamyası	4.00 stars
4.00 stars	Novos Baianos - Acabou chorare	5.00 stars
3.50 stars	Lou Reed - Transformer	4.00 stars
4.00 stars	Iggy and The Stooges - Raw Power	4.00 stars
3.50 stars	David Bowie - Aladdin Sane	3.50 stars
3.50 stars	Stevie Wonder - Innervisions	4.00 stars
3.50 stars	Eno - Here Come the Warm Jets	4.00 stars
3.50 stars	Sparks - Kimono My House	3.50 stars
3.50 stars	Neil Young - On the Beach	4.00 stars
3.50 stars	Velvet Underground - 1969 Velvet Underground Live With Lou Reed	3.50 stars
3.50 stars	Eno - Taking Tiger Mountain (By Strategy)	4.00 stars
3.00 stars	NEU! - NEU! '75	4.00 stars
3.50 stars	Bob Dylan - Blood on the Tracks	4.50 stars
4.00 stars	Eno - Another Green World	4.00 stars
3.00 stars	Patti Smith - Horses	4.00 stars
3.50 stars	The Modern Lovers - The Modern Lovers	3.50 stars
3.50 stars	Stevie Wonder - Songs in the Key of Life	4.00 stars
3.50 stars	Fela Anikulapo Kuti and Afrika 70 - Zombie	3.50 stars
3.50 stars	The Congos - Heart of The Congos	4.00 stars
4.00 stars	David Bowie - Low	4.50 stars
3.00 stars	Fleetwood Mac - Rumours	4.00 stars
4.00 stars	Television - Marquee Moon	5.00 stars
3.50 stars	Kraftwerk - Trans Europa Express	4.00 stars
3.50 stars	Iggy Pop - The Idiot	4.00 stars
3.50 stars	The Clash - The Clash	3.50 stars
4.00 stars	Talking Heads - Talking Heads: 77	4.00 stars
4.00 stars	Ramones - Rocket to Russia	3.50 stars
4.00 stars	Suicide - Suicide	3.50 stars
4.50 stars	Wire - Pink Flag	4.00 stars
4.50 stars	Robbie Basho - Visions of the Country	3.50 stars
3.50 stars	Brian Eno - Ambient 1: Music for Airports	3.00 stars
3.00 stars	Elvis Costello - This Year's Model	3.50 stars
3.50 stars	Kraftwerk - Die Mensch-Maschine	4.00 stars
3.00 stars	Magazine - Real Life	3.50 stars
4.00 stars	Talking Heads - More Songs About Buildings and Food	3.50 stars
3.50 stars	Wire - Chairs Missing	3.50 stars
4.00 stars	Devo - Q: Are We Not Men? A: We Are Devo!	3.50 stars
3.00 stars	Blondie - Parallel Lines	3.50 stars
3.50 stars	Lizzy Mercier Descloux - Press Color	2.50 stars
3.50 stars	Contortions - Buy	3.50 stars
4.00 stars	Devo - Duty Now for the Future	3.00 stars
4.00 stars	Joy Division - Unknown Pleasures	4.50 stars
3.50 stars	Talking Heads - Fear of Music	4.00 stars
4.00 stars	Wire - 154	4.00 stars
4.00 stars	PiL - Metal Box	3.50 stars
3.50 stars	The Feelies - Crazy Rhythms	3.50 stars
4.00 stars	The Soft Boys - Underwater Moonlight	3.50 stars
3.00 stars	Prince - Dirty Mind	3.50 stars
4.00 stars	Television Personalities - ...And Don't the Kids Just Love It	3.00 stars
3.50 stars	The Cure - Faith	3.50 stars
3.00 stars	Kraftwerk - Computerwelt	4.00 stars
4.00 stars	The Psychedelic Furs - Talk Talk Talk	3.00 stars
4.00 stars	Mission of Burma - Signals, Calls, and Marches	3.50 stars
4.00 stars	This Heat - Deceit	4.00 stars
4.00 stars	Glenn Branca - The Ascension	4.00 stars
4.50 stars	The Fall - Hex Enduction Hour	3.50 stars
4.00 stars	The Cure - Pornography	4.00 stars
5.00 stars	Mission of Burma - Vs.	4.00 stars
3.50 stars	Dead Kennedys - Plastic Surgery Disasters	4.00 stars
3.00 stars	Michael Jackson - Thriller	4.00 stars
3.50 stars	Djeli Moussa Diawara - Yasimika	4.50 stars
2.50 stars	U2 - War	3.50 stars
3.50 stars	Sonic-Youth - Confusion Is Sex	2.50 stars
3.50 stars	Violent Femmes - Violent Femmes	4.00 stars
3.50 stars	R.E.M. - Murmur	4.00 stars
3.00 stars	New Order - Power, Corruption & Lies	4.00 stars
3.50 stars	Butthole Surfers - Butthole Surfers	4.00 stars
3.50 stars	The Chameleons - Script of the Bridge	4.00 stars
4.00 stars	The Smiths - The Smiths	4.00 stars
3.50 stars	Black Flag - My War	4.00 stars
4.50 stars	Meat Puppets - Meat Puppets II	3.50 stars
3.50 stars	Echo & The Bunnymen - Ocean Rain	3.50 stars
3.50 stars	Prince and The Revolution - Purple Rain	4.50 stars
4.00 stars	Hüsker Dü - Zen Arcade	4.00 stars
3.00 stars	Robyn Hitchcock - I Often Dream of Trains	3.50 stars
4.50 stars	The Replacements - Let It Be	4.00 stars
4.50 stars	Staatsorchester Stuttgart / Lithuanian Chamber Orchestra / The 12 Cellists of the Berlin Philharmonic Orchestra / Dennis Russell Davies / Saulius Sondeckis / Gidon Kremer / Keith Jarrett / Tatjana Grindenko / Alfred Schnittke - Tabula rasa	4.00 stars
4.00 stars	Minutemen - Double Nickels on the Dime	3.50 stars
3.50 stars	Felt - The Strange Idols Pattern and Other Short Stories	3.50 stars
3.50 stars	Cocteau Twins - Treasure	4.00 stars
3.00 stars	Tears for Fears - Songs From the Big Chair	4.00 stars
3.50 stars	The Smiths - Meat Is Murder	4.00 stars
3.50 stars	Sonic-Youth - Bad Moon Rising	3.00 stars
4.00 stars	Meat Puppets - Up on the Sun	3.00 stars
4.00 stars	The Fall - This Nation's Saving Grace	3.50 stars
3.00 stars	The Jesus and Mary Chain - Psychocandy	3.00 stars
4.00 stars	Big Black - Atomizer	3.50 stars
3.00 stars	Talk Talk - The Colour of Spring	4.00 stars
3.50 stars	Metallica - Master of Puppets	4.50 stars
3.50 stars	Sonic Youth - EVOL	3.50 stars
3.50 stars	Felt - Forever Breathes the Lonely Word	3.50 stars
3.50 stars	Slayer - Reign in Blood	4.00 stars
3.00 stars	XTC - Skylarking	3.50 stars
3.00 stars	Loop - Heaven's End	2.50 stars
3.00 stars	Prince - Sign "☮" the Times	4.00 stars
4.50 stars	Dinosaur - You're Living All Over Me	4.00 stars
3.50 stars	Big Black - Songs About Fucking	3.50 stars
4.00 stars	Galaxie 500 - Today	3.50 stars
4.00 stars	Pixies - Surfer Rosa	3.50 stars
4.00 stars	Joy Division - Substance 1977-1980	4.50 stars
3.50 stars	Cocteau Twins - Blue Bell Knoll	3.50 stars
4.00 stars	Sonic Youth - Daydream Nation	4.00 stars
3.50 stars	Dinosaur Jr - Bug	3.50 stars
3.50 stars	My Bloody Valentine - Isn't Anything	3.50 stars
4.50 stars	Pixies - Doolittle	4.50 stars
3.50 stars	Beastie Boys - Paul's Boutique	4.00 stars
3.50 stars	The Wedding Present - Bizarro	3.50 stars
4.00 stars	Galaxie 500 - On Fire	3.50 stars
4.00 stars	NoMeansNo - Wrong	4.00 stars
3.00 stars	The Sundays - Reading, Writing and Arithmetic	3.50 stars
3.00 stars	Nick Cave & The Bad Seeds - The Good Son	4.00 stars
3.50 stars	Sonic Youth - Goo	3.50 stars
3.50 stars	Ride - Nowhere	4.00 stars
3.50 stars	Drive Like Jehu - Drive Like Jehu	4.00 stars
4.00 stars	The Jesus Lizard - Goat	4.00 stars
4.50 stars	Slint - Spiderland	4.50 stars
3.00 stars	Primus - Sailing the Seas of Cheese	3.00 stars
4.00 stars	Les Rallizes dénudés - '77 Live	4.00 stars
3.00 stars	Slowdive - Just for a Day	3.50 stars
2.50 stars	Red Hot Chili Peppers - Blood Sugar Sex Magik	3.00 stars
3.50 stars	Nirvana - Nevermind	4.00 stars
3.50 stars	A Tribe Called Quest - The Low End Theory	4.50 stars
4.00 stars	Talk Talk - Laughing Stock	4.50 stars
5.00 stars	Pavement - Slanted and Enchanted	4.00 stars
3.50 stars	Red House Painters - Down Colorful Hill	4.50 stars
4.00 stars	The Jesus Lizard - Liar	3.50 stars
3.00 stars	Rage Against the Machine - Rage Against the Machine	4.00 stars
3.00 stars	The Pharcyde - Bizarre Ride II the Pharcyde	4.00 stars
3.50 stars	Slowdive - Souvlaki	4.50 stars
3.00 stars	Fugazi - In on the Kill Taker	3.50 stars
3.00 stars	Smashing Pumpkins - Siamese Dream	4.00 stars
3.00 stars	Stereolab - Transient Random-Noise Bursts With Announcements	4.00 stars
4.50 stars	Yo La Tengo - Painful	4.00 stars
3.00 stars	Eric's Trip - Love Tara	3.00 stars
4.50 stars	Pavement - Crooked Rain, Crooked Rain	4.00 stars
3.50 stars	Low - I Could Live in Hope	4.00 stars
3.50 stars	Aphex Twin - Selected Ambient Works Volume II	3.50 stars
3.50 stars	Unwound - New Plastic Ideas	4.00 stars
3.50 stars	Nick Cave and The Bad Seeds - Let Love In	4.00 stars
3.50 stars	Nas - Illmatic	4.50 stars
3.00 stars	Sunny Day Real Estate - Diary	3.50 stars
3.50 stars	Weezer - Weezer [Blue Album]	4.50 stars
3.00 stars	Drive Like Jehu - Yank Crime	4.00 stars
3.00 stars	Lush - Split	3.50 stars
4.50 stars	Guided by Voices - Bee Thousand	4.00 stars
3.50 stars	Portishead - Dummy	4.50 stars
4.00 stars	Sebadoh - Bakesale	3.50 stars
3.50 stars	Shellac - At Action Park	3.50 stars
4.00 stars	Oval - 94 Diskont	3.50 stars
3.00 stars	Slowdive - Pygmalion	3.50 stars
3.50 stars	Death - Symbolic	4.50 stars
3.50 stars	Pavement - Wowee Zowee	4.00 stars
2.50 stars	Supergrass - I Should Coco	3.00 stars
4.50 stars	Three-6 Mafia - Mystic Stylez	4.50 stars
3.50 stars	Fugazi - Red Medicine	4.00 stars
3.50 stars	Sonic Youth - Washing Machine	4.00 stars
3.50 stars	Autechre - Tri repetae	3.50 stars
3.50 stars	Mainliner - Mellow Out	3.00 stars
3.50 stars	Ground-Zero - 革命京劇 Revolutionary Pekinese Opera Ver.1.28 (Kakumeikyōgeki)	3.50 stars
4.00 stars	Tortoise - Millions Now Living Will Never Die	3.50 stars
3.00 stars	Burzum - Filosofem	4.00 stars
3.50 stars	Sixteen Horsepower - Sackcloth 'n' Ashes	4.00 stars
3.50 stars	Stereolab - Emperor Tomato Ketchup	3.50 stars
3.00 stars	Neutral Milk Hotel - On Avery Island	4.00 stars
3.50 stars	Guided by Voices - Under the Bushes Under the Stars	3.00 stars
3.50 stars	Unwound - Repetition	4.00 stars
3.50 stars	Belle and Sebastian - Tigermilk	4.00 stars
3.00 stars	Beck - Odelay	3.50 stars
3.50 stars	Eels - Beautiful Freak	3.00 stars
4.00 stars	Weezer - Pinkerton	4.00 stars
3.50 stars	Swans - Soundtracks for the Blind	4.00 stars
4.00 stars	Aphex Twin - Richard D. James Album	4.00 stars
4.00 stars	Belle and Sebastian - If You're Feeling Sinister	4.00 stars
3.50 stars	Pavement - Brighten the Corners	3.50 stars
3.00 stars	Sleater-Kinney - Dig Me Out	3.50 stars
4.00 stars	Yo La Tengo - I Can Hear the Heart Beating as One	4.00 stars
3.50 stars	Prodigy - The Fat of the Land	3.50 stars
4.00 stars	Godspeed You Black Emperor! - F♯A♯∞	4.50 stars
3.50 stars	Modest Mouse - The Lonesome Crowded West	4.50 stars
2.50 stars	AIR - Moon Safari	3.50 stars
3.50 stars	Duster - Stratosphere	4.00 stars
4.00 stars	Tortoise - TNT	3.50 stars
4.00 stars	Boards of Canada - Music Has the Right to Children	4.00 stars
3.00 stars	Mercury Rev - Deserter's Songs	3.50 stars
2.50 stars	Bonnie 'Prince' Billy - I See a Darkness	3.50 stars
3.00 stars	Smog - Knock Knock	3.50 stars
3.00 stars	Built to Spill - Keep It Like a Secret	4.00 stars
3.50 stars	Blur - 13	4.00 stars
3.50 stars	Pavement - Terror Twilight	3.00 stars
3.50 stars	The Flaming Lips - The Soft Bulletin	4.00 stars
4.00 stars	Mr. Bungle - California	4.00 stars
4.00 stars	The Magnetic Fields - 69 Love Songs	3.00 stars
3.50 stars	The Dismemberment Plan - Emergency & I	4.50 stars
4.00 stars	Jim O'Rourke - Halfway to a Threeway	3.50 stars
3.50 stars	Modest Mouse - Building Nothing Out of Something	4.00 stars
4.00 stars	Yo La Tengo - And Then Nothing Turned Itself Inside-Out	3.50 stars
3.00 stars	Eminem - The Marshall Mathers LP	4.00 stars
3.50 stars	Queens of the Stone Age - Rated R	3.50 stars
4.00 stars	Modest Mouse - The Moon & Antarctica	4.00 stars
3.50 stars	Avey Tare and Panda Bear - Spirit They're Gone Spirit They've Vanished	4.00 stars
3.50 stars	Electric Wizard - Dopethrone	4.00 stars
3.00 stars	PJ Harvey - Stories From the City, Stories From the Sea	4.00 stars
4.00 stars	Unwound - Leaves Turn Inside You	4.50 stars
4.00 stars	The Shins - Oh, Inverted World	3.50 stars
4.50 stars	Fennesz - Endless Summer	3.50 stars
3.00 stars	maudlin of the Well - Bath	4.00 stars
3.00 stars	Sparklehorse - It's a Wonderful Life	3.50 stars
4.00 stars	Converge - Jane Doe	4.00 stars
3.00 stars	Aesop Rock - Labor Days	3.50 stars
3.50 stars	Fugazi - The Argument	4.00 stars
3.50 stars	Jim O'Rourke - Insignificance	4.00 stars
3.00 stars	Tim Hecker - Haunt Me, Haunt Me Do It Again	3.00 stars
4.50 stars	Ariel Pink's Haunted Graffiti - House Arrest + Lover Boy	4.00 stars
3.50 stars	...And You Will Know Us by the Trail of Dead - Source Tags & Codes	4.00 stars
4.50 stars	Wilco - Yankee Hotel Foxtrot	4.00 stars
3.00 stars	Sonic Youth - Murray Street	3.50 stars
3.00 stars	Carissa's Wierd - Songs About Leaving	4.00 stars
3.50 stars	Interpol - Turn On the Bright Lights	4.50 stars
3.50 stars	Queens of the Stone Age - Songs for the Deaf	4.00 stars
4.00 stars	Broken Social Scene - You Forgot It in People	4.00 stars
3.00 stars	Sigur Rós - ( )	4.00 stars
3.00 stars	Bohren & der Club of Gore - Black Earth	4.00 stars
3.50 stars	The Mountain Goats - Tallahassee	4.00 stars
4.00 stars	Ariel Pink's Haunted Graffiti - Worn Copy	3.50 stars
4.50 stars	Xiu Xiu - A Promise	4.00 stars
3.50 stars	Lightning Bolt - Wonderful Rainbow	3.50 stars
4.00 stars	Magnolia Electric Co. - The Magnolia Electric Co.	4.50 stars
3.00 stars	Sleep - Dopesmoker	4.00 stars
3.50 stars	Four Tet - Rounds	3.50 stars
3.00 stars	Boris - あくまのうた (Akuma no Uta)	4.00 stars
3.50 stars	Mew - Frengers	4.00 stars
4.00 stars	Boris - Boris at Last -Feedbacker-	4.50 stars
4.50 stars	Madvillain - Madvillainy	4.50 stars
4.00 stars	of Montreal - Satanic Panic in the Attic	3.00 stars
3.50 stars	Animal Collective - Sung Tongs	4.00 stars
3.50 stars	Mastodon - Leviathan	4.00 stars
2.50 stars	Bloc Party - Silent Alarm	3.00 stars
3.00 stars	Mount Eerie - No Flashlight: Songs of the Fulfilled Night	2.50 stars
4.00 stars	Sufjan Stevens - Illinois	4.00 stars
3.50 stars	Mew - And the Glass Handed Kites	4.00 stars
3.50 stars	Lightning Bolt - Hypermagic Mountain	4.00 stars
4.00 stars	Animal Collective - Feels	4.00 stars
4.00 stars	Boris - Pink	4.00 stars
4.50 stars	Coil - The Ape of Naples	4.00 stars
5.00 stars	J Dilla - Donuts	4.00 stars
3.00 stars	Grizzly Bear - Yellow House	3.50 stars
3.50 stars	Panda Bear - Person Pitch	4.00 stars
3.50 stars	Stars of the Lid - And Their Refinement of the Decline	3.50 stars
3.50 stars	Battles - Mirrored	3.50 stars
3.00 stars	The Angelic Process - Weighing Souls With Sand	3.50 stars
4.00 stars	The National - Boxer	4.00 stars
3.00 stars	Spoon - Ga Ga Ga Ga Ga	3.50 stars
4.00 stars	Andrew Jackson Jihad - People Who Can Eat People Are the Luckiest People in the World	4.00 stars
3.50 stars	Jens Lekman - Night Falls Over Kortedala	4.00 stars
4.00 stars	Animal Collective - Strawberry Jam	4.50 stars
4.00 stars	Radiohead - In Rainbows	4.50 stars
4.00 stars	Burial - Untrue	4.00 stars
4.00 stars	MGMT - Oracular Spectacular	3.00 stars
4.00 stars	Have a Nice Life - Deathconsciousness	4.50 stars
3.50 stars	Beach House - Devotion	3.00 stars
4.00 stars	Portishead - Third	4.00 stars
4.00 stars	Extra Life - Secular Works	3.00 stars
4.00 stars	Fleet Foxes - Fleet Foxes	4.00 stars
3.00 stars	DJ Sprinkles - Midtown 120 Blues	3.50 stars
3.50 stars	Mount Eerie with Julie Doiron & Fred Squire - Lost Wisdom	3.00 stars
4.50 stars	Deerhunter - Microcastle / Weird Era Continued	4.00 stars
5.00 stars	Animal Collective - Merriweather Post Pavilion	4.00 stars
3.50 stars	Dan Deacon - Bromst	3.50 stars
3.50 stars	The Horrors - Primary Colours	3.50 stars
3.00 stars	Passion Pit - Manners	3.00 stars
3.50 stars	A Place to Bury Strangers - Exploding Head	3.50 stars
4.00 stars	The Flaming Lips - Embryonic	3.50 stars
3.50 stars	Tyler, the Creator - Bastard	2.50 stars
3.00 stars	Vampire Weekend - Contra	3.50 stars
4.50 stars	Beach House - Teen Dream	4.00 stars
3.00 stars	Daughters - Daughters	4.00 stars
4.50 stars	MGMT - Congratulations	4.00 stars
3.50 stars	Flying Lotus - Cosmogramma	4.00 stars
4.00 stars	Ariel Pink's Haunted Graffiti - Before Today	3.50 stars
3.00 stars	Nails - Unsilent Death	3.50 stars
4.50 stars	Deerhunter - Halcyon Digest	4.00 stars
5.00 stars	Women - Public Strain	4.00 stars
3.50 stars	Kanye West - My Beautiful Dark Twisted Fantasy	4.50 stars
3.50 stars	Destroyer - Kaputt	4.00 stars
3.50 stars	Frank Ocean - Nostalgia, Ultra.	3.00 stars
4.00 stars	Grouper - A I A: Alien Observer	4.00 stars
4.00 stars	Death Grips - Exmilitary	4.00 stars
3.00 stars	Giles Corey - Giles Corey	4.00 stars
3.50 stars	Fleet Foxes - Helplessness Blues	4.00 stars
3.00 stars	Shabazz Palaces - Black Up	3.50 stars
4.00 stars	Kendrick Lamar - Section.80	4.00 stars
4.00 stars	Danny Brown - XXX	4.00 stars
3.50 stars	Real Estate - Days	3.50 stars
4.00 stars	Car Seat Headrest - Twin Fantasy	4.00 stars
4.00 stars	Thee Oh Sees - Carrion Crawler / The Dream EP	3.00 stars
4.00 stars	Lil Ugly Mane - Mista Thug Isolation	4.00 stars
3.50 stars	Burial - Kindred EP	4.50 stars
3.50 stars	Death Grips - The Money Store	4.50 stars
4.00 stars	Beach House - Bloom	4.00 stars
3.50 stars	alt-J - An Awesome Wave	3.00 stars
4.50 stars	Fiona Apple - The Idler Wheel Is Wiser Than the Driver of the Screw and Whipping Cords Will Serve You More Than Ropes Will Ever Do	4.00 stars
3.50 stars	Frank Ocean - channel ORANGE	4.00 stars
3.00 stars	Swans - The Seer	4.00 stars
4.00 stars	Grizzly Bear - Shields	4.00 stars
4.00 stars	Tame Impala - Lonerism	4.00 stars
4.00 stars	Mac DeMarco - 2	3.50 stars
4.00 stars	Kendrick Lamar - good kid, m.A.A.d city	4.50 stars
3.50 stars	Lil Ugly Mane - Uneven Compromise	4.50 stars
3.50 stars	Alex G - Trick	3.50 stars
3.00 stars	FIDLAR - FIDLAR	2.50 stars
3.50 stars	My Bloody Valentine - m b v	3.50 stars
3.00 stars	James Blake - Overgrown	3.00 stars
3.50 stars	Vampire Weekend - Modern Vampires of the City	3.50 stars
3.50 stars	Deafheaven - Sunbather	4.00 stars
3.00 stars	Kanye West - Yeezus	4.00 stars
3.00 stars	Run the Jewels - Run the Jewels	3.50 stars
3.00 stars	MGMT - MGMT	2.00 stars
3.50 stars	Machinedrum - Vapor City	3.00 stars
4.00 stars	Oneohtrix Point Never - R Plus Seven	3.50 stars
3.00 stars	Daniel Avery - Drone Logic	3.00 stars
4.00 stars	Freddie Gibbs & Madlib - Piñata	4.00 stars
4.00 stars	Mac DeMarco - Salad Days	3.50 stars
3.00 stars	Todd Terje - It's Album Time	3.00 stars
3.00 stars	Ben Frost - A U R O R A	3.00 stars
3.50 stars	Parquet Courts - Sunbathing Animal	2.50 stars
4.00 stars	Alex G - DSU	3.00 stars
2.50 stars	Ty Segall - Manipulator	3.00 stars
3.50 stars	Iceage - Plowing Into the Field of Love	3.50 stars
3.00 stars	Run the Jewels - Run the Jewels 2	4.00 stars
4.00 stars	Mitski - Bury Me at Makeout Creek	4.00 stars
3.00 stars	D'Angelo and The Vanguard - Black Messiah	3.50 stars
3.00 stars	２８１４ - 新しい日の誕生 (Atarashī hi no tanjō)	3.50 stars
3.50 stars	Clarence Clarity - No Now	4.00 stars
4.00 stars	Earl Sweatshirt - I Don't Like Shit, I Don't Go Outside	3.50 stars
3.50 stars	Courtney Barnett - Sometimes I Sit and Think, and Sometimes I Just Sit	3.00 stars
3.50 stars	Earl Sweatshirt - Solace	4.00 stars
3.50 stars	Thee Oh Sees - Mutilator Defeated at Last	3.50 stars
3.00 stars	Carly Rae Jepsen - E·MO·TION	3.50 stars
4.00 stars	Future - DS2	3.00 stars
3.50 stars	Mac DeMarco - Another One	2.50 stars
3.50 stars	Chelsea Wolfe - Abyss	3.50 stars
4.50 stars	Beach House - Depression Cherry	4.00 stars
4.00 stars	Travis Scott - Rodeo	4.00 stars
4.00 stars	Julia Holter - Have You in My Wilderness	3.50 stars
3.00 stars	Deafheaven - New Bermuda	3.50 stars
3.50 stars	Joanna Newsom - Divers	4.00 stars
3.50 stars	Oneohtrix Point Never - Garden of Delete	3.50 stars
4.00 stars	David Bowie - ★ [Blackstar]	4.00 stars
4.00 stars	JPEGMAFIA - Black Ben Carson	3.50 stars
3.50 stars	Kendrick Lamar - untitled unmastered.	3.50 stars
4.50 stars	Denzel Curry - Imperial	3.50 stars
3.50 stars	Deakin - Sleep Cycle	3.50 stars
3.50 stars	Tim Hecker - Love Streams	2.50 stars
3.50 stars	Aesop Rock - The Impossible Kid	3.00 stars
4.00 stars	King Gizzard and the Lizard Wizard - Nonagon Infinity	4.00 stars
3.50 stars	Death Grips - Bottomless Pit	4.00 stars
3.50 stars	Radiohead - A Moon Shaped Pool	4.00 stars
4.00 stars	Car Seat Headrest - Teens of Denial	4.00 stars
3.50 stars	Big Thief - Masterpiece	3.00 stars
3.50 stars	The Avalanches - Wildflower	3.50 stars
5.00 stars	Frank Ocean - Blonde	4.00 stars
4.00 stars	Angel Olsen - MY WOMAN	3.50 stars
4.00 stars	Danny Brown - Atrocity Exhibition	4.50 stars
3.50 stars	Jeff Rosenstock - WORRY.	4.00 stars
4.50 stars	Weyes Blood - Front Row Seat to Earth	3.50 stars
3.50 stars	A Tribe Called Quest - We got it from Here… Thank You 4 Your service	4.00 stars
3.50 stars	Injury Reserve - Floss	3.50 stars
3.50 stars	Bedwetter - Volume 1: Flick Your Tongue Against Your Teeth and Describe the Present.	3.00 stars
3.00 stars	King Gizzard and the Lizard Wizard - Flying Microtonal Banana	3.50 stars
4.00 stars	Xiu Xiu - FORGET	3.50 stars
3.50 stars	Blanck Mass - World Eater	3.50 stars
4.00 stars	Idles - Brutalism	3.50 stars
3.00 stars	Mount Eerie - A Crow Looked at Me	4.00 stars
3.50 stars	Mac DeMarco - This Old Dog	3.00 stars
4.00 stars	Death Grips - Steroids (Crouching Tiger Hidden Gabber Megamix)	4.00 stars
3.50 stars	Lingua Ignota - All Bitches Die	4.00 stars
3.50 stars	Kirin J Callinan - Bravado	3.00 stars
4.00 stars	Big Thief - Capacity	3.00 stars
4.00 stars	Brockhampton - Saturation	3.50 stars
3.00 stars	Vince Staples - Big Fish Theory	3.50 stars
3.50 stars	Algiers - The Underside of Power	3.00 stars
4.50 stars	Tyler, the Creator - Flower Boy	4.00 stars
3.50 stars	Milo - Who Told You to Think​?​?​!​!​?​!​?​!​?​!	3.50 stars
3.50 stars	Denzel Curry - 13	4.00 stars
5.00 stars	Brockhampton - Saturation II	4.00 stars
4.00 stars	Iglooghost - Neō Wax Bloom	3.50 stars
3.50 stars	King Krule - The Ooz	3.50 stars
3.50 stars	21 Savage, Offset & Metro Boomin - Without Warning	3.00 stars
3.50 stars	Charli XCX - Pop 2	4.00 stars
4.00 stars	Brockhampton - Saturation III	4.00 stars
4.00 stars	JPEGMAFIA - Veteran	3.50 stars
3.00 stars	Natalia Lafourcade - Musas Vol. 2	3.00 stars
3.50 stars	Car Seat Headrest - Twin Fantasy	4.00 stars
3.00 stars	Against All Logic - 2012 - 2017	3.50 stars
3.00 stars	Kero Kero Bonito - TOTEP	3.50 stars
3.00 stars	The Voidz - Virtue	3.00 stars
3.00 stars	Kali Uchis - Isolation	3.50 stars
3.00 stars	Frank Ocean - Endless	4.00 stars
3.00 stars	Haru Nemuri - 春と修羅 (Haru to Shura)	3.00 stars
4.00 stars	Tropical Fuck Storm - A Laughing Death in Meatspace	3.50 stars
3.50 stars	Playboi Carti - Die Lit	3.00 stars
4.00 stars	Beach House - 7	3.50 stars
4.50 stars	Parquet Courts - Wide Awaaaaake!	3.50 stars
4.00 stars	Pusha T - DAYTONA	4.00 stars
3.00 stars	Snail Mail - Lush	2.50 stars
3.00 stars	Kids See Ghosts - Kids See Ghosts	4.00 stars
3.00 stars	Death Grips - Year of the Snitch	4.00 stars
3.50 stars	Deafheaven - Ordinary Corrupt Human Love	3.50 stars
4.00 stars	Denzel Curry - TA13OO	4.00 stars
3.00 stars	Mid-Air Thief - 무너지기 (Crumbling)	4.00 stars
4.00 stars	Mitski - Be the Cowboy	3.50 stars
3.50 stars	Blood Orange - Negro Swan	3.00 stars
3.50 stars	Idles - Joy as an Act of Resistance.	4.00 stars
3.50 stars	Yves Tumor - Safe in the Hands of Love	3.00 stars
3.50 stars	Low - Double Negative	3.00 stars
3.00 stars	Tim Hecker - Konoyo	3.50 stars
3.50 stars	Kero Kero Bonito - Time 'n' Place	4.00 stars
3.00 stars	Julia Holter - Aviary	4.00 stars
3.50 stars	Daughters - You Won't Get What You Want	4.00 stars
4.50 stars	Earl Sweatshirt - Some Rap Songs	3.50 stars
3.00 stars	Sharon Van Etten - Remind Me Tomorrow	3.00 stars
3.50 stars	Malibu Ken - Malibu Ken	2.50 stars
3.50 stars	Jessica Pratt - Quiet Signs	3.00 stars
3.50 stars	Xiu Xiu - Girl With Basket of Fruit	3.50 stars
3.50 stars	Spellling - Mazy Fly	3.00 stars
4.00 stars	Little Simz - Grey Area	3.50 stars
4.00 stars	Stella Donnelly - Beware of the Dogs	3.00 stars
3.50 stars	The Caretaker - Everywhere at the End of Time - Stage 6	3.50 stars
4.00 stars	The Comet Is Coming - Trust in the Lifeforce of the Deep Mystery	3.50 stars
3.50 stars	Orville Peck - Pony	3.50 stars
3.50 stars	Fennesz - Agora	2.50 stars
3.50 stars	Quelle Chris - Guns	3.00 stars
3.50 stars	Billy Woods & Kenny Segal - Hiding Places	3.50 stars
4.00 stars	Weyes Blood - Titanic Rising	4.00 stars
3.50 stars	Slauson Malone - A Quiet Farwell, 2016–2018	3.00 stars
3.50 stars	Lizzo - Cuz I Love You	3.00 stars
3.50 stars	Kelsey Lu - Blood	3.50 stars
4.00 stars	Kevin Abstract - ARIZONA BABY	3.00 stars
2.50 stars	Otoboke Beaver - いてこまヒッツ (Itekoma Hits)	3.50 stars
4.00 stars	Weatherday - Come In	3.50 stars
3.00 stars	Vampire Weekend - Father of the Bride	2.50 stars
3.50 stars	Big Thief - U.F.O.F.	3.50 stars
3.00 stars	Holly Herndon - PROTO	2.50 stars
3.50 stars	Tim Hecker - Anoyo	3.50 stars
3.00 stars	Carly Rae Jepsen - Dedicated	3.50 stars
3.50 stars	Tyler, the Creator - Igor	4.00 stars
4.00 stars	Injury Reserve - Injury Reserve	3.00 stars
3.00 stars	Bill Callahan - Shepherd in a Sheepskin Vest	3.00 stars
3.00 stars	Shinichiro Yokota - I Know You Like It	3.00 stars
3.00 stars	Hatchie - Keepsake	3.00 stars
4.00 stars	black midi - Schlagenheim	4.00 stars
4.00 stars	Freddie Gibbs & Madlib - Bandana	4.00 stars
4.00 stars	Purple Mountains - Purple Mountains	3.50 stars
3.00 stars	Lingua Ignota - Caligula	3.50 stars
3.00 stars	Blanck Mass - Animated Violence Mild	3.50 stars
4.00 stars	Tropical Fuck Storm - Braindrops	3.50 stars
3.00 stars	3776 - 歳時記 (Saijiki)	3.50 stars
4.00 stars	Mgła - Age of Excuse	3.50 stars
3.50 stars	Charli XCX - Charli	3.00 stars
4.00 stars	(Sandy) Alex G - House of Sugar	3.50 stars
4.00 stars	JPEGMAFIA - All My Heroes Are Cornballs	4.00 stars
4.00 stars	Girl Band - The Talkies	3.00 stars
4.00 stars	Danny Brown - uknowhatimsayin¿	3.50 stars
4.00 stars	Angel Olsen - All Mirrors	4.00 stars
4.00 stars	Lightning Bolt - Sonic Citadel	3.50 stars
4.00 stars	Big Thief - Two Hands	3.50 stars
4.00 stars	clipping. - There Existed an Addiction to Blood	3.50 stars
3.50 stars	Earl Sweatshirt - Feet of Clay	3.00 stars
4.00 stars	Liturgy - H.A.Q.Q.	3.50 stars
3.00 stars	Chat Pile - Remove Your Skin Please	3.50 stars
4.00 stars	Duster - Duster	3.50 stars
4.00 stars	Denzel Curry x Kenny Beats - Unlocked	3.00 stars
4.00 stars	My Bloody Valentine - Loveless	5.00 stars
3.50 stars	Natural Snow Buildings - The Dance of the Moon and the Sun	4.00 stars
4.00 stars	Neutral Milk Hotel - In the Aeroplane Over the Sea	5.00 stars
3.50 stars	The New Pornographers - Twin Cinema	3.50 stars
4.00 stars	Joanna Newsom - Ys	5.00 stars
3.50 stars	Nirvana - In utero	4.00 stars
4.00 stars	of Montreal - Hissing Fauna, Are You the Destroyer?	4.00 stars
3.50 stars	The Olivia Tremor Control - Music From the Unrealized Film Script, Dusk at Cubist Castle	3.50 stars
3.50 stars	The Olivia Tremor Control - Black Foliage: Animation Music Volume 1	3.50 stars
3.50 stars	Angel Olsen - Half Way Home	3.50 stars
4.00 stars	Angel Olsen - Burn Your Fire for No Witness	3.00 stars
4.00 stars	Oneohtrix Point Never - Replica	3.50 stars
4.00 stars	OutKast - ATLiens	4.50 stars
3.50 stars	Jai Paul - Leak 04-13 (Bait Ones)	3.50 stars
3.50 stars	Pavement - Watery, Domestic	4.00 stars
3.50 stars	Pere Ubu - The Modern Dance	3.50 stars
3.50 stars	Linda Perhacs - Parallelograms	3.50 stars
4.00 stars	Ariel Pink - Pom Pom	3.50 stars
4.00 stars	Ariel Pink - Dedicated to Bobby Jameson	3.00 stars
4.00 stars	Pink Floyd - The Piper at the Gates of Dawn	3.50 stars
3.50 stars	Pink Floyd - The Dark Side of the Moon	4.50 stars
4.00 stars	Caroline Polachek - Pang	4.00 stars
4.00 stars	Viet Cong - Cassette	3.50 stars
4.00 stars	Viet Cong - Viet Cong	3.50 stars
3.00 stars	Public Enemy - It Takes a Nation of Millions to Hold Us Back	4.00 stars
3.00 stars	The Radio Dept. - Lesser Matters	3.50 stars
4.00 stars	Radiohead - OK Computer	4.50 stars
4.00 stars	Radiohead - Kid A	4.50 stars
3.50 stars	Ramones - Ramones	3.50 stars
3.50 stars	Rapeman - Two Nuns and a Pack Mule	3.50 stars
3.50 stars	Jay Reatard - Blood Visions	4.00 stars
3.00 stars	Lou Reed - Berlin	3.50 stars
3.50 stars	Steve Reich - Music for 18 Musicians	4.50 stars
3.50 stars	R.E.M. - Reckoning	4.00 stars
3.50 stars	R.E.M. - Lifes Rich Pageant	4.00 stars
3.00 stars	Terry Riley - A Rainbow in Curved Air	3.50 stars
3.50 stars	Matana Roberts - Coin Coin Chapter One: Gens de couleur libres	4.00 stars
3.50 stars	Artur Rubinstein - The Nocturnes	3.50 stars
4.00 stars	Arthur Russell - Another Thought	3.50 stars
3.50 stars	Shellac - 1000 Hurts	3.00 stars
4.00 stars	The Smiths - Hatful of Hollow	4.00 stars
4.00 stars	The Smiths - The Queen Is Dead	4.50 stars
3.50 stars	The Sonic Youth - Sister	3.50 stars
3.50 stars	Sonic Youth - Dirty	3.00 stars
3.50 stars	SOPHIE - Oil of Every Pearl's Un-Insides	3.50 stars
3.50 stars	The Sound - Jeopardy	4.00 stars
3.00 stars	Spiritualized® - Ladies and Gentlemen We Are Floating in Space	4.00 stars
3.50 stars	Spoon - Kill the Moonlight	3.50 stars
4.00 stars	Stars of the Lid - The Tired Sounds Of	3.50 stars
4.00 stars	Steely Dan - Aja	4.00 stars
3.50 stars	Stereolab - Mars Audiac Quintet	3.50 stars
4.00 stars	Sufjan Stevens - Carrie & Lowell	5.00 stars
3.00 stars	Andy Stott - Faith in Strangers	3.00 stars
3.50 stars	Studio - West Coast	4.00 stars
2.50 stars	Sun Kil Moon - Benji	3.00 stars
3.50 stars	Sunn O))) - Monoliths & Dimensions	3.50 stars
3.50 stars	Talking Heads - Remain in Light	4.50 stars
4.00 stars	Talking Heads - The Name of This Band Is Talking Heads	4.00 stars
4.00 stars	Talk Talk - Spirit of Eden	5.00 stars
3.50 stars	The Tallest Man on Earth - The Wild Hunt	3.50 stars
4.00 stars	Thinking Fellers Union Local 282 - Strangers From the Universe	4.00 stars
4.00 stars	This Heat - This Heat	3.50 stars
3.50 stars	Throbbing Gristle - 20 Jazz Funk Greats	3.00 stars
3.00 stars	tricot - T H E	3.50 stars
3.00 stars	TV on the Radio - Return to Cookie Mountain	3.50 stars
3.50 stars	Unknown Mortal Orchestra - Multi-Love	3.00 stars
3.50 stars	Unsane - Scattered, Smothered & Covered	3.50 stars
3.00 stars	U.S. Girls - In a Poem Unlimited	3.00 stars
4.00 stars	Various Artists - No New York	3.50 stars
4.50 stars	The Velvet Underground - White Light / White Heat	4.50 stars
3.00 stars	The Velvet Underground - Loaded	3.50 stars
3.50 stars	Tom Waits - Swordfishtrombones	4.00 stars
3.50 stars	Tom Waits - Rain Dogs	4.00 stars
3.50 stars	Tom Waits - Bone Machine	4.00 stars
4.50 stars	Wipers - Is This Real?	4.00 stars
4.00 stars	Wipers - Youth of America	4.00 stars
3.50 stars	Xiu Xiu - Plays the Music of Twin Peaks	3.50 stars
4.00 stars	Yo La Tengo - I Am Not Afraid of You and I Will Beat Your Ass	3.00 stars
4.00 stars	Neil Young - After the Gold Rush	4.00 stars
3.50 stars	Young Thug - Jeffery	3.50 stars
rental and Aveybear disagree: (59)
rental	Album	Aveybear
3.50 stars	David Bowie - Station to Station	5.00 stars
3.50 stars	Kate Bush - Hounds of Love	5.00 stars
4.50 stars	Cindy Lee - What's Tonight to Eternity	3.00 stars
5.00 stars	Ornette Coleman - The Shape of Jazz to Come	3.50 stars
3.00 stars	Fishmans - 98.12.28 男達の別れ (98.12.28 Otokotachi no Wakare)	5.00 stars
3.00 stars	Godspeed You Black Emperor! - Slow Riot for New Zerø Kanada E.P.	5.00 stars
3.50 stars	Joy Division - Closer	5.00 stars
2.50 stars	Magma - Mekanïk Destruktïw Kommandöh	4.00 stars
3.00 stars	Charlie Mingus - Blues & Roots	4.50 stars
2.50 stars	Led Zeppelin - Led Zeppelin	4.00 stars
3.50 stars	Pharoah Sanders - Karma	5.00 stars
3.00 stars	Frank Zappa - Hot Rats	4.50 stars
3.50 stars	Can - Future Days	5.00 stars
3.00 stars	Camel - Mirage	4.50 stars
5.00 stars	Wipers - Over the Edge	3.50 stars
2.50 stars	The Stone Roses - The Stone Roses	4.00 stars
3.50 stars	The Cure - Disintegration	5.00 stars
4.00 stars	Cows - 'Cunning Stunts'	2.50 stars
3.50 stars	Wu-Tang Clan - Enter the Wu-Tang (36 Chambers)	5.00 stars
3.00 stars	Kyuss - Kyuss [Welcome to Sky Valley]	4.50 stars
3.00 stars	Fishmans - Long Season	5.00 stars
3.50 stars	DJ Shadow - Endtroducing.....	5.00 stars
3.50 stars	Built to Spill - Perfect From Now On	5.00 stars
3.00 stars	Elliott Smith - Either / Or	4.50 stars
3.00 stars	Björk - Homogenic	5.00 stars
3.00 stars	Swans - Swans Are Dead	4.50 stars
3.00 stars	Gorguts - Obscura	4.50 stars
3.00 stars	Sigur Rós - Ágætis byrjun	4.50 stars
3.50 stars	Godspeed You Black Emperor! - Lift Yr. Skinny Fists Like Antennas to Heaven!	5.00 stars
3.00 stars	Cannibal Ox - The Cold Vein	4.50 stars
3.00 stars	Björk - Vespertine	5.00 stars
3.50 stars	The Microphones - Mount Eerie	5.00 stars
3.00 stars	Sweet Trip - Velocity : Design : Comfort	5.00 stars
4.00 stars	The Goslings - Grandeur of Hair	2.50 stars
3.50 stars	Viper - You'll Cowards Don't Even Smoke Crack	2.00 stars
2.50 stars	The Antlers - Hospice	4.00 stars
4.50 stars	Unknown Mortal Orchestra - Unknown Mortal Orchestra	2.50 stars
4.00 stars	Mac DeMarco - Rock and Roll Night Club	2.50 stars
5.00 stars	Parquet Courts - Light Up Gold	3.00 stars
4.50 stars	Deerhunter - Monomania	3.00 stars
4.00 stars	Parkay Quarts - Content Nausea	2.50 stars
4.50 stars	Young Thug - Barter 6	3.00 stars
4.00 stars	Kid Cudi - Speedin' Bullet 2 Heaven	0.50 stars
4.00 stars	Young Thug - Slime Season 3	2.50 stars
2.00 stars	Swans - The Glowing Man	4.00 stars
5.00 stars	Mitski - Puberty 2	3.50 stars
4.50 stars	(Sandy) Alex G - Rocket	3.00 stars
4.00 stars	Young Thug - Beautiful Thugger Girls	2.00 stars
3.50 stars	Deerhunter - Why Hasn't Everything Already Disappeared?	2.00 stars
4.00 stars	Rico Nasty & Kenny Beats - Anger Management	2.50 stars
4.50 stars	Aldous Harding - Designer	3.00 stars
4.00 stars	100 Gecs - 1000 Gecs	2.50 stars
4.50 stars	Denzel Curry - Zuu	3.00 stars
4.00 stars	Young Thug - So Much Fun	2.00 stars
5.00 stars	Parquet Courts - Human Performance	3.00 stars
2.00 stars	Pink Floyd - Wish You Were Here	5.00 stars
4.50 stars	Travis Scott - Astroworld	2.50 stars
3.00 stars	Sufjan Stevens - The Age of Adz	4.50 stars
4.00 stars	Unknown Mortal Orchestra - II	2.50 stars