rental	Album	Chasedbybees
3.00 stars	The 90 Day Men - To Everybody	2.50 stars
3.50 stars	Abe Vigoda - Reviver	4.00 stars
3.00 stars	American Football - American Football	4.00 stars
4.00 stars	Animal Collective - Fall Be Kind	4.00 stars
3.50 stars	Aphex Twin - Selected Ambient Works 85-92	3.50 stars
3.00 stars	Armand Hammer - Paraffin	4.00 stars
3.50 stars	Bark Psychosis - Hex	4.00 stars
4.00 stars	The Beach Boys - Pet Sounds	5.00 stars
4.00 stars	Beat Happening - You Turn Me On	3.50 stars
4.00 stars	The Beatles - Abbey Road	5.00 stars
3.50 stars	Chuck Berry - The Great Twenty-Eight	4.00 stars
4.00 stars	Bibio - Ambivalence Avenue	3.50 stars
3.50 stars	Pinkish Black - Pinkish Black	3.50 stars
4.00 stars	Black Eyes - Black Eyes	4.00 stars
4.00 stars	Art Blakey and The Jazz Messengers - Art Blakey and The Jazz Messengers [Moanin']	4.00 stars
3.00 stars	Blank Dogs - Under and Under	3.00 stars
3.50 stars	Boards of Canada - Geogaddi	3.50 stars
3.50 stars	Booji Boys - Booji Boys	3.50 stars
4.00 stars	The Books - The Lemon of Pink	4.00 stars
3.50 stars	David Bowie - Station to Station	4.00 stars
3.50 stars	David Bowie - "Heroes"	4.00 stars
3.00 stars	Tyondai Braxton - Central Market	3.50 stars
3.00 stars	Tim Buckley - Goodbye and Hello	4.00 stars
4.00 stars	Tim Buckley - Starsailor	5.00 stars
4.00 stars	Burial - Street Halo	3.00 stars
3.50 stars	Kate Bush - Hounds of Love	4.00 stars
4.00 stars	Butthole Surfers - Rembrandt Pussyhorse	4.00 stars
4.00 stars	Butthole Surfers - Locust Abortion Technician	4.00 stars
3.00 stars	Cabaret Voltaire - Red Mecca	4.00 stars
3.00 stars	Camberwell Now - All's Well	4.00 stars
4.00 stars	Can - Soundtracks	4.00 stars
3.00 stars	Jefre Cantu-Ledesma - On the Echoing Green	3.50 stars
3.00 stars	Nick Cave & The Bad Seeds - Skeleton Tree	3.50 stars
4.00 stars	Cloud Nothings - Attack on Memory	4.00 stars
4.00 stars	Cloud Nothings - Life Without Sound	3.50 stars
3.50 stars	Cocteau Twins - Head Over Heels	4.00 stars
4.00 stars	Cocteau Twins - Heaven or Las Vegas	4.50 stars
5.00 stars	Ornette Coleman - The Shape of Jazz to Come	4.50 stars
3.50 stars	Ornette Coleman - Change of the Century	4.00 stars
4.00 stars	Comus - First Utterance	4.50 stars
3.50 stars	Converge - The Dusk in Us	3.50 stars
3.50 stars	Crystal Stilts - In Love With Oblivion	3.00 stars
3.50 stars	Cul de Sac - ECIM	4.00 stars
3.50 stars	The Damned - Damned Damned Damned	4.50 stars
3.50 stars	Daughters - Daughters	4.00 stars
4.00 stars	Miles Davis - Get Up With It	4.00 stars
3.50 stars	Death Grips - Government Plates	3.50 stars
3.50 stars	Death Grips - Niggas on the Moon: The Powers That B Disc 1	3.50 stars
3.50 stars	Deerhoof - Breakup Song	4.00 stars
3.50 stars	Deerhunter - Rainwater Cassette Exchange	4.00 stars
3.50 stars	Deerhunter - Fading Frontier	3.50 stars
3.50 stars	Aaron Dilloway - Modern Jester	3.50 stars
3.50 stars	Dirty Three - Ocean Songs	4.00 stars
3.00 stars	Disco Inferno - Technicolour	3.50 stars
3.00 stars	DJ Nigga Fox - Crânio	4.00 stars
3.50 stars	DNA - DNA on DNA	3.50 stars
3.50 stars	The Dodos - Visiter	3.50 stars
3.50 stars	The Doors - The Doors	4.00 stars
3.50 stars	Dope Body - Natural History	4.00 stars
3.50 stars	Nick Drake - Five Leaves Left	4.50 stars
3.00 stars	Dreamdecay - Yú	4.00 stars
3.50 stars	Kevin Drumm - Sheer Hellish Miasma	4.50 stars
4.00 stars	Dum Dum Girls - Only in Dreams	3.00 stars
4.00 stars	Earth - The Bees Made Honey in the Lion's Skull	3.50 stars
4.00 stars	Eddy Current Suppression Ring - Primary Colours	3.50 stars
3.50 stars	The Ex - Starters Alternators	4.00 stars
3.50 stars	John Fahey - Volume 5: The Transfiguration of Blind Joe Death	4.50 stars
3.50 stars	John Fahey - Fare Forward Voyagers (Soldier's Choice)	4.00 stars
3.00 stars	Th Faith Healers - Lido	4.00 stars
3.50 stars	The Fall - Live at the Witch Trials	4.50 stars
4.00 stars	The Fall - Slates	4.50 stars
4.00 stars	The Fall - Perverted by Language	4.00 stars
3.50 stars	feedtime - Feedtime	4.00 stars
3.00 stars	Fire! - (Without Noticing)	3.50 stars
4.00 stars	Fleet Foxes - Crack-Up	4.00 stars
3.50 stars	Flipper - Album: Generic Flipper	4.50 stars
3.50 stars	Freak Heat Waves - Bonnie's State of Mind	4.00 stars
4.00 stars	The Fresh & Onlys - Play It Strange	4.00 stars
3.50 stars	Fuck Buttons - Tarot Sport	3.00 stars
3.50 stars	Fugazi - Repeater	4.50 stars
4.00 stars	Gang of Four - Entertainment!	5.00 stars
2.50 stars	Ghost - Lama Rabi Rabi	3.50 stars
3.50 stars	Daughn Gibson - All Hell	4.00 stars
3.00 stars	Girl Band - Holding Hands With Jamie	4.00 stars
3.00 stars	Gnod - Chapel Perilous	4.00 stars
3.00 stars	Godspeed You Black Emperor! - Slow Riot for New Zerø Kanada E.P.	4.00 stars
3.00 stars	Grimes - Visions	4.00 stars
3.50 stars	Grouper - Dragging a Dead Deer Up a Hill	4.00 stars
4.00 stars	Guided by Voices - Alien Lanes	5.00 stars
4.00 stars	Harvey Milk - Courtesy and Good Will Toward Men	3.50 stars
3.00 stars	Have a Nice Life - The Unnatural World	3.50 stars
4.00 stars	Tim Hecker - Harmony in Ultraviolet	4.50 stars
3.50 stars	Tim Hecker - Virgins	3.50 stars
3.50 stars	Hellier Ulysses - Ulysses Hellier	4.00 stars
4.00 stars	James Holden & the Animal Spirits - The Animal Spirits	4.00 stars
3.50 stars	Jon Hopkins - Immunity	4.00 stars
3.50 stars	Hot Snakes - Jericho Sirens	4.00 stars
3.50 stars	Hüsker Dü - Everything Falls Apart	3.50 stars
4.00 stars	Hüsker Dü - New Day Rising	4.50 stars
3.50 stars	Jackie-O Motherfucker - Fig. 5	4.50 stars
3.50 stars	Antônio Carlos Jobim - Wave	4.00 stars
3.50 stars	Joy Division - Closer	4.00 stars
3.00 stars	LAM - LAM	3.50 stars
4.00 stars	Kendrick Lamar - DAMN.	3.50 stars
3.00 stars	LCD Soundsystem - This Is Happening	4.00 stars
4.00 stars	Les Savy Fav - Inches	4.50 stars
4.00 stars	Love - Forever Changes	4.00 stars
4.50 stars	Lower Dens - Twin-Hand Movement	4.00 stars
3.50 stars	Lower Dens - Nootropics	4.00 stars
2.50 stars	Magma - Mekanïk Destruktïw Kommandöh	3.50 stars
4.00 stars	Makthaverskan - Makthaverskan II	3.50 stars
3.50 stars	Male Bonding - Nothing Hurts	4.00 stars
4.00 stars	John Maus - A Collection of Rarities and Previously Unreleased Material	3.50 stars
4.00 stars	John Maus - Addendum	3.50 stars
3.50 stars	Curtis Mayfield - Superfly	4.50 stars
3.00 stars	Melvins - Eggnog	4.00 stars
3.50 stars	Menomena - Friend and Foe	3.00 stars
4.00 stars	Metallica - Ride the Lightning	4.00 stars
4.00 stars	MGMT - Little Dark Age	4.00 stars
3.50 stars	The Microphones - The Glow Pt. 2	4.50 stars
4.00 stars	Milk Music - Beyond Living	4.00 stars
4.00 stars	Milk Music - Cruise Your Illusion	3.50 stars
3.50 stars	Mobb Deep - The Infamous	3.50 stars
4.00 stars	Modest Mouse - This Is a Long Drive for Someone With Nothing to Think About	3.50 stars
3.50 stars	Janelle Monáe - The ArchAndroid	4.00 stars
3.50 stars	Janelle Monáe - The Electric Lady	3.00 stars
4.50 stars	Moondog - Moondog	4.50 stars
4.00 stars	Morphine - Cure for Pain	4.00 stars
3.00 stars	Mr. Bungle - Mr. Bungle	3.50 stars
3.50 stars	Little Richard - Here's Little Richard	4.50 stars
3.50 stars	Marty Robbins - Gunfighter Ballads and Trail Songs	4.00 stars
3.50 stars	John Coltrane - My Favorite Things	4.50 stars
4.00 stars	The Ornette Coleman Double Quartet - Free Jazz	4.50 stars
4.00 stars	Sandy Bull - Fantasias for Guitar and Banjo	5.00 stars
4.00 stars	Mingus - The Black Saint and the Sinner Lady	5.00 stars
4.00 stars	John Coltrane - A Love Supreme	4.50 stars
3.50 stars	The Sonics - Here Are The Sonics!!!	4.00 stars
3.50 stars	Bob Dylan - Highway 61 Revisited	4.50 stars
3.50 stars	Junior Wells' Chicago Blues Band - Hoodoo Man Blues	4.00 stars
4.50 stars	Jackson C. Frank - Jackson C. Frank	4.50 stars
3.50 stars	Bob Dylan - Blonde on Blonde	4.00 stars
4.50 stars	The Velvet Underground & Nico - The Velvet Underground & Nico	4.50 stars
3.50 stars	The Beatles - Sgt. Pepper's Lonely Hearts Club Band	4.00 stars
3.00 stars	The Peter Brötzmann Octet - Machine Gun	4.00 stars
4.00 stars	Dr. John, The Night Tripper - Gris-Gris	4.00 stars
4.00 stars	The Zombies - Odessey and Oracle	4.50 stars
3.50 stars	Os Mutantes - Os Mutantes	4.50 stars
3.50 stars	Pearls Before Swine - Balaklava	4.00 stars
4.00 stars	The Kinks - The Kinks Are the Village Green Preservation Society	5.00 stars
3.50 stars	Van Morrison - Astral Weeks	4.50 stars
3.50 stars	The Pretty Things - S.F. Sorrow	4.50 stars
2.50 stars	Led Zeppelin - Led Zeppelin	3.50 stars
4.00 stars	The Velvet Underground - The Velvet Underground	5.00 stars
3.50 stars	Tim Buckley - Happy Sad	4.50 stars
3.50 stars	Pharoah Sanders - Karma	4.50 stars
4.00 stars	Captain Beefheart & His Magic Band - Trout Mask Replica	5.00 stars
3.50 stars	Miles Davis - In a Silent Way	4.50 stars
4.00 stars	The Can - Monster Movie	4.50 stars
3.00 stars	The Stooges - The Stooges	4.00 stars
4.00 stars	Townes Van Zandt - Townes Van Zandt	5.00 stars
4.50 stars	Scott Engel - Scott 4	5.00 stars
3.50 stars	The Kinks - Arthur or the Decline and Fall of the British Empire	4.50 stars
3.50 stars	Fairport Convention - Liege & Lief	4.50 stars
4.00 stars	Exuma - Exuma	4.50 stars
3.50 stars	Syd Barrett - The Madcap Laughs	3.50 stars
3.00 stars	Crosby, Stills, Nash & Young - Déjà vu	3.50 stars
3.50 stars	Miles Davis - Bitches Brew	4.50 stars
4.00 stars	Creedence Clearwater Revival - Cosmo's Factory	4.50 stars
3.50 stars	Tim Buckley - Lorca	3.50 stars
3.50 stars	Nick Drake - Bryter Layter	4.00 stars
3.50 stars	Captain Beefheart & The Magic Band - Lick My Decals Off, Baby	4.50 stars
3.50 stars	Faust - Faust	4.00 stars
3.50 stars	Chico Buarque - Construção	4.50 stars
4.50 stars	Michael Hurley - Armchair Boogie	4.00 stars
4.00 stars	Serge Gainsbourg - Histoire de Melody Nelson	4.00 stars
3.00 stars	Marvin Gaye - What's Going On	3.50 stars
3.00 stars	Black Sabbath - Master of Reality	4.00 stars
3.50 stars	The Who - Who's Next	3.50 stars
4.00 stars	Can - Tago Mago	4.50 stars
4.00 stars	David Bowie - Hunky Dory	4.50 stars
3.50 stars	Pharoah Sanders - Black Unity	4.50 stars
4.00 stars	Nick Drake - Pink Moon	5.00 stars
4.00 stars	David Bowie - The Rise and Fall of Ziggy Stardust and the Spiders From Mars	4.00 stars
3.50 stars	Steely Dan - Can't Buy a Thrill	4.00 stars
4.50 stars	Can - Ege Bamyasi	5.00 stars
3.50 stars	Lou Reed - Transformer	4.50 stars
4.00 stars	Iggy and The Stooges - Raw Power	4.00 stars
3.50 stars	David Bowie - Aladdin Sane	4.50 stars
4.00 stars	Steely Dan - Countdown to Ecstasy	4.50 stars
3.50 stars	Stevie Wonder - Innervisions	4.50 stars
3.00 stars	Steely Dan - Pretzel Logic	4.00 stars
3.50 stars	Eno - Taking Tiger Mountain (By Strategy)	4.00 stars
3.00 stars	NEU! - NEU! '75	4.00 stars
3.50 stars	Bob Dylan - Blood on the Tracks	4.50 stars
3.50 stars	Eno - Another Green World	4.50 stars
3.50 stars	Thin Lizzy - Jailbreak	4.00 stars
4.00 stars	Stevie Wonder - Songs in the Key of Life	3.50 stars
3.50 stars	Chrome - Alien Soundtracks	4.00 stars
3.50 stars	Fela Anikulapo Kuti and Afrika 70 - Zombie	4.50 stars
4.00 stars	David Bowie - Low	5.00 stars
4.00 stars	Television - Marquee Moon	5.00 stars
3.50 stars	Kraftwerk - Trans Europa Express	4.50 stars
3.50 stars	Iggy Pop - The Idiot	4.00 stars
3.50 stars	The Clash - The Clash	4.50 stars
4.00 stars	Talking Heads - Talking Heads: 77	4.50 stars
4.00 stars	Ramones - Rocket to Russia	4.50 stars
4.00 stars	Suicide - Suicide	3.50 stars
4.50 stars	Wire - Pink Flag	5.00 stars
4.00 stars	Robbie Basho - Visions of the Country	4.00 stars
3.50 stars	Brian Eno - Ambient 1: Music for Airports	4.00 stars
3.50 stars	Kraftwerk - Die Mensch-Maschine	3.50 stars
4.00 stars	Talking Heads - More Songs About Buildings and Food	4.50 stars
4.00 stars	Wire - Chairs Missing	4.50 stars
4.00 stars	Devo - Q: Are We Not Men? A: We Are Devo!	4.50 stars
3.50 stars	Blondie - Parallel Lines	4.00 stars
3.50 stars	Pere Ubu - Dub Housing	4.50 stars
4.00 stars	Public Image Ltd - Public Image	4.50 stars
3.50 stars	Lizzy Mercier Descloux - Press Color	3.50 stars
4.00 stars	Black Flag - Nervous Breakdown	4.00 stars
4.00 stars	Chrome - Half Machine Lip Moves	4.50 stars
3.50 stars	Stiff Little Fingers - Inflammable Material	3.50 stars
3.50 stars	Contortions - Buy	4.50 stars
4.00 stars	The Pop Group - Y	3.50 stars
3.50 stars	Joy Division - Unknown Pleasures	4.00 stars
4.50 stars	The Slits - Cut	4.50 stars
3.50 stars	Buzzcocks - Singles Going Steady	4.50 stars
4.00 stars	Wire - 154	4.50 stars
3.50 stars	Yellow Magic Orchestra - Solid State Survivor	4.50 stars
4.00 stars	The Damned - Machine Gun Etiquette	4.00 stars
4.00 stars	PiL - Metal Box	4.50 stars
3.50 stars	Young Marble Giants - Colossal Youth	4.00 stars
3.50 stars	The Feelies - Crazy Rhythms	4.00 stars
4.00 stars	X - Los Angeles	4.00 stars
4.00 stars	The Soft Boys - Underwater Moonlight	5.00 stars
3.50 stars	Dead Kennedys - Fresh Fruit for Rotting Vegetables	3.50 stars
3.50 stars	Gang of Four - Solid Gold	4.00 stars
3.50 stars	The Cure - Faith	3.50 stars
3.50 stars	Au Pairs - Playing With a Different Sex	4.00 stars
4.50 stars	Mission of Burma - Signals, Calls, and Marches	4.50 stars
4.00 stars	The Gun Club - Fire of Love	4.00 stars
4.00 stars	This Heat - Deceit	5.00 stars
4.00 stars	Glenn Branca - The Ascension	4.50 stars
3.50 stars	Misfits - Walk Among Us	4.00 stars
4.50 stars	The Fall - Hex Enduction Hour	4.50 stars
4.00 stars	The Gun Club - Miami	4.50 stars
4.50 stars	Mission of Burma - Vs.	4.00 stars
4.00 stars	The Dream Syndicate - The Days of Wine and Roses	4.00 stars
3.00 stars	Michael Jackson - Thriller	3.50 stars
3.50 stars	Minutemen - What Makes a Man Start Fires?	4.50 stars
3.50 stars	Djeli Moussa Diawara - Yasimika	4.50 stars
5.00 stars	Wipers - Over the Edge	4.00 stars
3.50 stars	Violent Femmes - Violent Femmes	3.50 stars
3.50 stars	Sonic-Youth - Confusion Is Sex	4.00 stars
3.50 stars	R.E.M. - Murmur	4.00 stars
3.00 stars	New Order - Power, Corruption & Lies	4.00 stars
3.50 stars	Butthole Surfers - Butthole Surfers	4.00 stars
3.50 stars	Butthole Surfers - Psychic...Powerless...Another Man's Sac	4.50 stars
4.00 stars	The Smiths - The Smiths	4.50 stars
4.00 stars	Black Flag - My War	4.00 stars
4.50 stars	Meat Puppets - Meat Puppets II	4.50 stars
4.00 stars	Hüsker Dü - Zen Arcade	4.50 stars
3.00 stars	Flipper - Gone Fishin'	4.00 stars
4.00 stars	The Replacements - Let It Be	3.00 stars
5.00 stars	Minutemen - Double Nickels on the Dime	5.00 stars
4.00 stars	Cocteau Twins - Treasure	4.50 stars
3.00 stars	Camper Van Beethoven - Telephone Free Landslide Victory	4.00 stars
3.00 stars	Big Black - Racer-X	4.00 stars
3.50 stars	The Smiths - Meat Is Murder	3.50 stars
3.50 stars	Sonic-Youth - Bad Moon Rising	4.00 stars
4.00 stars	Meat Puppets - Up on the Sun	4.50 stars
4.00 stars	Mekons - Fear and Whiskey	4.50 stars
3.50 stars	Hüsker Dü - Flip Your Wig	4.00 stars
4.00 stars	The Fall - This Nation's Saving Grace	4.00 stars
3.50 stars	The Jesus and Mary Chain - Psychocandy	4.00 stars
4.00 stars	Big Black - Atomizer	4.00 stars
4.00 stars	Metallica - Master of Puppets	4.00 stars
3.50 stars	Sonic Youth - EVOL	4.50 stars
4.00 stars	The Chameleons - Strange Times	3.00 stars
3.50 stars	Slayer - Reign in Blood	4.50 stars
3.50 stars	XTC - Skylarking	4.00 stars
3.50 stars	Hüsker Dü - Warehouse: Songs and Stories	3.00 stars
3.00 stars	Prince - Sign "☮" the Times	3.00 stars
4.50 stars	Dinosaur - You're Living All Over Me	4.50 stars
3.50 stars	Big Black - Songs About Fucking	4.00 stars
3.50 stars	The Feelies - Only Life	4.00 stars
4.00 stars	Galaxie 500 - Today	4.50 stars
3.50 stars	Pixies - Surfer Rosa	4.50 stars
4.50 stars	Joy Division - Substance 1977-1980	4.50 stars
3.50 stars	Cocteau Twins - Blue Bell Knoll	4.00 stars
4.00 stars	Sonic Youth - Daydream Nation	5.00 stars
3.50 stars	Dinosaur Jr - Bug	4.00 stars
3.50 stars	My Bloody Valentine - Isn't Anything	4.00 stars
4.00 stars	Fushitsusha - 1st	4.00 stars
4.00 stars	Kronos Quartet / Pat Metheny - Different Trains; Electric Counterpoint	4.50 stars
2.50 stars	The Stone Roses - The Stone Roses	3.50 stars
4.50 stars	Pixies - Doolittle	4.50 stars
3.50 stars	The Cure - Disintegration	4.50 stars
3.50 stars	Beastie Boys - Paul's Boutique	4.50 stars
3.50 stars	Bastro - Diablo Guapo	4.00 stars
3.50 stars	The Wedding Present - Bizarro	4.50 stars
4.00 stars	NoMeansNo - Wrong	4.00 stars
3.50 stars	Godflesh - Streetcleaner	3.50 stars
4.00 stars	Sun City Girls - Torch of the Mystics	4.50 stars
3.00 stars	Nick Cave & The Bad Seeds - The Good Son	4.00 stars
3.50 stars	Sonic Youth - Goo	4.00 stars
3.50 stars	Ride - Nowhere	4.00 stars
3.50 stars	Drive Like Jehu - Drive Like Jehu	4.50 stars
4.00 stars	The Jesus Lizard - Goat	4.50 stars
5.00 stars	Slint - Spiderland	5.00 stars
3.50 stars	The Ex + Tom Cora - Scrabbling at the Lock	4.50 stars
3.00 stars	Slowdive - Just for a Day	3.50 stars
2.50 stars	Red Hot Chili Peppers - Blood Sugar Sex Magik	3.00 stars
3.50 stars	Nirvana - Nevermind	4.50 stars
3.50 stars	A Tribe Called Quest - The Low End Theory	4.50 stars
4.00 stars	Scratch Acid - The Greatest Gift	4.00 stars
3.00 stars	Superchunk - No Pocky for Kitty	3.50 stars
4.00 stars	Talk Talk - Laughing Stock	4.50 stars
3.00 stars	Unrest - Imperial f.f.r.r.	4.00 stars
5.00 stars	Pavement - Slanted and Enchanted	5.00 stars
3.00 stars	The Nation of Ulysses - Plays Pretty for Baby	4.00 stars
4.00 stars	Cows - 'Cunning Stunts'	4.00 stars
3.50 stars	Red House Painters - Down Colorful Hill	4.50 stars
4.00 stars	The Jesus Lizard - Liar	5.00 stars
3.00 stars	Rage Against the Machine - Rage Against the Machine	2.50 stars
3.00 stars	The Pharcyde - Bizarre Ride II the Pharcyde	3.50 stars
3.50 stars	Man or Astro-Man? - Is It...	3.50 stars
4.50 stars	Moss Icon - Lyburnum Wits End Liberation Fly	3.50 stars
3.50 stars	Slowdive - Souvlaki	4.00 stars
3.00 stars	Fugazi - In on the Kill Taker	4.00 stars
4.00 stars	Unwound - Fake Train	4.00 stars
3.00 stars	Smashing Pumpkins - Siamese Dream	3.50 stars
3.00 stars	Seam - The Problem With Me	4.00 stars
4.50 stars	Yo La Tengo - Painful	4.00 stars
4.00 stars	Wu-Tang Clan - Enter the Wu-Tang (36 Chambers)	4.50 stars
3.00 stars	Autechre - Incunabula	4.00 stars
4.50 stars	Pavement - Crooked Rain, Crooked Rain	4.50 stars
4.00 stars	Low - I Could Live in Hope	4.50 stars
4.00 stars	Disco Inferno - D. I. Go Pop	4.00 stars
3.50 stars	Unwound - New Plastic Ideas	4.00 stars
3.50 stars	Nas - Illmatic	3.50 stars
3.50 stars	Nick Cave and The Bad Seeds - Let Love In	4.00 stars
3.50 stars	Weezer - Weezer [Blue Album]	3.50 stars
5.00 stars	Guided by Voices - Bee Thousand	4.50 stars
3.50 stars	Portishead - Dummy	3.50 stars
4.00 stars	Sebadoh - Bakesale	4.00 stars
4.00 stars	Shellac - At Action Park	4.00 stars
3.50 stars	Autechre - Amber	4.00 stars
4.00 stars	Oval - 94 Diskont	3.50 stars
3.50 stars	Death - Symbolic	4.00 stars
3.50 stars	Pavement - Wowee Zowee	4.00 stars
3.50 stars	Unwound - The Future of What	4.00 stars
3.50 stars	Fugazi - Red Medicine	4.50 stars
3.50 stars	Don Caballero - Don Caballero 2	4.50 stars
3.50 stars	Sonic Youth - Washing Machine	4.00 stars
3.50 stars	Autechre - Tri repetae	4.00 stars
3.50 stars	Ground-Zero - 革命京劇 Revolutionary Pekinese Opera Ver.1.28 (Kakumeikyōgeki)	4.00 stars
3.50 stars	Mainliner - Mellow Out	4.50 stars
3.50 stars	Swirlies - They Spent Their Wild Youthful Days in the Glittering World of the Salons	4.00 stars
4.00 stars	Tortoise - Millions Now Living Will Never Die	4.50 stars
3.00 stars	Burzum - Filosofem	3.00 stars
3.50 stars	Stereolab - Emperor Tomato Ketchup	4.50 stars
3.50 stars	Guided by Voices - Under the Bushes Under the Stars	4.00 stars
4.00 stars	Brainiac - Hissing Prigs in Static Couture	4.00 stars
3.50 stars	Unwound - Repetition	4.50 stars
3.50 stars	Gastr del Sol - Upgrade & Afterlife	4.50 stars
4.00 stars	Weezer - Pinkerton	3.00 stars
3.50 stars	Swans - Soundtracks for the Blind	4.50 stars
4.00 stars	Aphex Twin - Richard D. James Album	5.00 stars
4.00 stars	Belle and Sebastian - If You're Feeling Sinister	4.00 stars
3.50 stars	DJ Shadow - Endtroducing.....	3.50 stars
3.50 stars	U.S. Maple - Sang Phat Editor	4.00 stars
4.00 stars	Laddio Bolocko - Strange Warmings of Laddio Bolocko	4.00 stars
3.50 stars	Built to Spill - Perfect From Now On	4.50 stars
3.50 stars	Pavement - Brighten the Corners	4.00 stars
3.00 stars	Elliott Smith - Either / Or	3.50 stars
3.50 stars	Brainiac - Electro-Shock for President	4.00 stars
3.00 stars	Sleater-Kinney - Dig Me Out	3.50 stars
4.00 stars	Yo La Tengo - I Can Hear the Heart Beating as One	5.00 stars
3.00 stars	Squarepusher - Hard Normal Daddy	4.00 stars
3.50 stars	lowercase - Kill the Lights	4.00 stars
3.00 stars	Björk - Homogenic	4.00 stars
3.50 stars	Modest Mouse - The Lonesome Crowded West	4.50 stars
3.50 stars	Unwound - Challenge for a Civilized Society	4.00 stars
3.00 stars	AIR - Moon Safari	4.00 stars
3.50 stars	Tortoise - TNT	4.00 stars
3.50 stars	Boards of Canada - Music Has the Right to Children	4.00 stars
3.00 stars	Uzeda - Different Section Wires	3.50 stars
4.50 stars	Royal Trux - Accelerator	4.00 stars
4.00 stars	Don Caballero - What Burns Never Returns	5.00 stars
3.00 stars	Gorguts - Obscura	4.00 stars
3.00 stars	Mercury Rev - Deserter's Songs	4.00 stars
4.00 stars	Blur - 13	4.00 stars
4.00 stars	lowercase - The Going Away Present	4.00 stars
3.50 stars	Pavement - Terror Twilight	3.50 stars
4.50 stars	U.S. Maple - Talker	5.00 stars
3.00 stars	Sigur Rós - Ágætis byrjun	3.50 stars
3.50 stars	The Flaming Lips - The Soft Bulletin	4.50 stars
4.00 stars	Toumani Diabaté With Ballaké Sissoko - New Ancient Strings	4.00 stars
4.00 stars	Loren MazzaCane Connors - Airs	4.00 stars
3.50 stars	The Dismemberment Plan - Emergency & I	3.50 stars
4.00 stars	Jim O'Rourke - Halfway to a Threeway	4.00 stars
3.50 stars	Yo La Tengo - And Then Nothing Turned Itself Inside-Out	4.50 stars
3.00 stars	Clinic - Internal Wrangler	4.00 stars
4.00 stars	Modest Mouse - The Moon & Antarctica	4.00 stars
3.50 stars	Avey Tare and Panda Bear - Spirit They're Gone Spirit They've Vanished	4.00 stars
3.50 stars	Godspeed You Black Emperor! - Lift Yr. Skinny Fists Like Antennas to Heaven!	4.50 stars
3.50 stars	Electric Wizard - Dopethrone	4.50 stars
3.00 stars	PJ Harvey - Stories From the City, Stories From the Sea	3.00 stars
4.00 stars	Unwound - Leaves Turn Inside You	4.50 stars
3.00 stars	Cannibal Ox - The Cold Vein	3.50 stars
4.50 stars	Fennesz - Endless Summer	3.50 stars
3.00 stars	Björk - Vespertine	3.50 stars
3.00 stars	Sparklehorse - It's a Wonderful Life	4.00 stars
4.00 stars	Converge - Jane Doe	3.50 stars
3.00 stars	Tomahawk - Tomahawk	3.50 stars
3.50 stars	Liars - They Threw Us All in a Trench and Stuck a Monument on Top	3.50 stars
3.50 stars	Jim O'Rourke - Insignificance	4.00 stars
3.00 stars	Tim Hecker - Haunt Me, Haunt Me Do It Again	4.00 stars
3.50 stars	Jim O'Rourke - I'm Happy, and I'm Singing, and a 1, 2, 3, 4	4.00 stars
3.50 stars	...And You Will Know Us by the Trail of Dead - Source Tags & Codes	3.50 stars
4.50 stars	Wilco - Yankee Hotel Foxtrot	3.50 stars
4.00 stars	The Books - Thought for Food	4.50 stars
3.50 stars	Spoon - Kill the Moonlight	4.00 stars
4.00 stars	Interpol - Turn On the Bright Lights	3.50 stars
3.00 stars	Sigur Rós - ( )	3.00 stars
4.00 stars	the Mountain Goats - Tallahassee	3.50 stars
4.00 stars	Supersilent - 6	4.00 stars
3.50 stars	The Microphones - Mount Eerie	4.00 stars
3.50 stars	Lightning Bolt - Wonderful Rainbow	4.00 stars
4.00 stars	Magnolia Electric Co. - The Magnolia Electric Co.	4.00 stars
3.50 stars	M. Ward - Transfiguration of Vincent	4.00 stars
4.00 stars	Deerhoof - Apple O'	4.50 stars
3.00 stars	Manitoba - Up in Flames	4.00 stars
3.00 stars	Sleep - Dopesmoker	3.50 stars
4.00 stars	Four Tet - Rounds	4.00 stars
3.50 stars	Boris - あくまのうた (Akuma no Uta)	4.50 stars
3.50 stars	Broadcast - Haha Sound	4.50 stars
4.00 stars	Boris - Boris at Last -Feedbacker-	4.00 stars
3.50 stars	Liars - They Were Wrong, So We Drowned	4.50 stars
4.00 stars	Madvillain - Madvillainy	4.50 stars
4.00 stars	of Montreal - Satanic Panic in the Attic	4.50 stars
3.50 stars	Devendra Banhart - Rejoicing in the Hands	3.50 stars
3.50 stars	Animal Collective - Sung Tongs	4.50 stars
4.00 stars	Reigning Sound - Too Much Guitar	3.50 stars
3.50 stars	Charalambides - Joy Shapes	3.50 stars
3.50 stars	Black Dice - Creature Comforts	4.00 stars
3.50 stars	Mastodon - Leviathan	4.50 stars
4.00 stars	Sufjan Stevens - Illinois	4.00 stars
4.00 stars	The Psychic Paramount - Gamelan Into the Mink Supernatural	4.00 stars
4.00 stars	Earth - Hex; or Printing in the Infernal Method	4.00 stars
3.50 stars	Lightning Bolt - Hypermagic Mountain	3.50 stars
4.00 stars	Animal Collective - Feels	4.50 stars
4.00 stars	Boris - Pink	3.50 stars
4.50 stars	Coil - The Ape of Naples	4.00 stars
3.50 stars	Belong - October Language	4.00 stars
3.00 stars	Wolf Eyes - Human Animal	4.00 stars
3.50 stars	Deerhoof - Friend Opportunity	4.00 stars
3.50 stars	Klaxons - Myths of the Near Future	2.50 stars
3.50 stars	Marissa Nadler - Songs III: Bird on the Water	3.50 stars
3.50 stars	Stars of the Lid - And Their Refinement of the Decline	3.50 stars
4.00 stars	Blonde Redhead - 23	3.00 stars
3.50 stars	Battles - Mirrored	4.50 stars
3.50 stars	The National - Boxer	3.50 stars
3.00 stars	Spoon - Ga Ga Ga Ga Ga	3.50 stars
4.00 stars	Animal Collective - Strawberry Jam	4.00 stars
3.50 stars	Sightings - Through the Panama	4.50 stars
4.00 stars	Burial - Untrue	3.50 stars
4.00 stars	John Maus - Love Is Real	4.00 stars
4.00 stars	Have a Nice Life - Deathconsciousness	3.50 stars
3.50 stars	Fuck Buttons - Street Horrrsing	2.50 stars
3.50 stars	Beach House - Devotion	4.00 stars
2.50 stars	Cut Copy - In Ghost Colours	2.00 stars
3.50 stars	Kevin Drumm - Imperial Distortion	3.50 stars
4.50 stars	Fleet Foxes - Fleet Foxes	4.00 stars
3.50 stars	Mount Eerie with Julie Doiron & Fred Squire - Lost Wisdom	4.00 stars
4.50 stars	Deerhunter - Microcastle / Weird Era Continued	4.50 stars
4.00 stars	Animal Collective - Merriweather Post Pavilion	4.50 stars
3.50 stars	Dan Deacon - Bromst	4.00 stars
4.00 stars	Thee Oh Sees - Help	4.00 stars
3.50 stars	Japandroids - Post-Nothing	3.50 stars
3.00 stars	Passion Pit - Manners	2.00 stars
3.00 stars	Bill Orcutt - A New Way to Pay Old Debts	3.50 stars
3.50 stars	HEALTH - Get Color	4.00 stars
4.00 stars	The Flaming Lips - Embryonic	3.50 stars
3.00 stars	Vampire Weekend - Contra	3.00 stars
3.00 stars	Four Tet - There Is Love in You	3.50 stars
4.50 stars	Beach House - Teen Dream	4.50 stars
3.50 stars	Factory Floor - Lying / A Wooden Box	3.50 stars
3.50 stars	Gonjasufi - A Sufi and a Killer	3.00 stars
3.50 stars	Titus Andronicus - The Monitor	3.00 stars
3.50 stars	Flying Lotus - Cosmogramma	4.00 stars
3.00 stars	Emeralds - Does It Look Like I'm Here?	3.50 stars
4.00 stars	Ariel Pink's Haunted Graffiti - Before Today	4.50 stars
3.00 stars	OPN - Returnal	3.50 stars
4.50 stars	Deerhunter - Halcyon Digest	4.00 stars
5.00 stars	Women - Public Strain	5.00 stars
3.50 stars	Twin Shadow - Forget	4.00 stars
4.00 stars	The Soft Moon - The Soft Moon	4.00 stars
3.50 stars	Kanye West - My Beautiful Dark Twisted Fantasy	3.00 stars
3.50 stars	Women / Cold Pumas / Fair Ohs / Friendo - Women / Cold Pumas / Fair Ohs / Friendo	3.50 stars
4.00 stars	Iceage - New Brigade	4.00 stars
3.50 stars	Destroyer - Kaputt	3.50 stars
3.50 stars	Yuck - Yuck	3.50 stars
4.00 stars	Colin Stetson - New History Warfare Vol. 2: Judges	3.50 stars
4.00 stars	Grouper - A I A: Alien Observer	4.00 stars
4.00 stars	Death Grips - Exmilitary	4.00 stars
3.50 stars	Dope Body - Nupping	4.00 stars
4.00 stars	The Men - Leave Home	4.00 stars
4.00 stars	The Caretaker - An Empty Bliss Beyond This World	3.50 stars
3.00 stars	Woods - Sun and Shade	4.00 stars
4.50 stars	Unknown Mortal Orchestra - Unknown Mortal Orchestra	4.00 stars
4.50 stars	John Maus - We Must Become the Pitiless Censors of Ourselves	4.00 stars
4.00 stars	Kendrick Lamar - Section.80	3.00 stars
4.00 stars	Danny Brown - XXX	3.50 stars
3.50 stars	Real Estate - Days	4.00 stars
3.50 stars	Car Seat Headrest - Twin Fantasy	3.50 stars
4.00 stars	Thee Oh Sees - Carrion Crawler / The Dream EP	4.50 stars
4.00 stars	Lil Ugly Mane - Mista Thug Isolation	3.50 stars
3.50 stars	Burial - Kindred EP	3.50 stars
4.00 stars	Mind Spiders - Meltdown	3.50 stars
4.50 stars	The Men - Open Your Heart	4.00 stars
4.00 stars	Julia Holter - Ekstasis	3.50 stars
3.50 stars	Lower - Walk on Heads	4.00 stars
4.00 stars	Merchandise - Children of Desire	3.50 stars
4.00 stars	Androgynous Mind - Nightstalker	3.50 stars
3.00 stars	White Suns - Sinews	4.00 stars
3.50 stars	Death Grips - The Money Store	3.50 stars
3.50 stars	Shackleton - Music for the Quiet Hour / The Drawbar Organ EPs	3.50 stars
4.00 stars	Beach House - Bloom	4.50 stars
3.50 stars	Telstar Drugs - Telstar Drugs	4.00 stars
3.00 stars	Japandroids - Celebration Rock	3.00 stars
4.50 stars	Fiona Apple - The Idler Wheel Is Wiser Than the Driver of the Screw and Whipping Cords Will Serve You More Than Ropes Will Ever Do	3.50 stars
3.50 stars	Frank Ocean - channel ORANGE	2.50 stars
5.00 stars	Parquet Courts - Light Up Gold	4.50 stars
3.50 stars	Goat - World Music	4.00 stars
3.00 stars	Swans - The Seer	3.50 stars
4.00 stars	Grizzly Bear - Shields	4.50 stars
4.00 stars	Death Grips - NO LOVE DEEP WEB	3.50 stars
4.00 stars	Tame Impala - Lonerism	4.00 stars
3.50 stars	Converge - All We Love We Leave Behind	3.50 stars
3.50 stars	METZ - METZ	4.00 stars
4.00 stars	Mac DeMarco - 2	4.00 stars
4.00 stars	Kendrick Lamar - good kid, m.A.A.d city	3.50 stars
4.50 stars	Cindy Lee - Tatlashea	3.50 stars
3.00 stars	Fire! Orchestra - Exit!	4.00 stars
3.50 stars	My Bloody Valentine - m b v	4.50 stars
4.00 stars	Iceage - You're Nothing	3.50 stars
3.50 stars	The Men - New Moon	4.00 stars
4.00 stars	Parquet Courts - Borrowed Time	4.00 stars
3.50 stars	Merchandise - Totale Nite	3.00 stars
4.00 stars	Deerhunter - Monomania	4.00 stars
3.00 stars	Pharmakon - Abandon	3.00 stars
4.00 stars	Vampire Weekend - Modern Vampires of the City	3.00 stars
3.50 stars	Dirty Beaches - Drifters / Love Is the Devil	3.50 stars
3.50 stars	Deafheaven - Sunbather	3.00 stars
3.00 stars	Kanye West - Yeezus	3.00 stars
5.00 stars	Holden - The Inheritors	4.50 stars
3.00 stars	Run the Jewels - Run the Jewels	4.00 stars
4.00 stars	Fuck Buttons - Slow Focus	3.50 stars
3.50 stars	Faux Fur - Faux Fur	4.00 stars
3.50 stars	Raspberry Bulbs - Deformed Worship	4.00 stars
3.50 stars	Diarrhea Planet - I'm Rich Beyond Your Wildest Dreams	3.50 stars
3.50 stars	Julia Holter - Loud City Song	4.00 stars
3.50 stars	Forest Swords - Engravings	3.50 stars
4.00 stars	Huerco S. - Colonial Patterns	3.50 stars
3.50 stars	Oneohtrix Point Never - R Plus Seven	3.50 stars
4.00 stars	Melt-Banana - Fetch	3.50 stars
3.50 stars	Darkside - Psychic	3.50 stars
4.00 stars	Parkay Quarts - Tally All the Things That You Broke	3.50 stars
3.50 stars	DJ Rashad - Double Cup	3.50 stars
3.00 stars	Ricky Eat Acid - Three Love Songs	3.00 stars
3.50 stars	Innercity Ensemble - II	4.50 stars
4.00 stars	The Men - Tomorrow's Hits	3.50 stars
4.00 stars	Freddie Gibbs & Madlib - Piñata	4.00 stars
3.00 stars	The Body - I Shall Die Here	3.00 stars
3.50 stars	HTRK - Psychic 9-5 Club	3.00 stars
3.50 stars	Cloud Nothings - Here and Nowhere Else	4.00 stars
4.00 stars	Mac DeMarco - Salad Days	3.50 stars
3.00 stars	Todd Terje - It's Album Time	4.00 stars
4.00 stars	Fennesz - Bécs	3.50 stars
4.00 stars	Ought - More Than Any Other Day	4.50 stars
3.00 stars	Ben Frost - A U R O R A	4.00 stars
3.50 stars	Sharon Van Etten - Are We There	3.50 stars
3.50 stars	Parquet Courts - Sunbathing Animal	4.00 stars
4.50 stars	Total Control - Typical System	3.50 stars
4.00 stars	Telstar Drugs - Weather Underground	4.00 stars
4.00 stars	Un Blonde - Tenet	3.50 stars
4.00 stars	Naomi Punk - Television Man	3.50 stars
2.50 stars	Ty Segall - Manipulator	3.50 stars
3.50 stars	Steve Gunn - Way Out Weather	4.00 stars
4.00 stars	Iceage - Plowing Into the Field of Love	3.00 stars
3.50 stars	Run the Jewels - Run the Jewels 2	4.00 stars
3.50 stars	Ought - Once More With Feeling	4.00 stars
3.50 stars	Raspberry Bulbs - Privacy	4.00 stars
4.00 stars	Parkay Quarts - Content Nausea	3.50 stars
3.00 stars	D'Angelo and The Vanguard - Black Messiah	4.00 stars
4.00 stars	Urochromes - Get in Line 4 Mental Decline	3.50 stars
4.50 stars	Zs - Xe	4.00 stars
4.00 stars	Levon Vincent - Levon Vincent	3.00 stars
4.50 stars	The Coneheads - L​.​P​.​1.: "14 Year Old High School PC​-​Fascist Hype Lords Rip Off Devo for the Sake of Extorting $​$​$ From Helpless Impressionable Midwestern Internet Peoplepunks L​.​P​."	3.50 stars
4.00 stars	Kendrick Lamar - To Pimp a Butterfly	3.50 stars
3.50 stars	Lightning Bolt - Fantasy Empire	4.00 stars
3.50 stars	Dawn of Humans - Slurping at the Cosmos Spine	3.50 stars
4.00 stars	Lower Dens - Escape From Evil	3.50 stars
3.50 stars	Hop Along - Painted Shut	3.00 stars
3.00 stars	Prurient - Frozen Niagara Falls	3.50 stars
3.50 stars	Thee Oh Sees - Mutilator Defeated at Last	3.50 stars
3.50 stars	Holly Herndon - Platform	3.50 stars
3.50 stars	Container - LP	4.00 stars
3.50 stars	Bully - Feels Like	3.00 stars
3.50 stars	Chelsea Wolfe - Abyss	3.50 stars
4.50 stars	Beach House - Depression Cherry	4.00 stars
3.00 stars	Blank Realm - Illegals in Heaven	3.50 stars
3.50 stars	U.S. Girls - Half Free	3.50 stars
4.00 stars	Julia Holter - Have You in My Wilderness	4.00 stars
3.00 stars	Deafheaven - New Bermuda	4.00 stars
4.00 stars	Joanna Newsom - Divers	4.50 stars
3.50 stars	Floating Points - Elaenia	4.00 stars
4.00 stars	Palm - Trading Basics	4.00 stars
3.50 stars	DJ Paypal - Sold Out	3.50 stars
4.50 stars	Cindy Lee - Malenkost	4.00 stars
4.50 stars	Cindy Lee - Act of Tenderness	4.00 stars
4.00 stars	David Bowie - ★ [Blackstar]	4.00 stars
3.50 stars	Nap Eyes - Thought Rock Fish Scale	4.00 stars
4.00 stars	Sheer Mag - III 7"	3.50 stars
3.50 stars	Kendrick Lamar - untitled unmastered.	4.00 stars
4.00 stars	Anna Meredith - Varmints	4.00 stars
4.00 stars	Hellier Ulysses - Prime Example	3.50 stars
3.50 stars	Deakin - Sleep Cycle	4.00 stars
3.50 stars	Tim Hecker - Love Streams	3.00 stars
3.50 stars	Aesop Rock - The Impossible Kid	4.00 stars
4.00 stars	King Gizzard and the Lizard Wizard - Nonagon Infinity	4.00 stars
3.50 stars	Death Grips - Bottomless Pit	3.50 stars
3.50 stars	Radiohead - A Moon Shaped Pool	4.00 stars
3.50 stars	Car Seat Headrest - Teens of Denial	4.00 stars
3.50 stars	Big Thief - Masterpiece	4.00 stars
3.50 stars	Yves Jarvis - Good Will Come to You	3.50 stars
3.50 stars	Huerco S. - For Those of You Who Have Never (And Also Those Who Have)	3.50 stars
3.50 stars	Christian Fennesz & Jim O'Rourke - It's Hard for Me to Say I'm Sorry	3.50 stars
4.00 stars	Jefre Cantu-Ledesma - In Summer	3.50 stars
3.00 stars	Blood Orange - Freetown Sound	3.50 stars
4.00 stars	Angel Olsen - MY WOMAN	4.00 stars
3.50 stars	Preoccupations - Preoccupations	3.50 stars
3.50 stars	Yves Tumor - Serpent Music	3.00 stars
4.00 stars	Danny Brown - Atrocity Exhibition	4.00 stars
3.50 stars	Powell - Sport	3.50 stars
4.50 stars	Weyes Blood - Front Row Seat to Earth	3.50 stars
3.50 stars	Innercity Ensemble - III	4.00 stars
4.00 stars	Tyvek - Origin of What	3.50 stars
3.50 stars	Dedekind Cut - $uccessor	3.50 stars
4.00 stars	A Tribe Called Quest - We got it from Here... Thank You 4 Your service	4.00 stars
3.50 stars	William Basinski - A Shadow in Time	3.50 stars
3.50 stars	Bedwetter - Volume 1: Flick Your Tongue Against Your Teeth and Describe the Present.	3.50 stars
3.00 stars	King Gizzard and the Lizard Wizard - Flying Microtonal Banana	3.50 stars
3.50 stars	Blanck Mass - World Eater	3.50 stars
3.50 stars	Gnod - Just Say No to the Psycho Right-Wing Capitalist Fascist Industrial Death Machine	3.50 stars
4.00 stars	Aaron Dilloway - The Gag File	3.50 stars
3.50 stars	Mac DeMarco - This Old Dog	3.50 stars
3.50 stars	Forest Swords - Compassion	3.50 stars
3.50 stars	Girlpool - Powerplant	4.00 stars
4.00 stars	(Sandy) Alex G - Rocket	3.50 stars
4.00 stars	Corridor - Supermercado	4.00 stars
4.00 stars	Richard Dawson - Peasant	3.50 stars
3.50 stars	LINGUA IGNOTA - All Bitches Die	3.00 stars
3.50 stars	Big Thief - Capacity	4.00 stars
3.00 stars	Palm - Shadow Expert	4.00 stars
3.50 stars	Sheer Mag - Need to Feel Your Love	3.00 stars
3.50 stars	Milo - Who Told You to Think​?​?​!​!​?​!​?​!​?​!	4.00 stars
3.00 stars	Chad VanGaalen - Light Information	4.00 stars
3.50 stars	METZ - Strange Peace	4.00 stars
4.00 stars	Iglooghost - Neō Wax Bloom	3.50 stars
4.00 stars	Protomartyr - Relatives in Descent	4.00 stars
4.00 stars	King Krule - The Ooz	4.00 stars
3.50 stars	John Maus - Screen Memories	3.50 stars
4.00 stars	Daniele Luppi & Parquet Courts - MILANO	4.00 stars
3.50 stars	Bibio - Phantom Brickworks	3.00 stars
3.50 stars	Angel Olsen - Phases	3.50 stars
3.50 stars	M.E.S.H. - Hesaitix	3.50 stars
3.00 stars	Shame - Songs of Praise	3.50 stars
3.00 stars	Shopping - The Official Body	3.00 stars
4.00 stars	JPEGMAFIA - Veteran	3.50 stars
3.50 stars	Car Seat Headrest - Twin Fantasy	3.50 stars
3.00 stars	Against All Logic - 2012 - 2017	4.00 stars
3.50 stars	Preoccupations - New Material	3.50 stars
5.00 stars	Amen Dunes - Freedom	4.00 stars
3.50 stars	Kali Uchis - Isolation	3.50 stars
3.50 stars	Rival Consoles - Persona	3.00 stars
3.50 stars	Chris Reimer - Hello People	3.50 stars
3.50 stars	Iceage - Beyondless	4.00 stars
4.00 stars	Tropical Fuck Storm - A Laughing Death in Meatspace	3.50 stars
4.00 stars	Beach House - 7	4.00 stars
4.50 stars	Parquet Courts - Wide Awaaaaake!	4.00 stars
3.00 stars	Deeper - Deeper	3.50 stars
4.00 stars	Pusha T - DAYTONA	3.50 stars
3.50 stars	Oneohtrix Point Never - Age Of	3.50 stars
3.50 stars	Snail Mail - Lush	2.50 stars
3.50 stars	Death Grips - Year of the Snitch	3.50 stars
3.50 stars	Deafheaven - Ordinary Corrupt Human Love	3.50 stars
3.50 stars	Denzel Curry - TA13OO	3.50 stars
3.50 stars	Mid-Air Thief - 무너지기 (Crumbling)	4.00 stars
3.00 stars	Iglooghost - Clear Tamei	3.50 stars
4.00 stars	Cindy Lee - Model Express	4.00 stars
3.00 stars	Protomartyr / Spray Paint - Irony Prompts a Party Rat	3.50 stars
4.00 stars	Mitski - Be the Cowboy	3.50 stars
3.50 stars	Blood Orange - Negro Swan	3.50 stars
3.50 stars	Yves Tumor - Safe in the Hands of Love	4.00 stars
3.00 stars	Amnesia Scanner - Another Life	3.50 stars
3.50 stars	Low - Double Negative	4.00 stars
3.00 stars	Tim Hecker - Konoyo	3.50 stars
3.50 stars	Cloud Nothings - Last Building Burning	3.50 stars
3.50 stars	Julia Holter - Aviary	3.50 stars
3.50 stars	Daughters - You Won't Get What You Want	4.00 stars
3.50 stars	Felicia Atkinson / Jefre Cantu-Ledesma - Limpid as the Solitudes	3.50 stars
4.50 stars	Earl Sweatshirt - Some Rap Songs	3.50 stars
4.00 stars	My Bloody Valentine - Loveless	4.50 stars
3.00 stars	Neutral Milk Hotel - On Avery Island	3.00 stars
4.00 stars	Neutral Milk Hotel - In the Aeroplane Over the Sea	3.50 stars
4.00 stars	Joanna Newsom - Ys	4.00 stars
3.00 stars	Niechęć - Niechęć	3.00 stars
3.50 stars	Nivhek - After Its Own Death / Walking in a Spiral Towards the House	3.00 stars
3.50 stars	No Age - Losing Feeling	4.00 stars
3.00 stars	No Age - Snares Like a Haircut	3.50 stars
4.00 stars	of Montreal - Hissing Fauna, Are You the Destroyer?	4.00 stars
3.50 stars	The Olivia Tremor Control - Music From the Unrealized Film Script, Dusk at Cubist Castle	4.00 stars
3.50 stars	Angel Olsen - Half Way Home	3.50 stars
4.00 stars	Angel Olsen - Burn Your Fire for No Witness	4.00 stars
4.00 stars	Oneohtrix Point Never - Replica	3.50 stars
3.00 stars	Oranssi Pazuzu - Värähtelijä	4.00 stars
4.00 stars	Ought - Sun Coming Down	4.50 stars
3.50 stars	Ought - Room Inside the World	4.00 stars
4.00 stars	OutKast - ATLiens	4.50 stars
3.50 stars	Oxbow - Thin Black Duke	3.50 stars
3.00 stars	The Pains of Being Pure at Heart - The Pains of Being Pure at Heart	3.00 stars
3.50 stars	Owen Pallett - Heartland	3.50 stars
3.50 stars	Palm - Rock Island	4.00 stars
3.00 stars	Van Dyke Parks - Song Cycle	3.50 stars
4.00 stars	Parquet Courts - American Specialties	3.50 stars
5.00 stars	Parquet Courts - Human Performance	4.00 stars
3.50 stars	Pavement - Watery, Domestic	4.50 stars
4.00 stars	Pere Ubu - The Modern Dance	5.00 stars
4.00 stars	Perfect Pussy - I Have Lost All Desire for Feeling	3.00 stars
3.50 stars	Linda Perhacs - Parallelograms	3.50 stars
4.00 stars	Ariel Pink - Pom Pom	3.50 stars
3.50 stars	Ariel Pink - Dedicated to Bobby Jameson	3.50 stars
4.00 stars	Pink Floyd - The Piper at the Gates of Dawn	5.00 stars
3.50 stars	Pink Floyd - The Dark Side of the Moon	4.50 stars
4.00 stars	Pissed Jeans - King of Jeans	4.00 stars
3.50 stars	Polvo - Celebrate the New Dark Age	4.00 stars
3.00 stars	Posse - Soft Opening	4.00 stars
3.50 stars	Posse - Horse Blanket	4.00 stars
4.00 stars	Jessica Pratt - On Your Own Love Again	4.00 stars
4.00 stars	Viet Cong - Cassette	4.50 stars
4.00 stars	Viet Cong - Viet Cong	4.00 stars
3.00 stars	Elvis Presley - Elvis Presley	4.00 stars
3.50 stars	Protomartyr - Under Color of Official Right	4.00 stars
4.00 stars	Protomartyr - The Agent Intellect	4.00 stars
4.00 stars	Protomartyr - Consolation E.P.	4.00 stars
3.50 stars	Pylon - Gyrate	4.00 stars
4.00 stars	Radiohead - OK Computer	5.00 stars
4.00 stars	Radiohead - Kid A	4.50 stars
3.50 stars	The Raincoats - The Raincoats	4.50 stars
4.00 stars	Ramones - Ramones	5.00 stars
3.50 stars	Rapeman - Two Nuns and a Pack Mule	4.50 stars
3.50 stars	Jay Reatard - Blood Visions	4.00 stars
4.00 stars	Otis Redding - Otis Blue: Otis Redding Sings Soul	4.50 stars
4.00 stars	The Red Crayola with The Familiar Ugly - The Parable of Arable Land	4.50 stars
4.00 stars	Red Sea - Yardsticks for Human Intelligence	4.00 stars
3.00 stars	Red Sea - In the Salon	3.50 stars
3.00 stars	Lou Reed - Berlin	4.00 stars
3.50 stars	R.E.M. - Reckoning	4.50 stars
3.50 stars	R.E.M. - Lifes Rich Pageant	4.00 stars
3.50 stars	Residents - Meet the Residents	3.50 stars
3.50 stars	Terry Riley - In C	4.50 stars
3.00 stars	Terry Riley - A Rainbow in Curved Air	4.00 stars
3.50 stars	Matana Roberts - Coin Coin Chapter One: Gens de couleur libres	4.00 stars
3.50 stars	Rolling Blackouts C.F. - Hope Downs	4.00 stars
2.50 stars	Rosetta - The Galilean Satellites	3.00 stars
4.00 stars	Royal Headache - Royal Headache	3.50 stars
4.50 stars	Sheer Mag - Sheer Mag	3.50 stars
3.50 stars	Shellac - 1000 Hurts	4.50 stars
3.00 stars	Skee Mask - Compro	3.50 stars
3.50 stars	The Smiths - Hatful of Hollow	4.00 stars
4.00 stars	The Smiths - The Queen Is Dead	4.00 stars
4.50 stars	Smith Westerns - Dye It Blonde	3.50 stars
3.00 stars	Soccer Mommy - Clean	3.00 stars
3.50 stars	Sonic Youth - Dirty	4.50 stars
3.50 stars	SOPHIE - Oil of Every Pearl's Un-Insides	3.50 stars
3.50 stars	Spray Paint - Dopers	3.50 stars
4.00 stars	Steely Dan - Aja	4.00 stars
3.50 stars	Stereolab - Mars Audiac Quintet	4.00 stars
4.00 stars	Sufjan Stevens - Carrie & Lowell	4.00 stars
3.50 stars	Andy Stott - Faith in Strangers	3.50 stars
4.00 stars	Sun City Girls - 330,003 Crossdressers From Beyond the Rig Veda	4.50 stars
2.50 stars	Sun Kil Moon - Benji	3.50 stars
3.50 stars	Sunn O))) - Monoliths & Dimensions	3.50 stars
3.50 stars	Pete Swanson - Man With Potential	4.00 stars
4.00 stars	Swell Maps - A Trip to Marineville	4.50 stars
4.00 stars	Swell Maps - ...In "Jane From Occupied Europe"	4.50 stars
3.50 stars	Talking Heads - Remain in Light	4.50 stars
4.00 stars	Talking Heads - The Name of This Band Is Talking Heads	4.50 stars
4.00 stars	Talk Talk - Spirit of Eden	5.00 stars
3.50 stars	The Tallest Man on Earth - The Wild Hunt	4.00 stars
3.50 stars	Thinking Fellers Union Local 282 - Lovelyville	4.50 stars
3.50 stars	Thinking Fellers Union Local 282 - Mother of All Saints	4.50 stars
4.00 stars	Thinking Fellers Union Local 282 - Strangers From the Universe	5.00 stars
3.50 stars	Thinking Fellers Union Local 282 - I Hope It Lands	4.00 stars
3.00 stars	Thinking Fellers Union Local 282 - Bob Dinners and Larry Noodles Present Tubby Turdner's Celebrity Avalanche	3.50 stars
4.00 stars	This Heat - This Heat	4.50 stars
3.50 stars	This Heat - Health and Efficiency	4.50 stars
3.50 stars	Throbbing Gristle - 20 Jazz Funk Greats	3.50 stars
3.00 stars	Times New Viking - Present the Paisley Reich	4.00 stars
4.50 stars	Total Control - Henge Beat	3.50 stars
4.50 stars	Total Control - Laughing at the System	3.50 stars
3.50 stars	TV on the Radio - Return to Cookie Mountain	4.00 stars
4.00 stars	Tyvek - Tyvek	4.00 stars
4.00 stars	Tyvek - Nothing Fits	3.50 stars
4.00 stars	Tyvek - On Triple Beams	4.00 stars
3.50 stars	Ultimate Painting - Ultimate Painting	3.50 stars
3.50 stars	Ultimate Painting - Green Lanes	3.50 stars
3.50 stars	Unknown Mortal Orchestra - II	3.50 stars
3.50 stars	Unsane - Scattered, Smothered & Covered	4.00 stars
3.00 stars	Urochromes - Night Bully EP	3.50 stars
3.00 stars	U.S. Girls - In a Poem Unlimited	3.50 stars
4.00 stars	U.S. Maple - Long Hair in Three Stages	4.50 stars
4.00 stars	Chad VanGaalen - Diaper Island	4.50 stars
3.50 stars	Townes Van Zandt - The Late Great Townes Van Zandt	4.50 stars
4.00 stars	Various Artists - No New York	4.50 stars
3.50 stars	Various Artists - Mono no aware	3.50 stars
4.00 stars	The Velvet Underground - White Light / White Heat	5.00 stars
3.00 stars	The Velvet Underground - Loaded	4.00 stars
3.50 stars	Tom Waits - Swordfishtrombones	4.50 stars
3.50 stars	Tom Waits - Bone Machine	4.50 stars
3.50 stars	Scott Walker - Scott 2	4.00 stars
3.00 stars	Weekend - Sports	4.00 stars
3.50 stars	White Fence - Cyclops Reap	3.50 stars
3.50 stars	Whitney - Light Upon the Lake	3.50 stars
4.50 stars	WHY? - Alopecia	3.50 stars
3.50 stars	Windy & Carl - Drawing of Sound	4.00 stars
4.00 stars	Wipers - Is This Real?	4.50 stars
4.00 stars	Wipers - Youth of America	4.50 stars
3.50 stars	Wolves in the Throne Room - Two Hunters	3.50 stars
4.50 stars	Women - Women	4.50 stars
4.50 stars	Women - Service Animal / Grey Skies	4.00 stars
3.50 stars	X - Under the Big Black Sun	3.50 stars
4.00 stars	Yo La Tengo - I Am Not Afraid of You and I Will Beat Your Ass	4.00 stars
rental and Chasedbybees disagree: (73)
rental	Album	Chasedbybees
3.00 stars	Boredoms - Super æ	5.00 stars
3.50 stars	Dum Dum Girls - I Will Be	2.00 stars
3.50 stars	Girls - Album	2.00 stars
3.00 stars	Dexter Gordon - Go	4.50 stars
3.00 stars	Leo Kottke - 6 & 12 String Guitar	4.50 stars
3.50 stars	Low - Things We Lost in the Fire	5.00 stars
3.00 stars	Charlie Mingus - Blues & Roots	4.50 stars
3.00 stars	Joni Mitchell - Blue	4.50 stars
3.50 stars	Miles Davis - Kind of Blue	5.00 stars
3.50 stars	Albert Ayler Trio - Spiritual Unity	5.00 stars
3.50 stars	Bob Dylan - Bringing It All Back Home	5.00 stars
3.00 stars	Love - Da Capo	4.50 stars
3.00 stars	Ennio Morricone - Il buono, il brutto, il cattivo	4.50 stars
3.00 stars	The Byrds - Younger Than Yesterday	4.50 stars
3.00 stars	The Jimi Hendrix Experience - Are You Experienced	4.50 stars
3.00 stars	Captain Beefheart and His Magic Band - Safe as Milk	4.50 stars
3.50 stars	The Kinks - Something Else by The Kinks	5.00 stars
3.50 stars	Leonard Cohen - Songs of Leonard Cohen	5.00 stars
3.00 stars	Frank Zappa - Hot Rats	4.50 stars
3.50 stars	The Stooges - Fun House	5.00 stars
3.00 stars	Amon Düül II - Yeti	4.50 stars
3.50 stars	T. Rex - Electric Warrior	5.00 stars
3.00 stars	Big Star - #1 Record	4.50 stars
3.00 stars	T. Rex - The Slider	4.50 stars
3.50 stars	Can - Future Days	5.00 stars
3.50 stars	Eno - Here Come the Warm Jets	5.00 stars
3.50 stars	Neil Young - On the Beach	5.00 stars
3.00 stars	Patti Smith - Horses	4.50 stars
3.00 stars	Elvis Costello - This Year's Model	4.50 stars
3.00 stars	Magazine - Real Life	4.50 stars
3.50 stars	Talking Heads - Fear of Music	5.00 stars
3.00 stars	Kraftwerk - Computerwelt	5.00 stars
3.00 stars	Orchestral Manœuvres in the Dark - Architecture & Morality	4.50 stars
2.50 stars	U2 - War	4.00 stars
3.00 stars	Robyn Hitchcock - I Often Dream of Trains	4.50 stars
3.00 stars	Talk Talk - The Colour of Spring	4.50 stars
3.50 stars	Bedhead - WhatFunLifeWas	5.00 stars
3.00 stars	Slowdive - Pygmalion	4.50 stars
3.00 stars	Beck - Odelay	4.50 stars
3.00 stars	Fishmans - Long Season	4.50 stars
3.00 stars	µ-Ziq - Lunatic Harness	4.50 stars
3.50 stars	Prodigy - The Fat of the Land	1.50 stars
2.50 stars	Bonnie 'Prince' Billy - I See a Darkness	4.50 stars
3.00 stars	Smog - Knock Knock	4.50 stars
3.00 stars	Built to Spill - Keep It Like a Secret	4.50 stars
5.00 stars	Life Without Buildings - Any Other City	3.50 stars
3.50 stars	Fugazi - The Argument	5.00 stars
3.00 stars	Sonic Youth - Murray Street	4.50 stars
4.00 stars	The Fiery Furnaces - Gallowsbird's Bark	2.00 stars
3.50 stars	Sightings - Arrived in Gold	5.00 stars
3.00 stars	Akron/Family - Akron/Family	4.50 stars
5.00 stars	J Dilla - Donuts	3.50 stars
3.00 stars	Grizzly Bear - Yellow House	4.50 stars
3.50 stars	Jens Lekman - Night Falls Over Kortedala	2.00 stars
3.50 stars	Sun Araw - On Patrol	1.50 stars
3.00 stars	Shabazz Palaces - Black Up	4.50 stars
3.00 stars	Keiji Haino, Jim O'Rourke & Oren Ambarchi - いみくずし (Imikuzushi)	4.50 stars
2.50 stars	Yvette - Process	4.00 stars
4.50 stars	Young Thug - Barter 6	3.00 stars
4.00 stars	Future - DS2	2.50 stars
2.00 stars	Swans - The Glowing Man	3.50 stars
5.00 stars	Mitski - Puberty 2	3.50 stars
5.00 stars	Frank Ocean - Blonde	3.00 stars
3.00 stars	Mount Eerie - A Crow Looked at Me	4.50 stars
5.00 stars	Alex Cameron - Forced Witness	3.00 stars
2.50 stars	Vundabar - Smell Smoke	4.00 stars
3.00 stars	Willie Nelson - Red Headed Stranger	4.50 stars
3.00 stars	The Psychic Paramount - II	4.50 stars
3.00 stars	Public Enemy - It Takes a Nation of Millions to Hold Us Back	4.50 stars
5.00 stars	Sheer Mag - II 7"	3.50 stars
3.50 stars	The Sonic Youth - Sister	5.00 stars
3.50 stars	Tom Waits - Rain Dogs	5.00 stars
2.50 stars	Youth Lagoon - The Year of Hibernation	4.00 stars