rental	Album	nplanet
3.00 stars	American Football - American Football	3.50 stars
4.00 stars	Antena - Camino del sol	3.00 stars
3.50 stars	Aphex Twin - Selected Ambient Works 85-92	3.50 stars
3.50 stars	Bark Psychosis - Hex	4.50 stars
4.00 stars	William Basinski - The Disintegration Loops	4.00 stars
3.50 stars	William Basinski - The Disintegration Loops II	4.00 stars
3.50 stars	William Basinski - The Disintegration Loops III	4.00 stars
3.50 stars	William Basinski - The Disintegration Loops IV	4.00 stars
3.00 stars	Baths - Cerulean	3.00 stars
4.00 stars	The Beach Boys - Pet Sounds	4.50 stars
4.00 stars	Beat Happening - You Turn Me On	3.50 stars
4.00 stars	The Beatles - Abbey Road	4.50 stars
4.00 stars	Belle & Sebastian - Dear Catastrophe Waitress	3.50 stars
3.50 stars	Big Blood - Dark Country Magic	3.50 stars
4.00 stars	Art Blakey and The Jazz Messengers - Art Blakey and The Jazz Messengers [Moanin']	3.50 stars
3.50 stars	Boards of Canada - Geogaddi	4.50 stars
4.00 stars	The Books - The Lemon of Pink	4.50 stars
3.50 stars	David Bowie - Station to Station	3.50 stars
3.50 stars	David Bowie - "Heroes"	4.00 stars
3.00 stars	Tim Buckley - Goodbye and Hello	4.00 stars
4.00 stars	Tim Buckley - Starsailor	4.50 stars
3.50 stars	Kate Bush - Hounds of Love	4.50 stars
3.00 stars	Cabaret Voltaire - Red Mecca	3.00 stars
4.00 stars	Can - Soundtracks	4.00 stars
3.50 stars	The Caretaker - Persistent Repetition of Phrases	3.50 stars
3.00 stars	Nick Cave & The Bad Seeds - Skeleton Tree	4.00 stars
3.50 stars	Cocteau Twins - Head Over Heels	4.50 stars
4.00 stars	Cocteau Twins - Heaven or Las Vegas	4.00 stars
4.00 stars	Lloyd Cole and The Commotions - Rattlesnakes	3.50 stars
5.00 stars	Ornette Coleman - The Shape of Jazz to Come	4.50 stars
4.00 stars	Comus - First Utterance	3.50 stars
4.00 stars	Lana Del Rey - Norman Fucking Rockwell!	3.00 stars
3.50 stars	Dirty Three - Ocean Songs	4.00 stars
3.50 stars	The Doors - The Doors	4.00 stars
3.50 stars	Nick Drake - Five Leaves Left	4.50 stars
4.00 stars	The Durutti Column - LC	4.00 stars
3.50 stars	John Fahey - Fare Forward Voyagers (Soldier's Choice)	4.00 stars
4.00 stars	The Fall - Perverted by Language	3.50 stars
3.50 stars	The Field Mice - Snowball	3.50 stars
3.50 stars	Flipper - Album: Generic Flipper	3.50 stars
4.00 stars	Gang of Four - Entertainment!	4.50 stars
4.00 stars	Philip Glass - Glassworks	4.00 stars
4.00 stars	Philip Glass - Koyaanisqatsi	4.00 stars
4.50 stars	The Go-Betweens - 16 Lovers Lane	3.50 stars
3.00 stars	Godspeed You Black Emperor! - Slow Riot for New Zerø Kanada E.P.	4.00 stars
4.00 stars	Guided by Voices - Alien Lanes	3.50 stars
3.00 stars	Jon Hassell - Fourth World Volume Two: Dream Theory in Malaya	3.50 stars
3.50 stars	Anna von Hausswolff - Dead Magic	3.50 stars
4.00 stars	Tim Hecker - Harmony in Ultraviolet	4.00 stars
3.50 stars	Tim Hecker - Virgins	4.00 stars
3.00 stars	Henry Cow - In Praise of Learning	3.50 stars
4.00 stars	Hüsker Dü - New Day Rising	3.50 stars
3.50 stars	Joy Division - Closer	4.00 stars
4.00 stars	Les Savy Fav - Inches	3.00 stars
4.00 stars	Love - Forever Changes	5.00 stars
3.50 stars	Low - Things We Lost in the Fire	4.50 stars
2.50 stars	Magma - Mekanïk Destruktïw Kommandöh	3.50 stars
3.50 stars	Curtis Mayfield - Superfly	4.00 stars
4.00 stars	Metallica - Ride the Lightning	3.00 stars
3.50 stars	The Microphones - The Glow Pt. 2	4.50 stars
3.00 stars	Charlie Mingus - Blues & Roots	4.00 stars
3.50 stars	Minutemen - Buzz or Howl Under the Influence of Heat	3.50 stars
3.00 stars	Joni Mitchell - Blue	3.00 stars
3.50 stars	Mobb Deep - The Infamous	3.00 stars
4.00 stars	Modest Mouse - This Is a Long Drive for Someone With Nothing to Think About	4.00 stars
3.50 stars	Janelle Monáe - The ArchAndroid	3.00 stars
4.50 stars	Moondog - Moondog	3.50 stars
4.00 stars	Morphine - Cure for Pain	3.50 stars
3.00 stars	Morrissey - Viva Hate	3.50 stars
3.50 stars	Little Richard - Here's Little Richard	3.50 stars
3.00 stars	Buddy Holly - Buddy Holly	3.50 stars
3.50 stars	Miles Davis - Kind of Blue	4.00 stars
3.50 stars	Marty Robbins - Gunfighter Ballads and Trail Songs	4.00 stars
3.50 stars	John Coltrane - My Favorite Things	3.50 stars
4.00 stars	The Ornette Coleman Double Quartet - Free Jazz	4.50 stars
4.00 stars	Sandy Bull - Fantasias for Guitar and Banjo	4.00 stars
4.00 stars	Mingus - The Black Saint and the Sinner Lady	5.00 stars
3.50 stars	Albert Ayler Trio - Spiritual Unity	4.50 stars
4.00 stars	John Coltrane - A Love Supreme	5.00 stars
3.50 stars	The Sonics - Here Are The Sonics!!!	3.50 stars
3.50 stars	Bob Dylan - Bringing It All Back Home	4.00 stars
3.50 stars	Bob Dylan - Highway 61 Revisited	4.00 stars
3.50 stars	Nina Simone - Pastel Blues	3.50 stars
4.50 stars	Jackson C. Frank - Jackson C. Frank	4.00 stars
3.50 stars	Bob Dylan - Blonde on Blonde	4.00 stars
3.00 stars	Love - Da Capo	4.00 stars
3.50 stars	Komeda Quintet - Astigmatic	4.00 stars
3.00 stars	Ennio Morricone - Il buono, il brutto, il cattivo	4.00 stars
4.50 stars	The Velvet Underground & Nico - The Velvet Underground & Nico	4.50 stars
3.50 stars	The Beatles - Sgt. Pepper's Lonely Hearts Club Band	3.50 stars
3.50 stars	The Kinks - Something Else by The Kinks	4.50 stars
3.00 stars	The Peter Brötzmann Octet - Machine Gun	3.50 stars
4.00 stars	Dr. John, The Night Tripper - Gris-Gris	4.00 stars
4.00 stars	The Zombies - Odessey and Oracle	4.50 stars
3.50 stars	Os Mutantes - Os Mutantes	4.00 stars
3.50 stars	The Millennium - Begin	3.50 stars
3.50 stars	Pearls Before Swine - Balaklava	3.50 stars
4.00 stars	The Kinks - The Kinks Are the Village Green Preservation Society	4.50 stars
3.50 stars	The Pretty Things - S.F. Sorrow	3.50 stars
2.50 stars	Led Zeppelin - Led Zeppelin	3.50 stars
4.00 stars	The Velvet Underground - The Velvet Underground	4.50 stars
3.50 stars	Tim Buckley - Happy Sad	4.50 stars
3.50 stars	Pharoah Sanders - Karma	4.00 stars
4.00 stars	Captain Beefheart & His Magic Band - Trout Mask Replica	4.50 stars
3.50 stars	Miles Davis - In a Silent Way	4.50 stars
4.00 stars	The Can - Monster Movie	4.00 stars
3.00 stars	The Stooges - The Stooges	4.00 stars
4.00 stars	Townes Van Zandt - Townes Van Zandt	4.50 stars
4.50 stars	Scott Engel - Scott 4	4.00 stars
3.00 stars	Frank Zappa - Hot Rats	4.00 stars
3.50 stars	The Kinks - Arthur or the Decline and Fall of the British Empire	4.00 stars
3.50 stars	Fairport Convention - Liege & Lief	4.50 stars
3.50 stars	Lee Hazlewood - Cowboy in Sweden	3.50 stars
4.00 stars	Mayo Thompson - Corky's Debt to His Father	3.50 stars
4.00 stars	Exuma - Exuma	4.00 stars
3.50 stars	Syd Barrett - The Madcap Laughs	3.50 stars
3.50 stars	Miles Davis - Bitches Brew	4.00 stars
4.00 stars	Creedence Clearwater Revival - Cosmo's Factory	4.00 stars
3.50 stars	Tim Buckley - Lorca	4.00 stars
3.50 stars	The Stooges - Fun House	4.50 stars
3.00 stars	Amon Düül II - Yeti	3.50 stars
3.50 stars	Nick Drake - Bryter Layter	4.50 stars
3.50 stars	Captain Beefheart & The Magic Band - Lick My Decals Off, Baby	4.00 stars
3.50 stars	Chico Buarque - Construção	4.00 stars
3.50 stars	Faust - Faust	4.50 stars
4.50 stars	Michael Hurley - Armchair Boogie	3.50 stars
4.00 stars	Serge Gainsbourg - Histoire de Melody Nelson	4.00 stars
3.00 stars	Marvin Gaye - What's Going On	4.00 stars
3.00 stars	Black Sabbath - Master of Reality	3.50 stars
3.50 stars	The Who - Who's Next	3.50 stars
3.50 stars	T. Rex - Electric Warrior	4.00 stars
4.00 stars	Can - Tago Mago	5.00 stars
4.00 stars	David Bowie - Hunky Dory	4.00 stars
3.50 stars	Popol Vuh - Hosianna Mantra	4.00 stars
4.00 stars	Fela & The Africa 70 - Roforofo Fight	4.00 stars
4.00 stars	Nick Drake - Pink Moon	5.00 stars
3.00 stars	Big Star - #1 Record	3.50 stars
4.00 stars	Milton Nascimento & Lô Borges - Clube da Esquina	4.50 stars
4.00 stars	David Bowie - The Rise and Fall of Ziggy Stardust and the Spiders From Mars	4.00 stars
4.50 stars	Can - Ege Bamyasi	4.50 stars
4.00 stars	Novos Baianos - Acabou chorare	4.00 stars
3.50 stars	Lou Reed - Transformer	4.00 stars
4.00 stars	Iggy and The Stooges - Raw Power	4.00 stars
3.50 stars	David Bowie - Aladdin Sane	3.50 stars
3.50 stars	Stevie Wonder - Innervisions	3.50 stars
3.50 stars	Can - Future Days	4.50 stars
3.50 stars	Eno - Here Come the Warm Jets	4.50 stars
3.50 stars	Sparks - Kimono My House	3.00 stars
3.50 stars	Neil Young - On the Beach	4.50 stars
3.50 stars	Eno - Taking Tiger Mountain (By Strategy)	4.00 stars
3.00 stars	NEU! - NEU! '75	3.50 stars
3.50 stars	Bob Dylan - Blood on the Tracks	4.00 stars
3.50 stars	Eno - Another Green World	4.50 stars
3.00 stars	Patti Smith - Horses	3.50 stars
4.00 stars	Stevie Wonder - Songs in the Key of Life	4.00 stars
3.50 stars	Fela Anikulapo Kuti and Afrika 70 - Zombie	3.50 stars
4.00 stars	David Bowie - Low	4.00 stars
3.50 stars	Fleetwood Mac - Rumours	3.50 stars
4.00 stars	Television - Marquee Moon	4.50 stars
3.50 stars	Kraftwerk - Trans Europa Express	3.50 stars
3.50 stars	Iggy Pop - The Idiot	3.50 stars
3.50 stars	The Clash - The Clash	3.50 stars
4.00 stars	Talking Heads - Talking Heads: 77	4.00 stars
4.00 stars	Ramones - Rocket to Russia	3.50 stars
4.00 stars	Suicide - Suicide	3.50 stars
4.50 stars	Wire - Pink Flag	3.50 stars
3.50 stars	Brian Eno - Ambient 1: Music for Airports	4.00 stars
3.00 stars	Elvis Costello - This Year's Model	3.00 stars
3.50 stars	Kraftwerk - Die Mensch-Maschine	3.50 stars
3.00 stars	Magazine - Real Life	3.00 stars
4.00 stars	Talking Heads - More Songs About Buildings and Food	4.00 stars
4.00 stars	Wire - Chairs Missing	3.50 stars
4.00 stars	Devo - Q: Are We Not Men? A: We Are Devo!	3.50 stars
3.50 stars	Pere Ubu - Dub Housing	4.00 stars
4.00 stars	Black Flag - Nervous Breakdown	4.00 stars
3.50 stars	Contortions - Buy	3.50 stars
4.00 stars	The Pop Group - Y	4.00 stars
3.50 stars	Joy Division - Unknown Pleasures	4.50 stars
3.50 stars	Talking Heads - Fear of Music	4.00 stars
3.50 stars	Buzzcocks - Singles Going Steady	3.50 stars
4.00 stars	Wire - 154	3.50 stars
3.50 stars	Yellow Magic Orchestra - Solid State Survivor	3.50 stars
3.50 stars	Young Marble Giants - Colossal Youth	3.00 stars
3.50 stars	The Durutti Column - The Return of The Durutti Column	3.50 stars
3.50 stars	The Feelies - Crazy Rhythms	4.00 stars
3.50 stars	Tuxedomoon - Half-Mute	3.50 stars
4.00 stars	The Cramps - Songs the Lord Taught Us	3.00 stars
4.00 stars	X - Los Angeles	4.00 stars
4.00 stars	The Soft Boys - Underwater Moonlight	3.50 stars
3.50 stars	Dead Kennedys - Fresh Fruit for Rotting Vegetables	3.50 stars
4.00 stars	Tuxedomoon - Desire	3.50 stars
3.50 stars	Gang of Four - Solid Gold	4.00 stars
3.50 stars	The Cure - Faith	3.50 stars
3.00 stars	Kraftwerk - Computerwelt	3.00 stars
3.50 stars	Au Pairs - Playing With a Different Sex	3.50 stars
4.50 stars	Mission of Burma - Signals, Calls, and Marches	4.50 stars
4.00 stars	The Gun Club - Fire of Love	3.50 stars
4.00 stars	This Heat - Deceit	4.00 stars
3.50 stars	Rip Rig + Panic - God	3.50 stars
4.00 stars	Glenn Branca - The Ascension	4.00 stars
3.00 stars	Orchestral Manœuvres in the Dark - Architecture & Morality	3.50 stars
4.50 stars	The Fall - Hex Enduction Hour	4.50 stars
3.50 stars	Bill Nelson - The Love That Whirls (Diary of a Thinking Heart)	3.50 stars
4.50 stars	Mission of Burma - Vs.	4.50 stars
4.00 stars	The Dream Syndicate - The Days of Wine and Roses	3.50 stars
3.00 stars	Michael Jackson - Thriller	3.50 stars
2.50 stars	U2 - War	3.00 stars
3.50 stars	Violent Femmes - Violent Femmes	3.50 stars
3.50 stars	R.E.M. - Murmur	4.00 stars
3.50 stars	The Chameleons - Script of the Bridge	3.50 stars
3.50 stars	The The - Soul Mining	3.50 stars
3.50 stars	Butthole Surfers - Psychic...Powerless...Another Man's Sac	4.00 stars
3.50 stars	Manuel Göttsching - E2-E4	4.00 stars
4.00 stars	The Smiths - The Smiths	4.00 stars
4.50 stars	Meat Puppets - Meat Puppets II	3.50 stars
3.50 stars	Prince and The Revolution - Purple Rain	3.50 stars
4.00 stars	Hüsker Dü - Zen Arcade	3.50 stars
4.00 stars	The Replacements - Let It Be	3.50 stars
4.50 stars	Staatsorchester Stuttgart / Lithuanian Chamber Orchestra / The 12 Cellists of the Berlin Philharmonic Orchestra / Dennis Russell Davies / Saulius Sondeckis / Gidon Kremer / Keith Jarrett / Tatjana Grindenko / Alfred Schnittke - Tabula rasa	4.50 stars
4.00 stars	Cocteau Twins - Treasure	4.50 stars
3.00 stars	Camper Van Beethoven - Telephone Free Landslide Victory	3.50 stars
3.50 stars	Tears for Fears - Songs From the Big Chair	3.50 stars
3.50 stars	The Smiths - Meat Is Murder	3.50 stars
3.50 stars	Killing Joke - Night Time	4.00 stars
4.00 stars	Meat Puppets - Up on the Sun	3.00 stars
4.00 stars	Prefab Sprout - Steve McQueen	3.50 stars
4.00 stars	The Fall - This Nation's Saving Grace	4.00 stars
3.50 stars	The Jesus and Mary Chain - Psychocandy	4.00 stars
4.00 stars	Big Black - Atomizer	3.50 stars
4.00 stars	CCCP Fedeli alla Linea - Affinità-divergenze fra il compagno Togliatti e noi: Del conseguimento della maggiore età	3.50 stars
3.00 stars	Talk Talk - The Colour of Spring	4.00 stars
4.00 stars	Metallica - Master of Puppets	3.00 stars
3.50 stars	Sonic Youth - EVOL	4.00 stars
3.50 stars	Felt - Forever Breathes the Lonely Word	3.50 stars
4.00 stars	The Chameleons - Strange Times	3.50 stars
3.50 stars	Slayer - Reign in Blood	3.50 stars
3.50 stars	XTC - Skylarking	3.50 stars
3.00 stars	Prince - Sign "☮" the Times	3.00 stars
4.50 stars	Dinosaur - You're Living All Over Me	4.50 stars
4.00 stars	Galaxie 500 - Today	4.00 stars
3.50 stars	Pixies - Surfer Rosa	4.00 stars
4.50 stars	Joy Division - Substance 1977-1980	4.00 stars
3.50 stars	Cocteau Twins - Blue Bell Knoll	4.00 stars
4.00 stars	Sonic Youth - Daydream Nation	4.50 stars
3.50 stars	Dinosaur Jr - Bug	3.50 stars
3.50 stars	My Bloody Valentine - Isn't Anything	4.50 stars
4.00 stars	Kronos Quartet / Pat Metheny - Different Trains; Electric Counterpoint	3.50 stars
4.50 stars	Pixies - Doolittle	4.50 stars
3.50 stars	The Cure - Disintegration	4.00 stars
3.50 stars	Beastie Boys - Paul's Boutique	3.50 stars
3.50 stars	Bastro - Diablo Guapo	3.50 stars
3.00 stars	A.R. Kane - "i"	3.50 stars
4.00 stars	NoMeansNo - Wrong	3.00 stars
3.50 stars	Godflesh - Streetcleaner	3.00 stars
3.00 stars	Nick Cave & The Bad Seeds - The Good Son	4.00 stars
3.50 stars	Sonic Youth - Goo	3.50 stars
3.50 stars	Ride - Nowhere	4.50 stars
5.00 stars	Slint - Spiderland	4.50 stars
3.50 stars	Nirvana - Nevermind	3.50 stars
3.50 stars	A Tribe Called Quest - The Low End Theory	4.00 stars
4.00 stars	Talk Talk - Laughing Stock	5.00 stars
4.00 stars	Dadamah - This Is Not a Dream	4.00 stars
5.00 stars	Pavement - Slanted and Enchanted	4.50 stars
3.50 stars	London Sinfonietta / David Zinman / Dawn Upshaw - Symphony No. 3	4.50 stars
3.50 stars	Red House Painters - Down Colorful Hill	4.50 stars
3.00 stars	Rage Against the Machine - Rage Against the Machine	3.00 stars
3.50 stars	Swirlies - Blonder Tongue Audio Baton	3.50 stars
3.50 stars	Slowdive - Souvlaki	4.50 stars
3.00 stars	Fugazi - In on the Kill Taker	4.00 stars
4.00 stars	Unwound - Fake Train	3.50 stars
3.00 stars	Smashing Pumpkins - Siamese Dream	3.50 stars
3.00 stars	Seam - The Problem With Me	3.50 stars
4.50 stars	Yo La Tengo - Painful	4.00 stars
3.00 stars	Tindersticks - Tindersticks	3.50 stars
3.00 stars	Eric's Trip - Love Tara	3.50 stars
4.00 stars	Wu-Tang Clan - Enter the Wu-Tang (36 Chambers)	4.00 stars
3.00 stars	Autechre - Incunabula	4.00 stars
3.50 stars	Auktyon - Птица	3.50 stars
4.50 stars	Pavement - Crooked Rain, Crooked Rain	4.50 stars
4.00 stars	Low - I Could Live in Hope	4.50 stars
4.00 stars	Disco Inferno - D. I. Go Pop	4.00 stars
3.50 stars	Unwound - New Plastic Ideas	4.00 stars
3.50 stars	Bedhead - WhatFunLifeWas	4.00 stars
3.50 stars	Nick Cave and The Bad Seeds - Let Love In	3.50 stars
3.50 stars	Nas - Illmatic	3.50 stars
3.50 stars	Weezer - Weezer [Blue Album]	3.50 stars
5.00 stars	Guided by Voices - Bee Thousand	4.00 stars
3.50 stars	Portishead - Dummy	3.50 stars
4.00 stars	Sebadoh - Bakesale	4.00 stars
4.00 stars	Oval - 94 Diskont	3.50 stars
3.00 stars	Slowdive - Pygmalion	4.00 stars
3.50 stars	Death - Symbolic	2.50 stars
4.00 stars	Tindersticks - Tindersticks [II]	4.00 stars
3.50 stars	Pavement - Wowee Zowee	3.50 stars
4.00 stars	Flying Saucer Attack - Further	3.50 stars
3.50 stars	Fugazi - Red Medicine	3.50 stars
3.50 stars	Don Caballero - Don Caballero 2	4.00 stars
3.50 stars	Autechre - Tri repetae	3.50 stars
4.00 stars	Tortoise - Millions Now Living Will Never Die	4.00 stars
3.50 stars	Sixteen Horsepower - Sackcloth 'n' Ashes	3.00 stars
3.50 stars	Stereolab - Emperor Tomato Ketchup	3.50 stars
4.00 stars	Cul de Sac - China Gate	4.00 stars
2.50 stars	Black Tape for a Blue Girl - Remnants of a Deeper Purity	3.50 stars
3.00 stars	Beck - Odelay	3.50 stars
4.00 stars	Weezer - Pinkerton	3.00 stars
3.50 stars	Swans - Soundtracks for the Blind	4.00 stars
3.50 stars	Labradford - Labradford	3.50 stars
4.00 stars	Belle and Sebastian - If You're Feeling Sinister	4.50 stars
3.50 stars	DJ Shadow - Endtroducing.....	3.50 stars
3.50 stars	Pavement - Brighten the Corners	3.50 stars
3.00 stars	Elliott Smith - Either / Or	4.00 stars
4.00 stars	Yo La Tengo - I Can Hear the Heart Beating as One	4.50 stars
3.00 stars	Squarepusher - Hard Normal Daddy	3.50 stars
3.00 stars	Spiritualized® - Ladies and Gentlemen We Are Floating in Space	4.00 stars
3.00 stars	Björk - Homogenic	3.50 stars
3.50 stars	Modest Mouse - The Lonesome Crowded West	4.50 stars
3.00 stars	AIR - Moon Safari	3.50 stars
3.50 stars	Duster - Stratosphere	4.00 stars
3.50 stars	Tortoise - TNT	4.50 stars
3.50 stars	Boards of Canada - Music Has the Right to Children	4.00 stars
3.00 stars	Mercury Rev - Deserter's Songs	4.00 stars
2.50 stars	Bonnie 'Prince' Billy - I See a Darkness	3.50 stars
3.00 stars	Smog - Knock Knock	3.50 stars
4.00 stars	Blur - 13	3.50 stars
3.00 stars	The Black Heart Procession - 2	3.00 stars
3.50 stars	Pavement - Terror Twilight	3.50 stars
3.50 stars	The Flaming Lips - The Soft Bulletin	4.50 stars
4.00 stars	Toumani Diabaté With Ballaké Sissoko - New Ancient Strings	4.00 stars
4.00 stars	The Magnetic Fields - 69 Love Songs	3.00 stars
3.00 stars	The Get Up Kids - Something to Write Home About	2.50 stars
3.50 stars	The Dismemberment Plan - Emergency & I	4.00 stars
3.50 stars	Yo La Tengo - And Then Nothing Turned Itself Inside-Out	4.50 stars
3.00 stars	Eminem - The Marshall Mathers LP	2.50 stars
4.00 stars	Modest Mouse - The Moon & Antarctica	4.00 stars
3.50 stars	Avey Tare and Panda Bear - Spirit They're Gone Spirit They've Vanished	3.50 stars
4.00 stars	Unwound - Leaves Turn Inside You	3.50 stars
3.00 stars	Cannibal Ox - The Cold Vein	4.00 stars
3.00 stars	Old Time Relijun - Witchcraft Rebellion	3.50 stars
4.50 stars	Fennesz - Endless Summer	4.00 stars
3.00 stars	Björk - Vespertine	4.00 stars
3.00 stars	Sparklehorse - It's a Wonderful Life	4.00 stars
3.50 stars	Fugazi - The Argument	4.00 stars
3.50 stars	Hood - Cold House	3.00 stars
3.50 stars	Jim O'Rourke - Insignificance	4.00 stars
3.50 stars	...And You Will Know Us by the Trail of Dead - Source Tags & Codes	3.50 stars
4.50 stars	Wilco - Yankee Hotel Foxtrot	4.00 stars
4.00 stars	The Books - Thought for Food	4.50 stars
3.00 stars	Sonic Youth - Murray Street	3.50 stars
3.00 stars	Carissa's Wierd - Songs About Leaving	3.50 stars
3.50 stars	Spoon - Kill the Moonlight	3.50 stars
4.00 stars	Interpol - Turn On the Bright Lights	4.50 stars
3.50 stars	Queens of the Stone Age - Songs for the Deaf	3.00 stars
4.00 stars	Broken Social Scene - You Forgot It in People	4.00 stars
4.00 stars	Supersilent - 6	3.50 stars
3.00 stars	Cursive - The Ugly Organ	3.00 stars
4.00 stars	Magnolia Electric Co. - The Magnolia Electric Co.	3.50 stars
4.00 stars	Deerhoof - Apple O'	3.50 stars
3.00 stars	Manitoba - Up in Flames	3.50 stars
3.50 stars	Yeah Yeah Yeahs - Fever to Tell	3.00 stars
4.00 stars	Four Tet - Rounds	4.00 stars
3.50 stars	British Sea Power - The Decline of British Sea Power	3.50 stars
3.00 stars	Sweet Trip - Velocity : Design : Comfort	3.50 stars
3.50 stars	Broadcast - Haha Sound	3.50 stars
3.50 stars	The Fiery Furnaces - Gallowsbird's Bark	4.00 stars
4.00 stars	Boris - Boris at Last -Feedbacker-	4.00 stars
3.00 stars	Max Richter - The Blue Notebooks	4.00 stars
4.00 stars	Madvillain - Madvillainy	4.00 stars
4.00 stars	of Montreal - Satanic Panic in the Attic	3.00 stars
3.50 stars	Animal Collective - Sung Tongs	4.00 stars
3.50 stars	The Fiery Furnaces - Blueberry Boat	4.00 stars
2.50 stars	Bloc Party - Silent Alarm	3.00 stars
3.00 stars	Mount Eerie - No Flashlight: Songs of the Fulfilled Night	4.00 stars
4.00 stars	Sufjan Stevens - Illinois	4.00 stars
4.00 stars	Animal Collective - Feels	3.50 stars
4.00 stars	Boris - Pink	3.50 stars
3.50 stars	Sibylle Baier - Colour Green	3.50 stars
4.00 stars	The Marked Men - Fix My Brain	3.50 stars
3.00 stars	Grizzly Bear - Yellow House	4.00 stars
3.50 stars	Stars of the Lid - And Their Refinement of the Decline	4.00 stars
3.50 stars	The National - Boxer	3.50 stars
3.50 stars	Jens Lekman - Night Falls Over Kortedala	3.50 stars
4.00 stars	Animal Collective - Strawberry Jam	3.50 stars
4.00 stars	Burial - Untrue	3.50 stars
4.00 stars	Have a Nice Life - Deathconsciousness	3.50 stars
3.50 stars	Fuck Buttons - Street Horrrsing	3.00 stars
3.50 stars	Beach House - Devotion	3.50 stars
3.50 stars	Jacaszek - Treny	3.50 stars
4.50 stars	Deerhunter - Microcastle / Weird Era Continued	4.00 stars
4.00 stars	Animal Collective - Merriweather Post Pavilion	4.00 stars
2.50 stars	The Antlers - Hospice	3.50 stars
4.50 stars	Beach House - Teen Dream	3.50 stars
3.50 stars	Flying Lotus - Cosmogramma	3.50 stars
3.00 stars	Emeralds - Does It Look Like I'm Here?	3.50 stars
4.00 stars	Ariel Pink's Haunted Graffiti - Before Today	3.50 stars
3.00 stars	OPN - Returnal	3.50 stars
4.50 stars	Deerhunter - Halcyon Digest	3.50 stars
3.50 stars	Twin Shadow - Forget	4.00 stars
4.00 stars	The Soft Moon - The Soft Moon	3.00 stars
3.50 stars	Kanye West - My Beautiful Dark Twisted Fantasy	4.00 stars
3.50 stars	Borden, Ferraro, Godin, Halo & Lopatin - FRKWYS Vol. 7	3.00 stars
4.00 stars	Iceage - New Brigade	3.00 stars
3.50 stars	Destroyer - Kaputt	3.00 stars
4.00 stars	Colin Stetson - New History Warfare Vol. 2: Judges	4.00 stars
4.00 stars	Grouper - A I A: Alien Observer	3.50 stars
3.00 stars	Giles Corey - Giles Corey	3.50 stars
4.00 stars	The Caretaker - An Empty Bliss Beyond This World	3.50 stars
3.00 stars	Shabazz Palaces - Black Up	3.50 stars
4.00 stars	Danny Brown - XXX	3.50 stars
3.00 stars	Julia Holter - Tragedy	4.00 stars
3.50 stars	James Ferraro - Far Side Virtual	3.50 stars
3.50 stars	Burial - Kindred EP	3.50 stars
4.00 stars	Julia Holter - Ekstasis	3.50 stars
3.50 stars	Death Grips - The Money Store	2.50 stars
4.00 stars	Beach House - Bloom	3.00 stars
3.50 stars	Frank Ocean - channel ORANGE	3.50 stars
3.00 stars	Swans - The Seer	4.00 stars
4.00 stars	Grizzly Bear - Shields	4.00 stars
4.00 stars	Tame Impala - Lonerism	3.50 stars
4.00 stars	Kendrick Lamar - good kid, m.A.A.d city	3.50 stars
4.00 stars	Lil Ugly Mane - Uneven Compromise	3.50 stars
4.00 stars	Alex G - Trick	3.50 stars
3.50 stars	Metá Metá - MetaL MetaL	3.00 stars
3.50 stars	My Bloody Valentine - m b v	3.50 stars
3.50 stars	The Men - New Moon	3.00 stars
3.50 stars	Stara Rzeka - Cień chmury nad ukrytym polem	3.50 stars
3.50 stars	Deafheaven - Sunbather	3.50 stars
3.00 stars	Kanye West - Yeezus	3.00 stars
3.50 stars	Julia Holter - Loud City Song	3.50 stars
3.50 stars	Innercity Ensemble - II	3.50 stars
4.00 stars	Freddie Gibbs & Madlib - Piñata	3.00 stars
4.00 stars	Mac DeMarco - Salad Days	3.50 stars
4.00 stars	Ought - More Than Any Other Day	3.50 stars
4.00 stars	Alex G - DSU	3.50 stars
3.50 stars	Run the Jewels - Run the Jewels 2	3.50 stars
3.50 stars	Richard Dawson - Nothing Important	3.50 stars
3.00 stars	D'Angelo and The Vanguard - Black Messiah	3.50 stars
3.00 stars	２８１４ - 新しい日の誕生 (Atarashī hi no tanjō)	3.00 stars
3.50 stars	Clarence Clarity - NO NOW	3.00 stars
4.00 stars	Kendrick Lamar - To Pimp a Butterfly	3.50 stars
3.50 stars	Chelsea Wolfe - Abyss	3.50 stars
4.00 stars	Julia Holter - Have You in My Wilderness	3.50 stars
3.50 stars	Stara Rzeka - Zamknęły się oczy ziemi	3.50 stars
4.00 stars	Joanna Newsom - Divers	3.50 stars
4.00 stars	David Bowie - ★ [Blackstar]	3.50 stars
3.50 stars	Deakin - Sleep Cycle	3.00 stars
3.50 stars	Radiohead - A Moon Shaped Pool	3.00 stars
3.50 stars	Car Seat Headrest - Teens of Denial	3.00 stars
3.50 stars	The Avalanches - Wildflower	3.50 stars
4.00 stars	Angel Olsen - MY WOMAN	3.00 stars
3.50 stars	Preoccupations - Preoccupations	3.50 stars
4.00 stars	Danny Brown - Atrocity Exhibition	3.50 stars
4.00 stars	A Tribe Called Quest - We got it from Here... Thank You 4 Your service	3.50 stars
4.00 stars	IDLES - Brutalism	3.50 stars
3.00 stars	Mount Eerie - A Crow Looked at Me	3.50 stars
4.00 stars	(Sandy) Alex G - Rocket	3.50 stars
4.00 stars	Richard Dawson - Peasant	4.00 stars
4.00 stars	Brockhampton - Saturation	3.00 stars
4.50 stars	Tyler, the Creator - Flower Boy	3.50 stars
4.50 stars	Protomartyr - Relatives in Descent	3.50 stars
4.00 stars	King Krule - The Ooz	4.00 stars
3.50 stars	Car Seat Headrest - Twin Fantasy	3.00 stars
3.00 stars	Against All Logic - 2012 - 2017	3.50 stars
3.50 stars	Preoccupations - New Material	3.50 stars
3.50 stars	Kali Uchis - Isolation	3.00 stars
4.00 stars	Tropical Fuck Storm - A Laughing Death in Meatspace	3.50 stars
4.00 stars	Beach House - 7	3.00 stars
4.00 stars	Pusha T - DAYTONA	3.00 stars
3.00 stars	Kids See Ghosts - Kids See Ghosts	3.00 stars
3.50 stars	Mid-Air Thief - 무너지기 (Crumbling)	3.50 stars
4.00 stars	Mitski - Be the Cowboy	3.50 stars
3.50 stars	IDLES - Joy as an Act of Resistance.	4.00 stars
3.50 stars	Low - Double Negative	3.50 stars
3.00 stars	Tim Hecker - Konoyo	3.50 stars
3.50 stars	Daughters - You Won't Get What You Want	3.50 stars
3.50 stars	Julia Holter - Aviary	3.50 stars
3.00 stars	Sharon Van Etten - Remind Me Tomorrow	3.00 stars
3.50 stars	Deerhunter - Why Hasn't Everything Already Disappeared?	3.50 stars
3.50 stars	Xiu Xiu - Girl With Basket of Fruit	3.00 stars
3.50 stars	Jessica Pratt - Quiet Signs	3.50 stars
4.00 stars	Little Simz - Grey Area	3.50 stars
4.00 stars	Weyes Blood - Titanic Rising	3.00 stars
3.50 stars	Lizzo - Cuz I Love You	2.50 stars
3.50 stars	Tyler, the Creator - Igor	3.50 stars
4.00 stars	Freddie Gibbs & Madlib - Bandana	3.00 stars
4.00 stars	Purple Mountains - Purple Mountains	3.50 stars
4.00 stars	(Sandy) Alex G - House of Sugar	3.00 stars
2.50 stars	Kacey Musgraves - Golden Hour	2.50 stars
4.00 stars	My Bloody Valentine - Loveless	5.00 stars
3.50 stars	Natural Snow Buildings - The Dance of the Moon and the Sun	4.00 stars
3.00 stars	Natural Snow Buildings - Shadow Kingdom	3.50 stars
3.00 stars	Neutral Milk Hotel - On Avery Island	3.50 stars
4.00 stars	Neutral Milk Hotel - In the Aeroplane Over the Sea	4.00 stars
3.50 stars	The New Pornographers - Twin Cinema	3.50 stars
4.00 stars	Joanna Newsom - Ys	4.50 stars
3.50 stars	Nivhek - After Its Own Death / Walking in a Spiral Towards the House	3.50 stars
3.50 stars	The Olivia Tremor Control - Music From the Unrealized Film Script, Dusk at Cubist Castle	4.00 stars
4.00 stars	Oneohtrix Point Never - Replica	3.50 stars
4.00 stars	Ought - Sun Coming Down	4.00 stars
3.00 stars	Oval - Systemisch	3.50 stars
3.00 stars	Van Dyke Parks - Song Cycle	3.50 stars
3.50 stars	Jai Paul - Leak 04-13 (Bait Ones)	3.50 stars
3.50 stars	Pavement - Watery, Domestic	4.50 stars
4.00 stars	Pere Ubu - The Modern Dance	4.50 stars
3.50 stars	Linda Perhacs - Parallelograms	3.50 stars
4.00 stars	Pink Floyd - The Piper at the Gates of Dawn	4.00 stars
3.50 stars	Pink Floyd - The Dark Side of the Moon	3.50 stars
3.50 stars	Polvo - Celebrate the New Dark Age	3.50 stars
4.00 stars	Viet Cong - Viet Cong	4.00 stars
3.00 stars	Public Enemy - It Takes a Nation of Millions to Hold Us Back	3.50 stars
4.00 stars	Radiohead - OK Computer	4.00 stars
4.00 stars	Radiohead - Kid A	4.00 stars
3.50 stars	The Raincoats - The Raincoats	3.50 stars
4.00 stars	Ramones - Ramones	3.50 stars
4.00 stars	Otis Redding - Otis Blue: Otis Redding Sings Soul	4.00 stars
4.00 stars	The Red Crayola with The Familiar Ugly - The Parable of Arable Land	4.50 stars
3.00 stars	Lou Reed - Berlin	3.50 stars
3.50 stars	R.E.M. - Reckoning	3.50 stars
3.00 stars	Catherine Ribeiro + Alpes - Paix	3.50 stars
3.00 stars	Terry Riley - A Rainbow in Curved Air	4.00 stars
3.50 stars	Matana Roberts - Coin Coin Chapter One: Gens de couleur libres	3.50 stars
3.00 stars	Shit and Shine - Ladybird	3.50 stars
3.50 stars	The Smiths - Hatful of Hollow	4.00 stars
4.00 stars	The Smiths - The Queen Is Dead	4.50 stars
3.50 stars	The Sonic Youth - Sister	4.50 stars
4.00 stars	The Sound - Jeopardy	3.50 stars
3.00 stars	Spring Heel Jack - Amassed	4.00 stars
4.00 stars	Stars of the Lid - The Tired Sounds Of	4.50 stars
4.00 stars	Steely Dan - Aja	3.50 stars
3.50 stars	Stereolab - Mars Audiac Quintet	3.50 stars
4.00 stars	Sufjan Stevens - Carrie & Lowell	4.50 stars
2.50 stars	Sun Kil Moon - Benji	3.50 stars
4.00 stars	Swell Maps - A Trip to Marineville	4.00 stars
4.00 stars	Swod - Gehen	3.50 stars
3.50 stars	Talking Heads - Remain in Light	4.00 stars
4.00 stars	Talk Talk - Spirit of Eden	5.00 stars
3.50 stars	The Tallest Man on Earth - The Wild Hunt	3.00 stars
4.00 stars	This Heat - This Heat	4.00 stars
3.50 stars	Throbbing Gristle - 20 Jazz Funk Greats	3.50 stars
3.50 stars	TV on the Radio - Return to Cookie Mountain	3.50 stars
3.50 stars	Townes Van Zandt - The Late Great Townes Van Zandt	4.00 stars
4.00 stars	The Velvet Underground - White Light / White Heat	4.50 stars
3.00 stars	The Velvet Underground - Loaded	4.00 stars
3.50 stars	Tom Waits - Swordfishtrombones	4.00 stars
3.50 stars	Tom Waits - Rain Dogs	4.50 stars
3.50 stars	Tom Waits - Bone Machine	4.00 stars
3.50 stars	A Winged Victory for the Sullen - A Winged Victory for the Sullen	4.00 stars
4.00 stars	Wipers - Is This Real?	4.00 stars
4.00 stars	Wipers - Youth of America	3.50 stars
4.00 stars	Wipers - Land of the Lost	3.00 stars
2.50 stars	Youth Lagoon - The Year of Hibernation	3.00 stars
rental and nplanet disagree: (33)
rental	Album	nplanet
4.00 stars	MGMT - Little Dark Age	2.50 stars
3.00 stars	The Byrds - Younger Than Yesterday	4.50 stars
3.00 stars	Captain Beefheart and His Magic Band - Safe as Milk	4.50 stars
3.50 stars	Leonard Cohen - Songs of Leonard Cohen	5.00 stars
3.50 stars	Van Morrison - Astral Weeks	5.00 stars
4.50 stars	The Slits - Cut	3.00 stars
5.00 stars	Wipers - Over the Edge	3.50 stars
5.00 stars	Minutemen - Double Nickels on the Dime	3.50 stars
2.50 stars	The Stone Roses - The Stone Roses	4.00 stars
3.00 stars	Slowdive - Just for a Day	4.50 stars
3.00 stars	Fishmans - Long Season	4.50 stars
3.50 stars	Built to Spill - Perfect From Now On	5.00 stars
3.00 stars	Built to Spill - Keep It Like a Secret	4.50 stars
3.00 stars	Sigur Rós - Ágætis byrjun	4.50 stars
3.00 stars	Dirty Three - Whatever You Love, You Are	4.50 stars
3.50 stars	Godspeed You Black Emperor! - Lift Yr. Skinny Fists Like Antennas to Heaven!	5.00 stars
4.50 stars	Ariel Pink's Haunted Graffiti - House Arrest + Lover Boy	3.00 stars
3.00 stars	Sigur Rós - ( )	4.50 stars
3.50 stars	The Microphones - Mount Eerie	5.00 stars
5.00 stars	J Dilla - Donuts	3.50 stars
4.50 stars	Fleet Foxes - Fleet Foxes	3.00 stars
4.50 stars	James Ferraro - Marble Surf	2.50 stars
5.00 stars	Women - Public Strain	3.50 stars
4.00 stars	Death Grips - Exmilitary	2.50 stars
4.50 stars	John Maus - We Must Become the Pitiless Censors of Ourselves	3.00 stars
3.50 stars	Carly Rae Jepsen - E·MO·TION	2.00 stars
5.00 stars	Mitski - Puberty 2	3.50 stars
5.00 stars	Frank Ocean - Blonde	3.50 stars
5.00 stars	Brockhampton - Saturation II	3.00 stars
4.50 stars	Parquet Courts - Wide Awaaaaake!	3.00 stars
4.50 stars	Earl Sweatshirt - Some Rap Songs	3.00 stars
2.00 stars	Pink Floyd - Wish You Were Here	3.50 stars
3.50 stars	Steve Reich - Music for 18 Musicians	5.00 stars