rental	Album	Raynob
3.00 stars	American Football - American Football	3.50 stars
4.00 stars	Animal Collective - Fall Be Kind	4.00 stars
3.50 stars	Aphex Twin - Selected Ambient Works 85-92	4.50 stars
3.50 stars	Angelo Badalamenti - Twin Peaks: Limited Event Series Soundtrack	4.50 stars
3.50 stars	Bark Psychosis - Hex	4.00 stars
4.00 stars	William Basinski - The Disintegration Loops	4.00 stars
3.50 stars	William Basinski - The Disintegration Loops II	4.00 stars
3.50 stars	William Basinski - The Disintegration Loops III	4.00 stars
3.50 stars	Bauhaus - In the Flat Field	4.00 stars
4.00 stars	The Beach Boys - Pet Sounds	4.50 stars
4.00 stars	The Beatles - Abbey Road	3.50 stars
4.00 stars	black midi - Schlagenheim	3.50 stars
3.00 stars	James Blake - Assume Form	3.00 stars
3.50 stars	Boards of Canada - Geogaddi	4.00 stars
3.50 stars	Boards of Canada - The Campfire Headphase	3.50 stars
3.00 stars	Boredoms - Super æ	4.00 stars
3.50 stars	Boris - flood	3.50 stars
3.50 stars	David Bowie - Station to Station	4.00 stars
3.50 stars	Kate Bush - Hounds of Love	4.00 stars
3.00 stars	Cabaret Voltaire - Red Mecca	4.00 stars
3.00 stars	Nick Cave & The Bad Seeds - Skeleton Tree	3.50 stars
4.00 stars	Cloud Nothings - Attack on Memory	4.00 stars
4.00 stars	Cloud Nothings - Life Without Sound	3.00 stars
4.00 stars	Cocteau Twins - Heaven or Las Vegas	5.00 stars
4.50 stars	Coil - Horse Rotorvator	4.00 stars
4.00 stars	Coil - Musick to Play in the Dark	4.00 stars
5.00 stars	Ornette Coleman - The Shape of Jazz to Come	4.00 stars
3.50 stars	Daughters - Daughters	4.00 stars
4.00 stars	Richard Dawson - 2020	4.00 stars
3.50 stars	Death Grips - Niggas on the Moon: The Powers That B Disc 1	3.00 stars
3.50 stars	Death Grips - Jenny Death: The Powers That B Disc 2	4.00 stars
3.50 stars	Deerhunter - Fading Frontier	3.50 stars
4.00 stars	Lana Del Rey - Norman Fucking Rockwell!	3.50 stars
3.50 stars	The Doors - The Doors	3.50 stars
3.50 stars	Nick Drake - Five Leaves Left	3.50 stars
3.50 stars	John Fahey - Fare Forward Voyagers (Soldier's Choice)	3.50 stars
4.00 stars	Fleet Foxes - Crack-Up	3.50 stars
2.50 stars	Foals - Total Life Forever	3.00 stars
3.50 stars	Ben Frost - By the Throat	4.00 stars
3.50 stars	Fuck Buttons - Tarot Sport	4.00 stars
3.50 stars	Fugazi - Repeater	3.50 stars
4.00 stars	Gang of Four - Entertainment!	4.00 stars
4.00 stars	Philip Glass - Glassworks	3.50 stars
3.50 stars	Grouper - Dragging a Dead Deer Up a Hill	4.50 stars
4.00 stars	Guided by Voices - Alien Lanes	4.00 stars
3.00 stars	Have a Nice Life - The Unnatural World	3.50 stars
4.00 stars	Tim Hecker - Harmony in Ultraviolet	4.50 stars
3.50 stars	Tim Hecker - Virgins	4.50 stars
3.50 stars	Jon Hopkins - Immunity	4.00 stars
3.50 stars	Hot Snakes - Jericho Sirens	3.00 stars
3.50 stars	Joy Division - Closer	4.50 stars
4.00 stars	Kendrick Lamar - DAMN.	3.00 stars
3.00 stars	Lolina - The Smoke	4.00 stars
4.00 stars	Love - Forever Changes	3.50 stars
3.50 stars	Low - Things We Lost in the Fire	3.50 stars
3.00 stars	Main - Motion Pool	4.00 stars
4.00 stars	John Maus - Addendum	3.50 stars
3.00 stars	MGMT - MGMT	3.00 stars
4.00 stars	MGMT - Little Dark Age	4.00 stars
3.50 stars	Mobb Deep - The Infamous	4.00 stars
3.50 stars	Miles Davis - Kind of Blue	3.50 stars
3.50 stars	John Coltrane - My Favorite Things	4.00 stars
4.00 stars	Mingus - The Black Saint and the Sinner Lady	4.00 stars
4.00 stars	John Coltrane - A Love Supreme	4.00 stars
4.50 stars	Jackson C. Frank - Jackson C. Frank	4.00 stars
4.50 stars	The Velvet Underground & Nico - The Velvet Underground & Nico	4.50 stars
3.00 stars	The Jimi Hendrix Experience - Are You Experienced	3.50 stars
3.50 stars	The Beatles - Sgt. Pepper's Lonely Hearts Club Band	3.50 stars
3.50 stars	Leonard Cohen - Songs of Leonard Cohen	4.00 stars
4.00 stars	The Zombies - Odessey and Oracle	4.00 stars
4.00 stars	The Kinks - The Kinks Are the Village Green Preservation Society	4.00 stars
3.50 stars	Van Morrison - Astral Weeks	3.50 stars
4.00 stars	The Velvet Underground - The Velvet Underground	4.50 stars
3.50 stars	Pharoah Sanders - Karma	4.00 stars
4.00 stars	Captain Beefheart & His Magic Band - Trout Mask Replica	4.00 stars
3.50 stars	Miles Davis - In a Silent Way	4.00 stars
3.00 stars	The Stooges - The Stooges	3.50 stars
4.50 stars	Scott Engel - Scott 4	3.50 stars
3.00 stars	Frank Zappa - Hot Rats	4.00 stars
3.50 stars	Syd Barrett - The Madcap Laughs	4.00 stars
3.50 stars	The Stooges - Fun House	4.50 stars
3.50 stars	Nick Drake - Bryter Layter	3.50 stars
3.50 stars	Faust - Faust	3.50 stars
4.00 stars	Serge Gainsbourg - Histoire de Melody Nelson	4.00 stars
3.00 stars	Marvin Gaye - What's Going On	4.00 stars
4.00 stars	Can - Tago Mago	4.50 stars
4.00 stars	David Bowie - Hunky Dory	3.00 stars
3.50 stars	Popol Vuh - Hosianna Mantra	4.00 stars
4.00 stars	Nick Drake - Pink Moon	4.50 stars
3.00 stars	Big Star - #1 Record	3.50 stars
4.00 stars	Milton Nascimento & Lô Borges - Clube da Esquina	4.00 stars
4.00 stars	David Bowie - The Rise and Fall of Ziggy Stardust and the Spiders From Mars	3.50 stars
4.50 stars	Can - Ege Bamyasi	4.50 stars
3.50 stars	Lou Reed - Transformer	3.50 stars
4.00 stars	Iggy and The Stooges - Raw Power	4.00 stars
3.50 stars	Eno - Here Come the Warm Jets	4.00 stars
4.00 stars	David Bowie - Low	4.50 stars
4.00 stars	Television - Marquee Moon	4.00 stars
3.50 stars	Iggy Pop - The Idiot	3.50 stars
4.00 stars	Talking Heads - Talking Heads: 77	4.00 stars
4.00 stars	Suicide - Suicide	4.00 stars
4.50 stars	Wire - Pink Flag	3.50 stars
3.50 stars	Brian Eno - Ambient 1: Music for Airports	4.00 stars
4.00 stars	Talking Heads - More Songs About Buildings and Food	4.50 stars
4.00 stars	Wire - Chairs Missing	4.00 stars
4.00 stars	The Pop Group - Y	4.00 stars
3.50 stars	Joy Division - Unknown Pleasures	4.00 stars
3.50 stars	Talking Heads - Fear of Music	4.00 stars
4.00 stars	Wire - 154	4.00 stars
4.00 stars	PiL - Metal Box	4.00 stars
3.50 stars	The Feelies - Crazy Rhythms	4.00 stars
3.50 stars	The Cure - Faith	4.00 stars
4.00 stars	The Gun Club - Fire of Love	3.50 stars
4.00 stars	This Heat - Deceit	5.00 stars
4.00 stars	Glenn Branca - The Ascension	4.00 stars
4.50 stars	The Fall - Hex Enduction Hour	4.50 stars
4.50 stars	Mission of Burma - Vs.	3.50 stars
4.00 stars	The Dream Syndicate - The Days of Wine and Roses	3.50 stars
5.00 stars	Wipers - Over the Edge	4.00 stars
3.50 stars	Sonic-Youth - Confusion Is Sex	3.50 stars
3.50 stars	Violent Femmes - Violent Femmes	3.50 stars
3.50 stars	Butthole Surfers - Butthole Surfers	3.50 stars
3.50 stars	The Chameleons - Script of the Bridge	4.00 stars
3.50 stars	The The - Soul Mining	3.50 stars
4.00 stars	Hüsker Dü - Zen Arcade	4.00 stars
4.00 stars	The Replacements - Let It Be	4.00 stars
5.00 stars	Minutemen - Double Nickels on the Dime	4.00 stars
4.00 stars	Cocteau Twins - Treasure	4.00 stars
4.00 stars	The Fall - This Nation's Saving Grace	4.00 stars
3.50 stars	The Jesus and Mary Chain - Psychocandy	4.00 stars
4.00 stars	Big Black - Atomizer	4.00 stars
3.50 stars	Sonic Youth - EVOL	4.50 stars
3.50 stars	XTC - Skylarking	4.50 stars
4.50 stars	Dinosaur - You're Living All Over Me	4.00 stars
4.00 stars	Galaxie 500 - Today	5.00 stars
3.50 stars	Pixies - Surfer Rosa	3.50 stars
3.50 stars	Cocteau Twins - Blue Bell Knoll	4.50 stars
4.00 stars	Sonic Youth - Daydream Nation	5.00 stars
3.50 stars	My Bloody Valentine - Isn't Anything	4.50 stars
2.50 stars	The Stone Roses - The Stone Roses	3.50 stars
4.50 stars	Pixies - Doolittle	4.00 stars
3.50 stars	The Cure - Disintegration	4.50 stars
4.00 stars	NoMeansNo - Wrong	3.50 stars
3.50 stars	Godflesh - Streetcleaner	4.00 stars
3.00 stars	Nick Cave & The Bad Seeds - The Good Son	4.00 stars
3.50 stars	Sonic Youth - Goo	4.00 stars
3.50 stars	Ride - Nowhere	4.50 stars
4.00 stars	The Jesus Lizard - Goat	4.50 stars
5.00 stars	Slint - Spiderland	5.00 stars
4.50 stars	Les Rallizes dénudés - '77 Live	4.50 stars
3.50 stars	Nirvana - Nevermind	3.50 stars
3.50 stars	A Tribe Called Quest - The Low End Theory	4.00 stars
4.00 stars	Talk Talk - Laughing Stock	5.00 stars
5.00 stars	Pavement - Slanted and Enchanted	5.00 stars
3.50 stars	Red House Painters - Down Colorful Hill	4.00 stars
4.00 stars	The Jesus Lizard - Liar	3.50 stars
3.50 stars	Slowdive - Souvlaki	4.50 stars
3.00 stars	Fugazi - In on the Kill Taker	3.50 stars
4.00 stars	Unwound - Fake Train	4.00 stars
3.00 stars	Smashing Pumpkins - Siamese Dream	3.50 stars
4.50 stars	Yo La Tengo - Painful	4.50 stars
3.00 stars	Autechre - Incunabula	4.00 stars
4.50 stars	Pavement - Crooked Rain, Crooked Rain	4.50 stars
4.00 stars	Low - I Could Live in Hope	4.00 stars
4.00 stars	Disco Inferno - D. I. Go Pop	4.50 stars
3.50 stars	Nick Cave and The Bad Seeds - Let Love In	4.00 stars
3.50 stars	Nas - Illmatic	4.00 stars
3.50 stars	Weezer - Weezer [Blue Album]	3.50 stars
5.00 stars	Guided by Voices - Bee Thousand	4.50 stars
3.50 stars	Portishead - Dummy	3.50 stars
4.00 stars	Sebadoh - Bakesale	3.50 stars
4.00 stars	Shellac - At Action Park	4.00 stars
3.50 stars	Autechre - Amber	4.00 stars
3.50 stars	Pavement - Wowee Zowee	4.00 stars
3.50 stars	Unwound - The Future of What	3.50 stars
4.50 stars	Three-6 Mafia - Mystic Stylez	3.50 stars
3.50 stars	Fugazi - Red Medicine	4.00 stars
3.50 stars	Sonic Youth - Washing Machine	4.00 stars
3.50 stars	Autechre - Tri repetae	4.00 stars
4.00 stars	Tortoise - Millions Now Living Will Never Die	4.00 stars
3.50 stars	Stereolab - Emperor Tomato Ketchup	4.00 stars
3.50 stars	Unwound - Repetition	4.50 stars
4.00 stars	Weezer - Pinkerton	3.50 stars
3.00 stars	Fishmans - Long Season	4.00 stars
4.00 stars	Aphex Twin - Richard D. James Album	4.00 stars
4.00 stars	Belle and Sebastian - If You're Feeling Sinister	4.50 stars
3.50 stars	DJ Shadow - Endtroducing.....	4.50 stars
3.50 stars	Built to Spill - Perfect From Now On	4.50 stars
3.50 stars	Pavement - Brighten the Corners	3.50 stars
3.00 stars	Elliott Smith - Either / Or	4.00 stars
3.00 stars	Sleater-Kinney - Dig Me Out	3.50 stars
4.00 stars	Yo La Tengo - I Can Hear the Heart Beating as One	4.50 stars
3.00 stars	Björk - Homogenic	3.50 stars
3.50 stars	Modest Mouse - The Lonesome Crowded West	4.50 stars
3.50 stars	Unwound - Challenge for a Civilized Society	4.00 stars
3.00 stars	AIR - Moon Safari	4.00 stars
3.50 stars	GAS - Zauberberg	3.50 stars
3.50 stars	Duster - Stratosphere	4.00 stars
3.50 stars	Tortoise - TNT	4.00 stars
3.50 stars	Boards of Canada - Music Has the Right to Children	4.50 stars
3.00 stars	Mercury Rev - Deserter's Songs	3.50 stars
2.50 stars	Bonnie 'Prince' Billy - I See a Darkness	3.50 stars
3.00 stars	Built to Spill - Keep It Like a Secret	4.00 stars
4.00 stars	Triple Six Mafia - Underground Vol. 1: 1991-1994	4.00 stars
3.50 stars	Pavement - Terror Twilight	3.50 stars
3.00 stars	Sigur Rós - Ágætis byrjun	4.00 stars
3.50 stars	The Flaming Lips - The Soft Bulletin	4.50 stars
4.00 stars	The Magnetic Fields - 69 Love Songs	4.00 stars
3.50 stars	The Dismemberment Plan - Emergency & I	4.50 stars
4.00 stars	Vladislav Delay - Multila	4.00 stars
3.50 stars	Yo La Tengo - And Then Nothing Turned Itself Inside-Out	4.00 stars
3.00 stars	Eminem - The Marshall Mathers LP	2.50 stars
3.50 stars	Avey Tare and Panda Bear - Spirit They're Gone Spirit They've Vanished	4.50 stars
3.50 stars	The Clientele - Suburban Light	4.50 stars
4.00 stars	Unwound - Leaves Turn Inside You	5.00 stars
4.50 stars	Fennesz - Endless Summer	4.00 stars
3.00 stars	Björk - Vespertine	4.00 stars
3.00 stars	Sparklehorse - It's a Wonderful Life	4.00 stars
4.00 stars	Converge - Jane Doe	4.00 stars
3.00 stars	Aesop Rock - Labor Days	3.50 stars
3.50 stars	Fugazi - The Argument	4.50 stars
3.00 stars	Tim Hecker - Haunt Me, Haunt Me Do It Again	4.00 stars
4.00 stars	Indian Summer - Science 1994	3.50 stars
4.50 stars	Ariel Pink's Haunted Graffiti - House Arrest + Lover Boy	4.50 stars
3.50 stars	...And You Will Know Us by the Trail of Dead - Source Tags & Codes	4.00 stars
4.50 stars	Wilco - Yankee Hotel Foxtrot	4.00 stars
3.00 stars	Sonic Youth - Murray Street	4.00 stars
3.00 stars	Carissa's Wierd - Songs About Leaving	4.00 stars
3.50 stars	Spoon - Kill the Moonlight	3.50 stars
4.00 stars	Interpol - Turn On the Bright Lights	4.50 stars
4.00 stars	Broken Social Scene - You Forgot It in People	3.50 stars
3.00 stars	Sigur Rós - ( )	4.00 stars
4.00 stars	the Mountain Goats - Tallahassee	3.50 stars
3.50 stars	Lightning Bolt - Wonderful Rainbow	4.00 stars
4.00 stars	Deerhoof - Apple O'	4.00 stars
3.00 stars	Manitoba - Up in Flames	3.50 stars
4.00 stars	Four Tet - Rounds	4.00 stars
4.00 stars	Boris - Boris at Last -Feedbacker-	4.50 stars
4.00 stars	Madvillain - Madvillainy	5.00 stars
4.00 stars	of Montreal - Satanic Panic in the Attic	3.50 stars
3.50 stars	Animal Collective - Sung Tongs	4.00 stars
3.50 stars	The Fiery Furnaces - Blueberry Boat	4.00 stars
2.50 stars	Bloc Party - Silent Alarm	3.00 stars
4.00 stars	Sufjan Stevens - Illinois	4.00 stars
3.50 stars	Lightning Bolt - Hypermagic Mountain	4.00 stars
4.00 stars	Animal Collective - Feels	4.00 stars
4.00 stars	Boris - Pink	4.00 stars
4.50 stars	Coil - The Ape of Naples	4.00 stars
5.00 stars	J Dilla - Donuts	4.50 stars
3.00 stars	Grizzly Bear - Yellow House	3.50 stars
3.50 stars	Klaxons - Myths of the Near Future	3.00 stars
3.50 stars	Stars of the Lid - And Their Refinement of the Decline	4.50 stars
3.50 stars	The Angelic Process - Weighing Souls With Sand	4.00 stars
4.00 stars	Animal Collective - Strawberry Jam	4.00 stars
4.00 stars	Burial - Untrue	4.00 stars
4.00 stars	John Maus - Love Is Real	4.00 stars
4.00 stars	MGMT - Oracular Spectacular	3.50 stars
4.00 stars	Have a Nice Life - Deathconsciousness	4.00 stars
4.50 stars	Deerhunter - Microcastle / Weird Era Continued	4.50 stars
4.00 stars	Animal Collective - Merriweather Post Pavilion	5.00 stars
2.50 stars	The Antlers - Hospice	3.50 stars
3.00 stars	Fever Ray - Fever Ray	4.00 stars
3.00 stars	Passion Pit - Manners	3.50 stars
4.00 stars	The Flaming Lips - Embryonic	4.00 stars
3.00 stars	Four Tet - There Is Love in You	3.50 stars
4.50 stars	Beach House - Teen Dream	4.00 stars
4.50 stars	MGMT - Congratulations	4.00 stars
3.50 stars	Flying Lotus - Cosmogramma	4.50 stars
4.00 stars	Ariel Pink's Haunted Graffiti - Before Today	4.00 stars
3.00 stars	OPN - Returnal	4.00 stars
4.50 stars	Deerhunter - Halcyon Digest	4.50 stars
5.00 stars	Women - Public Strain	5.00 stars
3.50 stars	Kanye West - My Beautiful Dark Twisted Fantasy	4.00 stars
3.50 stars	Destroyer - Kaputt	4.00 stars
3.50 stars	Metronomy - The English Riviera	3.50 stars
4.00 stars	Grouper - A I A: Alien Observer	5.00 stars
4.00 stars	The Men - Leave Home	4.00 stars
4.50 stars	John Maus - We Must Become the Pitiless Censors of Ourselves	4.00 stars
4.00 stars	Danny Brown - XXX	4.00 stars
3.50 stars	Real Estate - Days	3.50 stars
3.50 stars	Car Seat Headrest - Twin Fantasy	4.00 stars
4.00 stars	Lil Ugly Mane - Mista Thug Isolation	4.50 stars
3.50 stars	Burial - Kindred EP	4.50 stars
4.00 stars	Julia Holter - Ekstasis	4.00 stars
4.00 stars	Dean Blunt & Inga Copeland - Black Is Beautiful	4.00 stars
3.50 stars	Death Grips - The Money Store	4.00 stars
4.00 stars	Beach House - Bloom	4.00 stars
4.50 stars	Fiona Apple - The Idler Wheel Is Wiser Than the Driver of the Screw and Whipping Cords Will Serve You More Than Ropes Will Ever Do	3.50 stars
3.50 stars	Frank Ocean - channel ORANGE	4.00 stars
3.50 stars	James Ferraro - Live at Primavera Sound 2012	3.50 stars
3.00 stars	Wild Nothing - Nocturne	3.50 stars
3.00 stars	Swans - The Seer	4.00 stars
4.00 stars	Grizzly Bear - Shields	3.50 stars
4.00 stars	Death Grips - NO LOVE DEEP WEB	3.50 stars
4.00 stars	Tame Impala - Lonerism	4.00 stars
3.50 stars	Converge - All We Love We Leave Behind	3.50 stars
3.50 stars	METZ - METZ	3.50 stars
4.00 stars	Mac DeMarco - 2	3.50 stars
4.00 stars	Kendrick Lamar - good kid, m.A.A.d city	4.00 stars
4.00 stars	Lil Ugly Mane - Uneven Compromise	4.00 stars
3.50 stars	My Bloody Valentine - m b v	4.50 stars
4.00 stars	Iceage - You're Nothing	4.00 stars
3.00 stars	James Blake - Overgrown	3.50 stars
4.00 stars	Dean Blunt - The Redeemer	4.00 stars
4.00 stars	Deerhunter - Monomania	3.00 stars
4.00 stars	Vampire Weekend - Modern Vampires of the City	3.50 stars
3.50 stars	Deafheaven - Sunbather	4.00 stars
3.00 stars	Kanye West - Yeezus	4.00 stars
3.00 stars	Run the Jewels - Run the Jewels	3.00 stars
4.00 stars	Fuck Buttons - Slow Focus	3.50 stars
3.50 stars	Julia Holter - Loud City Song	4.00 stars
3.50 stars	Forest Swords - Engravings	3.50 stars
3.50 stars	Oneohtrix Point Never - R Plus Seven	4.50 stars
4.00 stars	Melt-Banana - Fetch	3.50 stars
4.00 stars	Freddie Gibbs & Madlib - Piñata	4.00 stars
3.50 stars	Cloud Nothings - Here and Nowhere Else	4.00 stars
4.00 stars	Mac DeMarco - Salad Days	3.50 stars
3.00 stars	Todd Terje - It's Album Time	3.50 stars
4.00 stars	Fennesz - Bécs	3.50 stars
4.00 stars	Ought - More Than Any Other Day	3.50 stars
3.50 stars	Sharon Van Etten - Are We There	3.50 stars
3.50 stars	Parquet Courts - Sunbathing Animal	3.00 stars
2.50 stars	Ty Segall - Manipulator	3.50 stars
4.00 stars	Iceage - Plowing Into the Field of Love	4.00 stars
3.50 stars	Run the Jewels - Run the Jewels 2	3.50 stars
3.50 stars	Richard Dawson - Nothing Important	4.50 stars
4.00 stars	Dean Blunt - Black Metal	4.50 stars
4.00 stars	Levon Vincent - Levon Vincent	3.50 stars
4.00 stars	Kendrick Lamar - To Pimp a Butterfly	3.50 stars
4.00 stars	Earl Sweatshirt - I Don't Like Shit, I Don't Go Outside	4.50 stars
3.50 stars	Lightning Bolt - Fantasy Empire	4.00 stars
3.50 stars	Earl Sweatshirt - Solace	4.00 stars
3.50 stars	Lil Ugly Mane - Third Side of Tape	4.00 stars
3.00 stars	Prurient - Frozen Niagara Falls	4.00 stars
3.50 stars	Thee Oh Sees - Mutilator Defeated at Last	3.50 stars
3.50 stars	Holly Herndon - Platform	3.50 stars
3.50 stars	Container - LP	3.50 stars
3.50 stars	Mac DeMarco - Another One	2.50 stars
4.50 stars	Beach House - Depression Cherry	4.00 stars
4.00 stars	Julia Holter - Have You in My Wilderness	4.00 stars
3.00 stars	Deafheaven - New Bermuda	4.00 stars
4.00 stars	Joanna Newsom - Divers	4.50 stars
3.50 stars	Floating Points - Elaenia	3.50 stars
3.50 stars	SOPHIE - Product	4.00 stars
4.50 stars	Lil Ugly Mane - Oblivion Access	4.00 stars
4.00 stars	David Bowie - ★ [Blackstar]	4.00 stars
3.50 stars	Kendrick Lamar - untitled unmastered.	3.50 stars
3.50 stars	Deakin - Sleep Cycle	4.00 stars
3.50 stars	Tim Hecker - Love Streams	3.50 stars
3.50 stars	Xiu Xiu - Plays the Music of Twin Peaks	3.50 stars
3.50 stars	Death Grips - Bottomless Pit	3.50 stars
3.50 stars	Radiohead - A Moon Shaped Pool	4.00 stars
3.00 stars	Jessy Lanza - Oh No	4.00 stars
3.50 stars	Car Seat Headrest - Teens of Denial	4.00 stars
3.50 stars	The Avalanches - Wildflower	3.50 stars
5.00 stars	Frank Ocean - Blonde	5.00 stars
4.00 stars	Angel Olsen - MY WOMAN	3.50 stars
3.50 stars	Preoccupations - Preoccupations	3.50 stars
4.00 stars	Danny Brown - Atrocity Exhibition	4.50 stars
3.50 stars	GFOTY - Call Him a Doctor	3.50 stars
4.00 stars	A Tribe Called Quest - We got it from Here... Thank You 4 Your service	4.00 stars
3.50 stars	William Basinski - A Shadow in Time	4.00 stars
3.00 stars	Mount Eerie - A Crow Looked at Me	4.00 stars
3.50 stars	Mac DeMarco - This Old Dog	3.50 stars
4.00 stars	Hoops - Routines	3.50 stars
4.00 stars	Aldous Harding - Party	3.50 stars
4.00 stars	Richard Dawson - Peasant	4.00 stars
3.50 stars	Algiers - The Underside of Power	3.50 stars
4.50 stars	Tyler, the Creator - Flower Boy	3.50 stars
3.50 stars	Yves Tumor - Experiencing the Deposit of Faith	4.00 stars
4.00 stars	Protomartyr - Relatives in Descent	4.00 stars
3.50 stars	John Maus - Screen Memories	3.50 stars
3.50 stars	Charli XCX - Pop 2	3.00 stars
3.00 stars	Pendant - Make Me Know You Sweet	3.50 stars
4.00 stars	JPEGMAFIA - Veteran	3.00 stars
3.50 stars	Car Seat Headrest - Twin Fantasy	4.00 stars
3.00 stars	Against All Logic - 2012 - 2017	4.00 stars
3.00 stars	Kero Kero Bonito - TOTEP	3.50 stars
3.50 stars	Preoccupations - New Material	3.00 stars
3.00 stars	The Voidz - Virtue	4.00 stars
3.50 stars	DJ Healer - Nothing 2 Loose	4.00 stars
3.50 stars	Iceage - Beyondless	3.50 stars
4.00 stars	Tropical Fuck Storm - A Laughing Death in Meatspace	3.00 stars
3.50 stars	Playboi Carti - Die Lit	3.00 stars
4.00 stars	Beach House - 7	4.00 stars
4.50 stars	Parquet Courts - Wide Awaaaaake!	3.50 stars
3.00 stars	Shygirl - Cruel Practice	3.50 stars
4.00 stars	Pusha T - DAYTONA	3.50 stars
3.50 stars	Oneohtrix Point Never - Age Of	3.50 stars
3.00 stars	Kids See Ghosts - Kids See Ghosts	3.50 stars
3.50 stars	Death Grips - Year of the Snitch	3.00 stars
3.50 stars	Deafheaven - Ordinary Corrupt Human Love	3.50 stars
3.50 stars	Denzel Curry - TA13OO	3.50 stars
3.50 stars	Mid-Air Thief - 무너지기 (Crumbling)	3.50 stars
3.50 stars	IDLES - Joy as an Act of Resistance.	3.00 stars
3.50 stars	Yves Tumor - Safe in the Hands of Love	4.50 stars
3.00 stars	Amnesia Scanner - Another Life	3.50 stars
4.50 stars	Dean Blunt - Soul on Fire	3.50 stars
3.00 stars	Tim Hecker - Konoyo	4.00 stars
3.50 stars	Kero Kero Bonito - Time 'n' Place	3.50 stars
3.50 stars	Eli Keszler - Stadium	3.00 stars
3.50 stars	Cloud Nothings - Last Building Burning	3.50 stars
3.50 stars	Daughters - You Won't Get What You Want	4.50 stars
3.50 stars	Julia Holter - Aviary	4.50 stars
4.50 stars	Earl Sweatshirt - Some Rap Songs	4.00 stars
3.00 stars	Sharon Van Etten - Remind Me Tomorrow	3.50 stars
3.50 stars	Deerhunter - Why Hasn't Everything Already Disappeared?	3.50 stars
3.50 stars	Jessica Pratt - Quiet Signs	3.50 stars
3.50 stars	Xiu Xiu - Girl With Basket of Fruit	4.00 stars
3.50 stars	The Caretaker - Everywhere at the End of Time - Stage 6	3.50 stars
3.50 stars	Fennesz - Agora	3.50 stars
4.00 stars	Weyes Blood - Titanic Rising	4.00 stars
3.00 stars	Vampire Weekend - Father of the Bride	3.50 stars
3.50 stars	Big Thief - U.F.O.F.	3.50 stars
3.50 stars	Tim Hecker - Anoyo	4.00 stars
3.50 stars	Injury Reserve - Injury Reserve	2.50 stars
3.50 stars	Tyler, the Creator - Igor	3.00 stars
2.50 stars	Hatchie - Keepsake	3.50 stars
4.00 stars	Freddie Gibbs & Madlib - Bandana	4.00 stars
3.00 stars	LINGUA IGNOTA - Caligula	3.00 stars
4.00 stars	(Sandy) Alex G - House of Sugar	4.00 stars
4.00 stars	My Bloody Valentine - Loveless	5.00 stars
3.50 stars	Natural Snow Buildings - The Dance of the Moon and the Sun	4.00 stars
4.00 stars	Neutral Milk Hotel - In the Aeroplane Over the Sea	4.50 stars
4.00 stars	Joanna Newsom - Ys	4.50 stars
3.50 stars	Nivhek - After Its Own Death / Walking in a Spiral Towards the House	4.00 stars
3.00 stars	No Age - Snares Like a Haircut	3.00 stars
4.00 stars	of Montreal - Hissing Fauna, Are You the Destroyer?	4.00 stars
3.50 stars	The Olivia Tremor Control - Music From the Unrealized Film Script, Dusk at Cubist Castle	4.50 stars
4.00 stars	Oneohtrix Point Never - Replica	5.00 stars
4.00 stars	Ought - Sun Coming Down	3.50 stars
3.50 stars	Ought - Room Inside the World	3.00 stars
3.50 stars	Oxbow - Thin Black Duke	4.00 stars
3.50 stars	Palm - Rock Island	3.50 stars
3.50 stars	Jai Paul - Leak 04-13 (Bait Ones)	4.00 stars
3.50 stars	Pavement - Watery, Domestic	4.00 stars
4.00 stars	Pere Ubu - The Modern Dance	4.00 stars
4.00 stars	Ariel Pink - Pom Pom	4.00 stars
3.50 stars	Ariel Pink - Dedicated to Bobby Jameson	3.50 stars
4.00 stars	Pink Floyd - The Piper at the Gates of Dawn	4.00 stars
3.50 stars	Pink Floyd - The Dark Side of the Moon	2.50 stars
4.00 stars	Viet Cong - Viet Cong	4.00 stars
3.00 stars	The Radio Dept. - Lesser Matters	4.00 stars
4.00 stars	Radiohead - OK Computer	4.50 stars
4.00 stars	Radiohead - Kid A	5.00 stars
3.50 stars	Jay Reatard - Blood Visions	3.50 stars
3.00 stars	Lou Reed - Berlin	4.00 stars
4.00 stars	Royal Headache - Royal Headache	3.50 stars
3.50 stars	Royal Headache - High	3.00 stars
3.00 stars	Skee Mask - Compro	3.50 stars
3.50 stars	The Smiths - Hatful of Hollow	4.00 stars
4.00 stars	The Smiths - The Queen Is Dead	4.00 stars
3.50 stars	Sonic Youth - Dirty	3.00 stars
3.50 stars	SOPHIE - Oil of Every Pearl's Un-Insides	4.50 stars
4.00 stars	The Sound - Jeopardy	3.50 stars
4.00 stars	Stars of the Lid - The Tired Sounds Of	4.00 stars
4.00 stars	Sufjan Stevens - Carrie & Lowell	4.00 stars
3.50 stars	Andy Stott - Faith in Strangers	4.00 stars
2.50 stars	Sun Kil Moon - Benji	3.50 stars
3.50 stars	Talking Heads - Remain in Light	4.50 stars
4.00 stars	Talk Talk - Spirit of Eden	4.50 stars
4.00 stars	Thinking Fellers Union Local 282 - Strangers From the Universe	3.00 stars
4.00 stars	This Heat - This Heat	5.00 stars
3.50 stars	Various Artists - Mono no aware	4.00 stars
4.00 stars	The Velvet Underground - White Light / White Heat	5.00 stars
3.00 stars	The Velvet Underground - Loaded	4.00 stars
3.50 stars	Tom Waits - Rain Dogs	3.50 stars
4.00 stars	Wipers - Youth of America	4.00 stars
4.50 stars	Women - Women	3.50 stars
2.50 stars	Youth Lagoon - The Year of Hibernation	3.50 stars
rental and Raynob disagree: (23)
rental	Album	Raynob
3.00 stars	Fishmans - 98.12.28 男達の別れ (98.12.28 Otokotachi no Wakare)	4.50 stars
3.00 stars	Godspeed You Black Emperor! - Slow Riot for New Zerø Kanada E.P.	5.00 stars
3.00 stars	LCD Soundsystem - This Is Happening	4.50 stars
4.00 stars	Metallica - Ride the Lightning	2.50 stars
3.50 stars	The Microphones - The Glow Pt. 2	5.00 stars
3.00 stars	Amon Düül II - Yeti	4.50 stars
3.50 stars	Can - Future Days	5.00 stars
3.50 stars	Unwound - New Plastic Ideas	5.00 stars
3.00 stars	Slowdive - Pygmalion	4.50 stars
3.00 stars	Burzum - Filosofem	4.50 stars
3.50 stars	Swans - Soundtracks for the Blind	5.00 stars
3.00 stars	Spiritualized® - Ladies and Gentlemen We Are Floating in Space	5.00 stars
3.00 stars	Swans - Swans Are Dead	5.00 stars
3.50 stars	Godspeed You Black Emperor! - Lift Yr. Skinny Fists Like Antennas to Heaven!	5.00 stars
3.00 stars	Sweet Trip - Velocity : Design : Comfort	5.00 stars
4.50 stars	Fleet Foxes - Fleet Foxes	3.00 stars
3.00 stars	Shabazz Palaces - Black Up	4.50 stars
3.00 stars	Ben Frost - A U R O R A	4.50 stars
2.00 stars	Swans - The Glowing Man	4.00 stars
3.00 stars	Frank Ocean - Endless	4.50 stars
3.50 stars	Low - Double Negative	5.00 stars
2.00 stars	Pink Floyd - Wish You Were Here	3.50 stars
3.50 stars	The Sonic Youth - Sister	5.00 stars