rental	Album	RolandWu
3.50 stars	Adonis - Wiosenna ofensywa nie trwa dłużej niż do letnich wakacji	3.50 stars
3.00 stars	Alva Noto - Transform	4.00 stars
3.50 stars	Amen Dunes - Love	3.50 stars
4.00 stars	Animal Collective - Fall Be Kind	3.00 stars
4.00 stars	Antena - Camino del sol	4.00 stars
3.50 stars	Aphex Twin - Selected Ambient Works 85-92	4.50 stars
4.00 stars	William Basinski - The Disintegration Loops	4.00 stars
3.50 stars	William Basinski - The Disintegration Loops II	4.00 stars
3.50 stars	William Basinski - The Disintegration Loops III	4.50 stars
3.50 stars	William Basinski - The Disintegration Loops IV	4.00 stars
3.00 stars	Baths - Cerulean	3.00 stars
4.00 stars	The Beach Boys - Pet Sounds	4.50 stars
4.00 stars	Beat Happening - You Turn Me On	3.50 stars
4.00 stars	The Beatles - Abbey Road	4.50 stars
3.50 stars	The Beths - Future Me Hates Me	3.00 stars
3.00 stars	Better Person - It's Only You	3.50 stars
4.00 stars	Bielizna - Taniec lekkich goryli	3.50 stars
4.00 stars	Black Eyes - Black Eyes	3.50 stars
3.50 stars	Black Eyes - Cough	3.00 stars
4.00 stars	black midi - Schlagenheim	3.50 stars
3.00 stars	James Blake - Assume Form	3.00 stars
3.50 stars	Boards of Canada - Geogaddi	4.00 stars
4.00 stars	The Books - The Lemon of Pink	3.50 stars
3.50 stars	Boris - flood	4.00 stars
3.50 stars	David Bowie - "Heroes"	4.00 stars
3.50 stars	Brockhampton - Iridescence	3.00 stars
4.00 stars	David Thomas Broughton - The Complete Guide to Insufficiency	3.50 stars
4.00 stars	Tim Buckley - Starsailor	4.00 stars
4.00 stars	Burial - Street Halo	4.00 stars
3.50 stars	Kate Bush - Hounds of Love	4.50 stars
3.00 stars	Jefre Cantu-Ledesma - On the Echoing Green	4.00 stars
3.00 stars	Nick Cave & The Bad Seeds - Skeleton Tree	3.00 stars
4.00 stars	Cloud Nothings - Attack on Memory	4.50 stars
4.00 stars	Cloud Nothings - Life Without Sound	3.00 stars
3.50 stars	Cocteau Twins - Head Over Heels	4.00 stars
4.00 stars	Cocteau Twins - Heaven or Las Vegas	5.00 stars
5.00 stars	Ornette Coleman - The Shape of Jazz to Come	4.00 stars
4.00 stars	Comus - First Utterance	3.50 stars
3.50 stars	Cool Kids of Death - Cool Kids of Death	3.50 stars
3.50 stars	Daughters - Daughters	4.00 stars
2.50 stars	D A V I C I I - W sercu pozostaje tylko to, co wypalone ogniem	3.00 stars
4.00 stars	Miles Davis - Get Up With It	4.00 stars
3.50 stars	Deerhoof - Breakup Song	3.00 stars
3.50 stars	Deerhunter - Fading Frontier	3.50 stars
4.00 stars	Reinbert de Leeuw - Gnossiennes; Gymnopédies; Ogives; Trois sarabandes; Petite ouverture à danser	5.00 stars
4.00 stars	Lana Del Rey - Norman Fucking Rockwell!	4.00 stars
3.50 stars	Dirty Three - Ocean Songs	3.50 stars
3.00 stars	Disco Inferno - Technicolour	3.50 stars
3.00 stars	DJ Nigga Fox - Crânio	3.00 stars
3.50 stars	The Dodos - Visiter	3.50 stars
3.50 stars	The Doors - The Doors	4.00 stars
3.50 stars	Nick Drake - Five Leaves Left	4.50 stars
3.50 stars	The Drones - Feelin Kinda Free	3.00 stars
4.00 stars	Ducktails - The Flower Lane	4.00 stars
3.50 stars	Ducktails - Jersey Devil	3.50 stars
4.00 stars	The Durutti Column - LC	4.00 stars
4.00 stars	Eddy Current Suppression Ring - Primary Colours	3.00 stars
3.00 stars	Delroy Edwards - 4 Club Use Only	3.00 stars
3.50 stars	Delroy Edwards - Rio Grande	2.50 stars
3.00 stars	Ekkehard Ehlers - Plays	4.00 stars
3.50 stars	Eldritch Anisette - Eldritch Anisette	3.50 stars
3.50 stars	The Ex - Starters Alternators	3.50 stars
3.50 stars	John Fahey - Fare Forward Voyagers (Soldier's Choice)	4.50 stars
4.00 stars	The Fall - Slates	4.00 stars
4.00 stars	The Fall - Perverted by Language	3.50 stars
4.00 stars	Fantomowa Erekcja - Z Nietzsche na betonie	3.50 stars
3.50 stars	James Ferraro - Four Pieces for Mirai	4.00 stars
3.50 stars	The Field Mice - Snowball	3.00 stars
4.00 stars	Fleet Foxes - Crack-Up	4.00 stars
3.50 stars	Flipper - Album: Generic Flipper	3.00 stars
4.00 stars	Fontaines D.C. - Dogrel	3.50 stars
3.50 stars	Ben Frost - By the Throat	4.00 stars
3.50 stars	Fuck Buttons - Tarot Sport	4.00 stars
3.00 stars	Fucked Up - The Chemistry of Common Life	3.00 stars
3.50 stars	Fugazi - Repeater	3.50 stars
3.50 stars	Future - Monster	4.00 stars
4.00 stars	Alex G - Beach Music	4.00 stars
4.00 stars	Gang of Four - Entertainment!	4.50 stars
3.00 stars	Girl Band - Holding Hands With Jamie	3.00 stars
3.50 stars	Girlpool - Before the World Was Big	2.50 stars
4.00 stars	Philip Glass - Glassworks	4.50 stars
3.50 stars	The Go-Betweens - Spring Hill Fair	4.00 stars
4.00 stars	The Go-Betweens - Liberty Belle and the Black Diamond Express	4.50 stars
3.50 stars	Go-Betweens - Tallulah	4.00 stars
4.50 stars	The Go-Betweens - 16 Lovers Lane	5.00 stars
3.00 stars	Godspeed You Black Emperor! - Slow Riot for New Zerø Kanada E.P.	3.50 stars
3.00 stars	Grimes - Visions	3.00 stars
3.50 stars	Grouper - Dragging a Dead Deer Up a Hill	3.50 stars
4.00 stars	Guided by Voices - Alien Lanes	4.00 stars
3.00 stars	Helena Hauff - Discreet Desires	3.00 stars
3.00 stars	Anna von Hausswolff - The Miraculous	3.00 stars
3.50 stars	Anna von Hausswolff - Dead Magic	3.00 stars
3.00 stars	Have a Nice Life - The Unnatural World	3.00 stars
3.00 stars	Heavy Lungs - Straight to CD	3.00 stars
4.00 stars	Tim Hecker - Harmony in Ultraviolet	3.00 stars
3.50 stars	Tim Hecker - Virgins	4.00 stars
4.00 stars	James Holden & the Animal Spirits - The Animal Spirits	3.00 stars
3.50 stars	Hoops - Hoops	3.50 stars
4.00 stars	Hop Along - Bark Your Head Off, Dog	4.00 stars
3.50 stars	Jon Hopkins - Immunity	3.50 stars
3.00 stars	HTRK - Nostalgia	3.00 stars
4.00 stars	Hüsker Dü - New Day Rising	4.00 stars
3.00 stars	Ital - Endgame	3.50 stars
3.50 stars	Nicolas Jaar - Don't Break My Love	3.50 stars
3.50 stars	Joy Division - Closer	4.50 stars
3.50 stars	Kuedo - Severant	3.50 stars
3.50 stars	KWJAZ - KWJAZ	4.00 stars
3.50 stars	Steve Lacy - Steve Lacy's Demo	3.50 stars
4.00 stars	Kendrick Lamar - DAMN.	3.50 stars
4.00 stars	Graham Lambkin - Salmon Run	4.00 stars
3.00 stars	LCD Soundsystem - This Is Happening	3.00 stars
3.00 stars	Adrianne Lenker - Abysskiss	3.50 stars
3.50 stars	Lenny Valentino - Uwaga! Jedzie tramwaj	4.00 stars
4.00 stars	Les Savy Fav - Inches	4.00 stars
3.50 stars	Lil Wayne - Da Drought 3	4.00 stars
3.00 stars	Lolina - The Smoke	2.50 stars
4.00 stars	Love - Forever Changes	4.50 stars
3.50 stars	Low - Things We Lost in the Fire	3.00 stars
3.50 stars	Macha - See It Another Way	3.00 stars
4.00 stars	Machinedrum - Room(s)	4.00 stars
2.50 stars	Magma - Mekanïk Destruktïw Kommandöh	3.50 stars
3.50 stars	Male Bonding - Nothing Hurts	3.00 stars
4.00 stars	John Maus - A Collection of Rarities and Previously Unreleased Material	3.00 stars
3.50 stars	Curtis Mayfield - Superfly	4.00 stars
3.50 stars	Menomena - Friend and Foe	3.50 stars
3.50 stars	M.E.S.H. - Damaged Merc	3.50 stars
4.00 stars	MGMT - Little Dark Age	3.00 stars
2.00 stars	Minus the Bear - Highly Refined Pirates	3.00 stars
3.00 stars	Młody π - zdycham powoli ale konsekwentnie ep	4.00 stars
3.50 stars	Mobb Deep - The Infamous	4.00 stars
4.00 stars	Modest Mouse - This Is a Long Drive for Someone With Nothing to Think About	3.50 stars
4.00 stars	Morphine - Cure for Pain	4.00 stars
3.00 stars	Morrissey - Viva Hate	3.50 stars
3.00 stars	Muchy - Terroromans	4.00 stars
3.50 stars	Miles Davis - Kind of Blue	4.50 stars
3.50 stars	John Coltrane - My Favorite Things	4.00 stars
4.00 stars	Mingus - The Black Saint and the Sinner Lady	4.00 stars
3.50 stars	Albert Ayler Trio - Spiritual Unity	4.00 stars
4.00 stars	John Coltrane - A Love Supreme	5.00 stars
3.50 stars	Bob Dylan - Bringing It All Back Home	3.50 stars
3.50 stars	Bob Dylan - Highway 61 Revisited	3.50 stars
4.50 stars	Jackson C. Frank - Jackson C. Frank	3.50 stars
3.50 stars	Bob Dylan - Blonde on Blonde	4.50 stars
3.00 stars	Love - Da Capo	4.00 stars
3.50 stars	Komeda Quintet - Astigmatic	4.00 stars
3.00 stars	The Byrds - Younger Than Yesterday	4.00 stars
4.50 stars	The Velvet Underground & Nico - The Velvet Underground & Nico	4.50 stars
3.50 stars	The Beatles - Sgt. Pepper's Lonely Hearts Club Band	4.50 stars
3.00 stars	Captain Beefheart and His Magic Band - Safe as Milk	4.00 stars
3.50 stars	The Kinks - Something Else by The Kinks	4.00 stars
3.50 stars	Leonard Cohen - Songs of Leonard Cohen	4.50 stars
4.00 stars	The Zombies - Odessey and Oracle	4.50 stars
3.50 stars	Van Morrison - Astral Weeks	4.00 stars
4.00 stars	The Velvet Underground - The Velvet Underground	4.00 stars
3.50 stars	Tim Buckley - Happy Sad	4.00 stars
3.50 stars	Pharoah Sanders - Karma	4.50 stars
4.00 stars	Captain Beefheart & His Magic Band - Trout Mask Replica	4.50 stars
3.50 stars	Miles Davis - In a Silent Way	4.50 stars
3.50 stars	Syd Barrett - The Madcap Laughs	4.00 stars
3.50 stars	Miles Davis - Bitches Brew	4.50 stars
3.50 stars	The Stooges - Fun House	4.00 stars
3.50 stars	Tim Buckley - Lorca	4.00 stars
3.50 stars	Faust - Faust	3.50 stars
3.50 stars	Chico Buarque - Construção	4.00 stars
4.00 stars	Serge Gainsbourg - Histoire de Melody Nelson	4.50 stars
3.00 stars	Black Sabbath - Master of Reality	3.50 stars
3.50 stars	The Who - Who's Next	3.00 stars
3.50 stars	T. Rex - Electric Warrior	4.00 stars
4.00 stars	Can - Tago Mago	4.00 stars
4.00 stars	David Bowie - Hunky Dory	4.00 stars
3.50 stars	Popol Vuh - Hosianna Mantra	4.50 stars
3.50 stars	Pharoah Sanders - Black Unity	4.00 stars
4.00 stars	Nick Drake - Pink Moon	4.50 stars
4.00 stars	Milton Nascimento & Lô Borges - Clube da Esquina	5.00 stars
4.00 stars	David Bowie - The Rise and Fall of Ziggy Stardust and the Spiders From Mars	4.00 stars
3.00 stars	T. Rex - The Slider	4.00 stars
3.50 stars	Steely Dan - Can't Buy a Thrill	3.50 stars
4.50 stars	Can - Ege Bamyasi	4.50 stars
4.00 stars	Novos Baianos - Acabou chorare	4.00 stars
3.50 stars	Lou Reed - Transformer	3.50 stars
4.00 stars	Iggy and The Stooges - Raw Power	3.50 stars
4.00 stars	Todd Rundgren - A Wizard, A True Star	4.50 stars
3.50 stars	David Bowie - Aladdin Sane	4.00 stars
4.00 stars	Steely Dan - Countdown to Ecstasy	4.00 stars
3.50 stars	Stevie Wonder - Innervisions	4.50 stars
3.50 stars	Can - Future Days	4.50 stars
3.50 stars	Eno - Here Come the Warm Jets	4.00 stars
3.00 stars	Steely Dan - Pretzel Logic	3.50 stars
3.50 stars	Sparks - Kimono My House	3.50 stars
3.50 stars	Neil Young - On the Beach	4.00 stars
3.50 stars	Eno - Taking Tiger Mountain (By Strategy)	4.00 stars
3.00 stars	NEU! - NEU! '75	3.50 stars
3.50 stars	Eno - Another Green World	4.50 stars
4.00 stars	R. Stevie Moore - Phonography	3.50 stars
4.00 stars	Stevie Wonder - Songs in the Key of Life	4.50 stars
3.00 stars	Gary Wilson - You Think You Really Know Me	3.00 stars
3.50 stars	Fela Anikulapo Kuti and Afrika 70 - Zombie	3.50 stars
4.00 stars	David Bowie - Low	4.50 stars
3.50 stars	Fleetwood Mac - Rumours	4.00 stars
4.00 stars	Television - Marquee Moon	4.50 stars
3.50 stars	Kraftwerk - Trans Europa Express	4.00 stars
3.50 stars	Iggy Pop - The Idiot	4.00 stars
3.50 stars	The Clash - The Clash	4.00 stars
4.00 stars	Talking Heads - Talking Heads: 77	3.50 stars
4.00 stars	Suicide - Suicide	3.50 stars
4.50 stars	Wire - Pink Flag	4.50 stars
3.50 stars	Brian Eno - Ambient 1: Music for Airports	4.00 stars
3.00 stars	Elvis Costello - This Year's Model	4.00 stars
3.50 stars	Kraftwerk - Die Mensch-Maschine	4.00 stars
3.00 stars	Magazine - Real Life	3.50 stars
4.00 stars	Talking Heads - More Songs About Buildings and Food	4.00 stars
4.00 stars	Wire - Chairs Missing	4.50 stars
3.50 stars	Blondie - Parallel Lines	3.50 stars
3.50 stars	Pere Ubu - Dub Housing	3.50 stars
3.50 stars	Contortions - Buy	3.00 stars
3.50 stars	Joy Division - Unknown Pleasures	4.50 stars
4.00 stars	Chic - Risqué	4.00 stars
3.50 stars	Talking Heads - Fear of Music	4.50 stars
4.50 stars	The Slits - Cut	3.50 stars
3.50 stars	Buzzcocks - Singles Going Steady	4.00 stars
4.00 stars	Wire - 154	4.00 stars
4.00 stars	PiL - Metal Box	4.50 stars
3.50 stars	Young Marble Giants - Colossal Youth	4.00 stars
3.50 stars	The Durutti Column - The Return of The Durutti Column	4.00 stars
3.50 stars	The Feelies - Crazy Rhythms	4.50 stars
4.00 stars	The Soft Boys - Underwater Moonlight	4.00 stars
3.00 stars	Prince - Dirty Mind	3.50 stars
3.50 stars	The Monochrome Set - Love Zombies	3.00 stars
4.00 stars	Television Personalities - ...And Don't the Kids Just Love It	3.00 stars
3.50 stars	The Cure - Faith	3.50 stars
3.00 stars	Kraftwerk - Computerwelt	4.00 stars
4.50 stars	Mission of Burma - Signals, Calls, and Marches	3.50 stars
4.00 stars	Glenn Branca - The Ascension	4.00 stars
4.50 stars	The Fall - Hex Enduction Hour	4.00 stars
4.50 stars	Mission of Burma - Vs.	3.50 stars
3.00 stars	Michael Jackson - Thriller	4.00 stars
3.50 stars	Cleaners From Venus - Midnight Cleaners	3.50 stars
2.50 stars	U2 - War	3.00 stars
3.50 stars	The Go-Betweens - Before Hollywood	4.00 stars
3.50 stars	Sonic-Youth - Confusion Is Sex	3.00 stars
3.50 stars	Violent Femmes - Violent Femmes	4.00 stars
3.50 stars	R.E.M. - Murmur	3.50 stars
3.00 stars	New Order - Power, Corruption & Lies	3.50 stars
3.50 stars	The Chameleons - Script of the Bridge	4.00 stars
3.50 stars	Manuel Göttsching - E2-E4	4.00 stars
4.00 stars	The Smiths - The Smiths	4.50 stars
3.50 stars	Prince and The Revolution - Purple Rain	3.50 stars
4.00 stars	Hüsker Dü - Zen Arcade	4.50 stars
3.00 stars	Robyn Hitchcock - I Often Dream of Trains	3.00 stars
4.00 stars	The Replacements - Let It Be	4.50 stars
4.50 stars	Staatsorchester Stuttgart / Lithuanian Chamber Orchestra / The 12 Cellists of the Berlin Philharmonic Orchestra / Dennis Russell Davies / Saulius Sondeckis / Gidon Kremer / Keith Jarrett / Tatjana Grindenko / Alfred Schnittke - Tabula rasa	4.00 stars
3.50 stars	Felt - The Strange Idols Pattern and Other Short Stories	3.00 stars
4.00 stars	Cocteau Twins - Treasure	4.50 stars
3.50 stars	Tears for Fears - Songs From the Big Chair	3.50 stars
3.50 stars	The Smiths - Meat Is Murder	4.50 stars
3.50 stars	Sonic-Youth - Bad Moon Rising	3.50 stars
4.00 stars	Prefab Sprout - Steve McQueen	4.50 stars
3.50 stars	Hüsker Dü - Flip Your Wig	3.50 stars
4.00 stars	The Fall - This Nation's Saving Grace	3.50 stars
3.50 stars	The Jesus and Mary Chain - Psychocandy	3.50 stars
4.00 stars	Big Black - Atomizer	3.00 stars
3.00 stars	Talk Talk - The Colour of Spring	4.00 stars
3.50 stars	Sonic Youth - EVOL	4.00 stars
3.50 stars	Felt - Forever Breathes the Lonely Word	3.00 stars
4.00 stars	The Chameleons - Strange Times	4.00 stars
3.50 stars	Slayer - Reign in Blood	4.00 stars
3.50 stars	Hüsker Dü - Warehouse: Songs and Stories	3.50 stars
3.00 stars	Prince - Sign "☮" the Times	3.50 stars
4.50 stars	Dinosaur - You're Living All Over Me	4.00 stars
3.50 stars	Big Black - Songs About Fucking	3.50 stars
4.00 stars	Galaxie 500 - Today	3.50 stars
3.50 stars	Pixies - Surfer Rosa	4.00 stars
4.00 stars	Sonic Youth - Daydream Nation	4.00 stars
3.50 stars	Dinosaur Jr - Bug	3.50 stars
3.50 stars	Mudhoney - Superfuzz Bigmuff	3.00 stars
3.50 stars	My Bloody Valentine - Isn't Anything	4.00 stars
4.00 stars	Kronos Quartet / Pat Metheny - Different Trains; Electric Counterpoint	4.00 stars
2.50 stars	The Stone Roses - The Stone Roses	3.50 stars
4.50 stars	Pixies - Doolittle	4.00 stars
3.50 stars	The Cure - Disintegration	4.50 stars
3.50 stars	Beastie Boys - Paul's Boutique	3.50 stars
3.00 stars	A.R. Kane - "i"	4.00 stars
3.50 stars	The Wedding Present - Bizarro	4.00 stars
4.00 stars	NoMeansNo - Wrong	4.50 stars
3.50 stars	Godflesh - Streetcleaner	2.50 stars
3.00 stars	The Chills - Submarine Bells	3.50 stars
3.00 stars	Nick Cave & The Bad Seeds - The Good Son	3.00 stars
3.50 stars	Sonic Youth - Goo	4.00 stars
4.00 stars	Prefab Sprout - Jordan: The Comeback	4.00 stars
3.50 stars	Ride - Nowhere	4.00 stars
4.00 stars	The Jesus Lizard - Goat	4.50 stars
5.00 stars	Slint - Spiderland	5.00 stars
3.00 stars	Armia - Legenda	3.00 stars
3.00 stars	Slowdive - Just for a Day	3.50 stars
2.50 stars	Red Hot Chili Peppers - Blood Sugar Sex Magik	2.50 stars
3.50 stars	Nirvana - Nevermind	3.50 stars
3.50 stars	A Tribe Called Quest - The Low End Theory	4.00 stars
3.00 stars	Superchunk - No Pocky for Kitty	3.50 stars
4.00 stars	Talk Talk - Laughing Stock	5.00 stars
4.00 stars	Dadamah - This Is Not a Dream	3.00 stars
3.00 stars	Unrest - Imperial f.f.r.r.	3.50 stars
5.00 stars	Pavement - Slanted and Enchanted	5.00 stars
3.50 stars	Polvo - Cor-Crane Secret	3.50 stars
4.00 stars	The Jesus Lizard - Liar	4.50 stars
3.00 stars	Rage Against the Machine - Rage Against the Machine	2.50 stars
3.00 stars	The Pharcyde - Bizarre Ride II the Pharcyde	4.00 stars
3.00 stars	Superchunk - On the Mouth	3.50 stars
3.50 stars	Swirlies - Blonder Tongue Audio Baton	3.50 stars
3.50 stars	Slowdive - Souvlaki	4.50 stars
3.00 stars	Fugazi - In on the Kill Taker	3.50 stars
3.00 stars	Smashing Pumpkins - Siamese Dream	4.00 stars
3.00 stars	Seam - The Problem With Me	3.50 stars
4.50 stars	Yo La Tengo - Painful	3.50 stars
3.00 stars	Tindersticks - Tindersticks	3.00 stars
4.00 stars	Wu-Tang Clan - Enter the Wu-Tang (36 Chambers)	4.00 stars
3.00 stars	Autechre - Incunabula	4.00 stars
4.00 stars	Ata Kak - Obaa Sima	3.00 stars
4.50 stars	Pavement - Crooked Rain, Crooked Rain	4.50 stars
4.00 stars	Low - I Could Live in Hope	4.00 stars
4.00 stars	Disco Inferno - D. I. Go Pop	4.00 stars
3.50 stars	Unwound - New Plastic Ideas	4.00 stars
3.00 stars	Sunny Day Real Estate - Diary	4.00 stars
3.50 stars	Weezer - Weezer [Blue Album]	3.00 stars
3.00 stars	Lush - Split	4.00 stars
5.00 stars	Guided by Voices - Bee Thousand	4.50 stars
3.50 stars	Portishead - Dummy	3.50 stars
4.00 stars	Sebadoh - Bakesale	4.00 stars
4.00 stars	Shellac - At Action Park	3.50 stars
4.00 stars	Prolapse - Pointless Walks to Dismal Places	3.50 stars
4.00 stars	Oval - 94 Diskont	4.00 stars
3.00 stars	Slowdive - Pygmalion	4.00 stars
4.00 stars	Tindersticks - Tindersticks [II]	3.00 stars
3.50 stars	Pavement - Wowee Zowee	4.50 stars
3.50 stars	Unwound - The Future of What	4.00 stars
3.00 stars	Supergrass - I Should Coco	3.00 stars
4.50 stars	Three-6 Mafia - Mystic Stylez	4.00 stars
3.50 stars	Fugazi - Red Medicine	4.00 stars
3.50 stars	Don Caballero - Don Caballero 2	3.50 stars
3.50 stars	Sonic Youth - Washing Machine	3.50 stars
3.00 stars	The Magnetic Fields - Get Lost	3.50 stars
3.50 stars	Autechre - Tri repetae	4.50 stars
4.00 stars	Tortoise - Millions Now Living Will Never Die	4.50 stars
3.00 stars	Burzum - Filosofem	3.00 stars
3.50 stars	Stereolab - Emperor Tomato Ketchup	4.00 stars
4.00 stars	Brainiac - Hissing Prigs in Static Couture	3.50 stars
3.50 stars	Unwound - Repetition	4.50 stars
3.00 stars	Beck - Odelay	3.50 stars
4.00 stars	Weezer - Pinkerton	3.00 stars
3.50 stars	Swans - Soundtracks for the Blind	3.00 stars
3.00 stars	Fishmans - Long Season	4.00 stars
4.00 stars	Aphex Twin - Richard D. James Album	3.50 stars
4.00 stars	Belle and Sebastian - If You're Feeling Sinister	3.00 stars
3.50 stars	DJ Shadow - Endtroducing.....	4.00 stars
3.50 stars	Built to Spill - Perfect From Now On	4.50 stars
3.50 stars	Pavement - Brighten the Corners	4.00 stars
3.00 stars	Elliott Smith - Either / Or	4.00 stars
3.00 stars	Sleater-Kinney - Dig Me Out	4.00 stars
4.00 stars	Yo La Tengo - I Can Hear the Heart Beating as One	4.00 stars
3.50 stars	lowercase - Kill the Lights	3.00 stars
3.50 stars	Oxbow - Serenade in Red	3.50 stars
3.00 stars	Björk - Homogenic	4.00 stars
3.50 stars	Modest Mouse - The Lonesome Crowded West	4.00 stars
3.50 stars	Unwound - Challenge for a Civilized Society	4.00 stars
3.00 stars	AIR - Moon Safari	3.00 stars
3.50 stars	GAS - Zauberberg	4.00 stars
4.00 stars	Kury - P.O.L.O.V.I.R.U.S.	3.00 stars
3.50 stars	Duster - Stratosphere	3.00 stars
3.50 stars	Tortoise - TNT	4.50 stars
3.50 stars	Boards of Canada - Music Has the Right to Children	4.50 stars
4.00 stars	Don Caballero - What Burns Never Returns	4.00 stars
3.00 stars	Mercury Rev - Deserter's Songs	4.00 stars
3.50 stars	GAS - Königsforst	4.00 stars
2.50 stars	Bonnie 'Prince' Billy - I See a Darkness	3.00 stars
3.00 stars	Smog - Knock Knock	3.50 stars
3.00 stars	Built to Spill - Keep It Like a Secret	4.00 stars
4.00 stars	Blur - 13	4.00 stars
4.00 stars	Black Tambourine - Complete Recordings	3.00 stars
3.00 stars	The Black Heart Procession - 2	3.00 stars
4.00 stars	The Magnetic Fields - 69 Love Songs	4.00 stars
3.00 stars	The Get Up Kids - Something to Write Home About	3.50 stars
3.50 stars	The Dismemberment Plan - Emergency & I	4.50 stars
4.00 stars	Jim O'Rourke - Halfway to a Threeway	4.00 stars
3.50 stars	Yo La Tengo - And Then Nothing Turned Itself Inside-Out	4.00 stars
3.00 stars	Dirty Three - Whatever You Love, You Are	4.00 stars
3.00 stars	Clinic - Internal Wrangler	3.50 stars
3.00 stars	Eminem - The Marshall Mathers LP	3.00 stars
3.50 stars	Luomo - Vocalcity	4.00 stars
4.00 stars	Modest Mouse - The Moon & Antarctica	4.50 stars
3.50 stars	Godspeed You Black Emperor! - Lift Yr. Skinny Fists Like Antennas to Heaven!	4.00 stars
3.50 stars	Jan Jelinek - Loop-finding-jazz-records	4.00 stars
5.00 stars	Life Without Buildings - Any Other City	5.00 stars
4.00 stars	múm - Yesterday Was Dramatic - Today Is OK	3.00 stars
4.00 stars	Unwound - Leaves Turn Inside You	5.00 stars
3.00 stars	Cannibal Ox - The Cold Vein	4.00 stars
3.50 stars	Ted Leo / Pharmacists - The Tyranny of Distance	3.50 stars
4.50 stars	Fennesz - Endless Summer	4.00 stars
3.00 stars	Björk - Vespertine	3.00 stars
3.00 stars	Sparklehorse - It's a Wonderful Life	3.00 stars
4.00 stars	Converge - Jane Doe	3.00 stars
3.50 stars	Fugazi - The Argument	4.00 stars
3.50 stars	Liars - They Threw Us All in a Trench and Stuck a Monument on Top	3.00 stars
3.50 stars	Hood - Cold House	4.50 stars
3.50 stars	Jim O'Rourke - Insignificance	4.00 stars
3.00 stars	Tim Hecker - Haunt Me, Haunt Me Do It Again	3.50 stars
4.00 stars	Indian Summer - Science 1994	4.00 stars
3.00 stars	Michael Mayer - Immer	4.00 stars
3.50 stars	...And You Will Know Us by the Trail of Dead - Source Tags & Codes	4.00 stars
3.50 stars	Farben - Textstar	4.00 stars
4.50 stars	Wilco - Yankee Hotel Foxtrot	4.00 stars
3.50 stars	Akufen - My Way	4.00 stars
4.00 stars	The Books - Thought for Food	3.50 stars
3.00 stars	Sonic Youth - Murray Street	4.00 stars
3.00 stars	Carissa's Wierd - Songs About Leaving	3.50 stars
3.50 stars	Spoon - Kill the Moonlight	4.00 stars
4.00 stars	Interpol - Turn On the Bright Lights	4.00 stars
3.50 stars	Queens of the Stone Age - Songs for the Deaf	3.50 stars
4.00 stars	Broken Social Scene - You Forgot It in People	4.00 stars
3.00 stars	Sigur Rós - ( )	3.00 stars
3.50 stars	The Necks - Drive By	4.00 stars
4.00 stars	Ariel Pink's Haunted Graffiti - Worn Copy	4.50 stars
4.00 stars	Supersilent - 6	4.00 stars
3.50 stars	The Microphones - Mount Eerie	3.50 stars
3.50 stars	Lightning Bolt - Wonderful Rainbow	4.00 stars
4.00 stars	Deerhoof - Apple O'	3.50 stars
3.00 stars	Manitoba - Up in Flames	3.00 stars
4.00 stars	Four Tet - Rounds	3.50 stars
3.50 stars	British Sea Power - The Decline of British Sea Power	3.50 stars
3.50 stars	Boris - あくまのうた (Akuma no Uta)	3.50 stars
3.50 stars	Mew - Frengers	3.00 stars
3.50 stars	Broadcast - Haha Sound	3.50 stars
4.00 stars	The Fiery Furnaces - Gallowsbird's Bark	4.00 stars
3.50 stars	Rocky Dennis - Maple Leaves	4.00 stars
4.00 stars	Boris - Boris at Last -Feedbacker-	3.50 stars
4.00 stars	Madvillain - Madvillainy	5.00 stars
4.00 stars	of Montreal - Satanic Panic in the Attic	4.00 stars
3.50 stars	Devendra Banhart - Rejoicing in the Hands	2.50 stars
3.50 stars	Animal Collective - Sung Tongs	4.00 stars
3.50 stars	Junior Boys - Last Exit	4.50 stars
3.50 stars	The Fiery Furnaces - Blueberry Boat	4.50 stars
3.50 stars	Zelienople - Sleeper Coach	4.00 stars
4.50 stars	Ariel Pink's Haunted Graffiti - The Doldrums	5.00 stars
2.50 stars	Bloc Party - Silent Alarm	3.00 stars
3.00 stars	Mount Eerie - No Flashlight: Songs of the Fulfilled Night	3.50 stars
4.00 stars	Sufjan Stevens - Illinois	4.50 stars
4.00 stars	The Psychic Paramount - Gamelan Into the Mink Supernatural	3.00 stars
3.50 stars	Mew - And the Glass Handed Kites	3.50 stars
3.50 stars	Lightning Bolt - Hypermagic Mountain	4.00 stars
4.00 stars	Animal Collective - Feels	3.50 stars
4.00 stars	Boris - Pink	3.00 stars
3.50 stars	Ryoji Ikeda - dataplex	4.00 stars
4.00 stars	John Maus - Songs	3.00 stars
4.00 stars	The Goslings - Grandeur of Hair	3.50 stars
3.00 stars	Grizzly Bear - Yellow House	3.50 stars
3.50 stars	Xiu Xiu - The Air Force	3.50 stars
3.50 stars	Deerhoof - Friend Opportunity	3.50 stars
3.50 stars	Stars of the Lid - And Their Refinement of the Decline	4.50 stars
4.00 stars	The Twilight Sad - Fourteen Autumns & Fifteen Winters	4.00 stars
3.50 stars	Battles - Mirrored	3.00 stars
3.50 stars	The Angelic Process - Weighing Souls With Sand	3.50 stars
3.50 stars	The National - Boxer	2.50 stars
3.00 stars	Spoon - Ga Ga Ga Ga Ga	3.50 stars
3.50 stars	Jens Lekman - Night Falls Over Kortedala	4.00 stars
4.00 stars	Animal Collective - Strawberry Jam	4.00 stars
4.00 stars	Burial - Untrue	4.00 stars
4.00 stars	John Maus - Love Is Real	3.00 stars
4.00 stars	MGMT - Oracular Spectacular	3.00 stars
4.00 stars	Have a Nice Life - Deathconsciousness	3.50 stars
3.50 stars	Beach House - Devotion	3.00 stars
2.50 stars	Cut Copy - In Ghost Colours	3.00 stars
4.50 stars	Fleet Foxes - Fleet Foxes	4.00 stars
3.50 stars	Mount Eerie with Julie Doiron & Fred Squire - Lost Wisdom	3.00 stars
4.50 stars	Deerhunter - Microcastle / Weird Era Continued	4.00 stars
4.00 stars	Animal Collective - Merriweather Post Pavilion	4.00 stars
2.50 stars	The Antlers - Hospice	2.50 stars
3.50 stars	Japandroids - Post-Nothing	4.00 stars
3.50 stars	The Horrors - Primary Colours	3.00 stars
3.50 stars	A Place to Bury Strangers - Exploding Head	3.50 stars
4.00 stars	The Flaming Lips - Embryonic	3.50 stars
3.50 stars	Tyler, the Creator - Bastard	3.00 stars
3.00 stars	Vampire Weekend - Contra	3.50 stars
3.00 stars	Four Tet - There Is Love in You	3.50 stars
4.50 stars	Beach House - Teen Dream	4.00 stars
3.00 stars	Little Eskimo Jesus - Never Trust the People	2.50 stars
3.50 stars	Flying Lotus - Cosmogramma	3.50 stars
3.50 stars	Zs - New Slaves	4.50 stars
3.00 stars	Emeralds - Does It Look Like I'm Here?	3.50 stars
4.00 stars	Ariel Pink's Haunted Graffiti - Before Today	4.00 stars
3.00 stars	OPN - Returnal	4.00 stars
4.50 stars	Deerhunter - Halcyon Digest	4.00 stars
4.00 stars	James Ferraro - Night Dolls With Hairspray	3.50 stars
3.50 stars	Games - That We Can Play	3.00 stars
3.50 stars	Twin Shadow - Forget	3.00 stars
3.50 stars	Kanye West - My Beautiful Dark Twisted Fantasy	4.00 stars
4.50 stars	Graham Lambkin - Amateur Doubles	4.00 stars
4.00 stars	Iceage - New Brigade	3.00 stars
3.50 stars	Destroyer - Kaputt	3.50 stars
3.50 stars	Yuck - Yuck	3.00 stars
3.50 stars	Frank Ocean - Nostalgia, Ultra.	3.00 stars
4.00 stars	Colin Stetson - New History Warfare Vol. 2: Judges	3.50 stars
3.50 stars	Metronomy - The English Riviera	3.00 stars
4.00 stars	Grouper - A I A: Alien Observer	3.00 stars
3.00 stars	Giles Corey - Giles Corey	2.50 stars
4.00 stars	The Men - Leave Home	3.50 stars
3.00 stars	Woods - Sun and Shade	2.50 stars
4.50 stars	Unknown Mortal Orchestra - Unknown Mortal Orchestra	3.50 stars
4.50 stars	John Maus - We Must Become the Pitiless Censors of Ourselves	4.00 stars
4.00 stars	Part Time - What Would You Say?	3.00 stars
4.00 stars	Kendrick Lamar - Section.80	4.00 stars
4.00 stars	Danny Brown - XXX	3.00 stars
3.00 stars	Julia Holter - Tragedy	3.00 stars
3.50 stars	Real Estate - Days	3.50 stars
3.50 stars	James Ferraro - Far Side Virtual	4.50 stars
3.50 stars	Car Seat Headrest - Twin Fantasy	3.00 stars
4.00 stars	Thee Oh Sees - Carrion Crawler / The Dream EP	3.00 stars
4.00 stars	Mac DeMarco - Rock and Roll Night Club	3.00 stars
4.00 stars	Lil Ugly Mane - Mista Thug Isolation	4.50 stars
3.50 stars	Burial - Kindred EP	4.50 stars
4.00 stars	Julia Holter - Ekstasis	3.50 stars
3.00 stars	Dream Continuum - Reworkz E.P.	3.50 stars
4.00 stars	Merchandise - Children of Desire	3.00 stars
4.00 stars	Dean Blunt & Inga Copeland - Black Is Beautiful	3.00 stars
3.50 stars	Death Grips - The Money Store	3.50 stars
3.50 stars	Shackleton - Music for the Quiet Hour / The Drawbar Organ EPs	3.50 stars
4.00 stars	Beach House - Bloom	3.50 stars
3.00 stars	Japandroids - Celebration Rock	3.50 stars
4.50 stars	Fiona Apple - The Idler Wheel Is Wiser Than the Driver of the Screw and Whipping Cords Will Serve You More Than Ropes Will Ever Do	4.50 stars
3.50 stars	Frank Ocean - channel ORANGE	4.50 stars
3.50 stars	James Ferraro - Live at Primavera Sound 2012	3.00 stars
3.50 stars	Told Slant - Still Water	3.00 stars
3.50 stars	Goat - World Music	3.50 stars
3.00 stars	Wild Nothing - Nocturne	3.00 stars
3.00 stars	Swans - The Seer	2.50 stars
4.00 stars	Teen Suicide - I Will Be My Own Hell Because There Is a Devil Inside My Body	3.50 stars
4.00 stars	Grizzly Bear - Shields	4.00 stars
4.00 stars	Tame Impala - Lonerism	4.50 stars
3.00 stars	Lorenzo Senni - Quantum Jelly	3.50 stars
3.50 stars	METZ - METZ	3.00 stars
4.00 stars	Mac DeMarco - 2	3.50 stars
4.00 stars	Kendrick Lamar - good kid, m.A.A.d city	4.50 stars
4.00 stars	Pile - Dripping	3.50 stars
4.00 stars	Lil Ugly Mane - Uneven Compromise	3.50 stars
4.00 stars	Alex G - Trick	3.00 stars
3.00 stars	Fire! Orchestra - Exit!	3.50 stars
3.50 stars	My Bloody Valentine - m b v	4.50 stars
4.00 stars	Iceage - You're Nothing	3.00 stars
3.50 stars	DJ Rashad - Rollin'	4.00 stars
4.00 stars	Omar S - Thank You for Letting Me Be Myself	4.00 stars
4.00 stars	Starry Cat - Starry Cat	3.00 stars
3.50 stars	Stara Rzeka - Cień chmury nad ukrytym polem	4.00 stars
4.00 stars	Dean Blunt - The Redeemer	4.00 stars
4.00 stars	Deerhunter - Monomania	3.50 stars
4.00 stars	Vampire Weekend - Modern Vampires of the City	3.50 stars
3.50 stars	Deafheaven - Sunbather	4.50 stars
3.00 stars	Kanye West - Yeezus	4.00 stars
5.00 stars	Holden - The Inheritors	4.00 stars
3.00 stars	Run the Jewels - Run the Jewels	4.00 stars
4.00 stars	Fuck Buttons - Slow Focus	3.00 stars
3.50 stars	Julia Holter - Loud City Song	4.00 stars
3.50 stars	Forest Swords - Engravings	4.50 stars
3.50 stars	Chelsea Wolfe - Pain Is Beauty	3.00 stars
3.50 stars	Machinedrum - Vapor City	3.50 stars
4.00 stars	Huerco S. - Colonial Patterns	4.00 stars
3.50 stars	Oneohtrix Point Never - R Plus Seven	4.00 stars
3.00 stars	Daniel Avery - Drone Logic	3.00 stars
3.50 stars	Darkside - Psychic	3.00 stars
4.00 stars	Parkay Quarts - Tally All the Things That You Broke	3.00 stars
3.00 stars	James Ferraro - NYC, Hell 3:00AM	4.00 stars
3.50 stars	DJ Rashad - Double Cup	4.50 stars
3.50 stars	Innercity Ensemble - II	3.00 stars
4.00 stars	Freddie Gibbs & Madlib - Piñata	4.00 stars
3.50 stars	HTRK - Psychic 9-5 Club	3.50 stars
3.50 stars	Cloud Nothings - Here and Nowhere Else	4.00 stars
4.00 stars	Mac DeMarco - Salad Days	4.00 stars
3.00 stars	Todd Terje - It's Album Time	3.50 stars
4.00 stars	Ought - More Than Any Other Day	3.50 stars
3.50 stars	Powell - Club Music	4.00 stars
3.00 stars	Ben Frost - A U R O R A	3.50 stars
3.50 stars	Parquet Courts - Sunbathing Animal	3.00 stars
4.00 stars	Alex G - DSU	3.50 stars
4.50 stars	PRO8L3M - Art brut	4.50 stars
4.00 stars	Iceage - Plowing Into the Field of Love	3.00 stars
3.50 stars	Run the Jewels - Run the Jewels 2	4.00 stars
3.50 stars	Ought - Once More With Feeling	3.00 stars
3.50 stars	Richard Dawson - Nothing Important	3.00 stars
4.00 stars	Dean Blunt - Black Metal	4.00 stars
3.00 stars	D'Angelo and The Vanguard - Black Messiah	4.00 stars
3.50 stars	Taco Hemingway - Trójkąt warszawski	3.50 stars
3.00 stars	２８１４ - 新しい日の誕生 (Atarashī hi no tanjō)	4.00 stars
4.50 stars	Zs - Xe	4.00 stars
4.00 stars	Levon Vincent - Levon Vincent	4.00 stars
3.50 stars	Syny - Orient	2.50 stars
3.50 stars	G.L.O.S.S. - Girls Living Outside Society's Shit	3.00 stars
4.00 stars	Tzusing - A Name Out of Place Pt. II	3.50 stars
3.50 stars	Travis Bretzer - Waxing Romantic	3.00 stars
4.00 stars	Kendrick Lamar - To Pimp a Butterfly	3.50 stars
4.00 stars	Earl Sweatshirt - I Don't Like Shit, I Don't Go Outside	4.00 stars
3.50 stars	Lightning Bolt - Fantasy Empire	4.50 stars
4.50 stars	Young Thug - Barter 6	4.00 stars
3.50 stars	Speedy Ortiz - Foil Deer	3.50 stars
3.50 stars	Colin Stetson and Sarah Neufeld - Never Were the Way She Was	3.50 stars
3.50 stars	Earl Sweatshirt - Solace	3.50 stars
3.50 stars	Hop Along - Painted Shut	3.00 stars
3.00 stars	Prurient - Frozen Niagara Falls	3.50 stars
3.50 stars	Holly Herndon - Platform	4.00 stars
3.00 stars	Communions - Communions	3.00 stars
3.00 stars	Algiers - Algiers	3.00 stars
3.50 stars	Container - LP	4.00 stars
2.50 stars	Ptaki - Przelot	3.50 stars
4.00 stars	Future - DS2	4.50 stars
3.50 stars	Chelsea Wolfe - Abyss	3.00 stars
3.50 stars	Mac DeMarco - Another One	4.00 stars
4.00 stars	Travis Scott - Rodeo	3.00 stars
3.50 stars	U.S. Girls - Half Free	4.00 stars
4.00 stars	Julia Holter - Have You in My Wilderness	3.50 stars
3.00 stars	Deafheaven - New Bermuda	4.00 stars
3.50 stars	Stara Rzeka - Zamknęły się oczy ziemi	3.50 stars
3.50 stars	Julien Baker - Sprained Ankle	3.00 stars
4.00 stars	Joanna Newsom - Divers	3.00 stars
3.50 stars	Floating Points - Elaenia	3.50 stars
4.00 stars	Palm - Trading Basics	3.00 stars
3.50 stars	DJ Paypal - Sold Out	3.50 stars
3.50 stars	SOPHIE - Product	3.50 stars
3.50 stars	Batushka - Литургия (Litourgiya)	2.50 stars
4.50 stars	Lil Ugly Mane - Oblivion Access	4.00 stars
4.50 stars	Cindy Lee - Act of Tenderness	4.00 stars
3.50 stars	Immune - Breathless	3.50 stars
4.00 stars	David Bowie - ★ [Blackstar]	3.00 stars
3.50 stars	Paul Jebanasam - Continuum	3.50 stars
3.50 stars	Wacław Zimpel - Lines	3.50 stars
4.00 stars	Sheer Mag - III 7"	3.00 stars
3.50 stars	Kendrick Lamar - untitled unmastered.	4.00 stars
4.00 stars	Anna Meredith - Varmints	3.00 stars
4.50 stars	Denzel Curry - Imperial	3.50 stars
3.00 stars	The Field - The Follower	3.50 stars
3.50 stars	Babyfather - BBF Hosted by DJ Escrow	3.00 stars
3.50 stars	Leon Vynehall - Rojus (Designed to Dance)	4.00 stars
4.00 stars	Frankie Cosmos - Next Thing	3.00 stars
3.50 stars	Deakin - Sleep Cycle	3.00 stars
3.50 stars	Tim Hecker - Love Streams	3.50 stars
3.50 stars	Xiu Xiu - Plays the Music of Twin Peaks	3.50 stars
4.00 stars	King Gizzard and the Lizard Wizard - Nonagon Infinity	3.00 stars
3.00 stars	White Lung - Paradise	2.50 stars
3.50 stars	Radiohead - A Moon Shaped Pool	4.50 stars
3.00 stars	Jessy Lanza - Oh No	3.50 stars
3.50 stars	Car Seat Headrest - Teens of Denial	4.00 stars
3.50 stars	PUP - The Dream Is Over	3.00 stars
3.50 stars	PRO8L3M - PRO8L3M	3.50 stars
3.50 stars	Huerco S. - For Those of You Who Have Never (And Also Those Who Have)	4.00 stars
4.00 stars	G.L.O.S.S. - Trans Day of Revenge	3.00 stars
3.00 stars	Told Slant - Going By	3.00 stars
2.00 stars	Swans - The Glowing Man	2.50 stars
3.50 stars	The Avalanches - Wildflower	3.00 stars
4.00 stars	Jefre Cantu-Ledesma - In Summer	4.00 stars
3.00 stars	Blood Orange - Freetown Sound	3.00 stars
3.50 stars	DJ Earl - Open Your Eyes	3.50 stars
5.00 stars	Frank Ocean - Blonde	4.00 stars
3.50 stars	Young Thug - JEFFERY	4.00 stars
4.00 stars	Angel Olsen - MY WOMAN	3.00 stars
3.50 stars	Preoccupations - Preoccupations	3.50 stars
4.00 stars	Danny Brown - Atrocity Exhibition	3.00 stars
3.50 stars	Powell - Sport	3.50 stars
3.50 stars	Mannequin Pussy - Romantic	3.50 stars
3.50 stars	Dedekind Cut - $uccessor	3.00 stars
3.50 stars	Lorenzo Senni - Persona	4.50 stars
4.00 stars	A Tribe Called Quest - We got it from Here... Thank You 4 Your service	3.00 stars
4.00 stars	Furia - Księżyc milczy luty	3.50 stars
3.50 stars	Mchy i Porøsty - Hypnagogic Polish Music for Teenage Mutants	3.50 stars
3.50 stars	William Basinski - A Shadow in Time	3.50 stars
3.50 stars	Oto Hiax - Oto Hiax	4.00 stars
3.50 stars	Bedwetter - Volume 1: Flick Your Tongue Against Your Teeth and Describe the Present.	3.50 stars
3.50 stars	Suiyoubi no Campanella - Superman	3.00 stars
3.00 stars	King Gizzard and the Lizard Wizard - Flying Microtonal Banana	3.50 stars
4.00 stars	Xiu Xiu - FORGET	3.50 stars
3.50 stars	Tzusing - 東方不敗	3.50 stars
3.50 stars	Blanck Mass - World Eater	3.50 stars
4.00 stars	IDLES - Brutalism	3.00 stars
3.00 stars	Mount Eerie - A Crow Looked at Me	3.00 stars
3.00 stars	Sorja Morja - Sorja	2.50 stars
3.50 stars	Forest Swords - Compassion	3.50 stars
3.50 stars	Mac DeMarco - This Old Dog	4.00 stars
4.00 stars	Hoops - Routines	3.00 stars
3.50 stars	Girlpool - Powerplant	3.00 stars
4.00 stars	(Sandy) Alex G - Rocket	3.50 stars
3.50 stars	Ulrika Spacek - Modern English Decoration	3.00 stars
4.00 stars	TOPS - Sugar at the Gate	3.00 stars
4.00 stars	Richard Dawson - Peasant	3.00 stars
3.50 stars	Big Thief - Capacity	3.00 stars
4.00 stars	Brockhampton - Saturation	3.00 stars
3.00 stars	Palm - Shadow Expert	3.50 stars
3.50 stars	Flotation Toy Warning - The Machine That Made Us	2.50 stars
4.00 stars	Young Thug - Beautiful Thugger Girls	3.00 stars
3.50 stars	Algiers - The Underside of Power	2.50 stars
3.50 stars	Sheer Mag - Need to Feel Your Love	3.00 stars
4.50 stars	Tyler, the Creator - Flower Boy	4.00 stars
3.50 stars	Denzel Curry - 13	3.00 stars
3.50 stars	Corbin - Mourn	3.50 stars
3.50 stars	Yves Tumor - Experiencing the Deposit of Faith	3.50 stars
3.50 stars	METZ - Strange Peace	3.00 stars
4.00 stars	Iglooghost - Neō Wax Bloom	3.00 stars
4.00 stars	Protomartyr - Relatives in Descent	3.50 stars
4.00 stars	King Krule - The Ooz	4.00 stars
3.50 stars	John Maus - Screen Memories	4.00 stars
3.50 stars	21 Savage, Offset & Metro Boomin - Without Warning	3.50 stars
3.50 stars	Bibio - Phantom Brickworks	3.50 stars
3.50 stars	M.E.S.H. - Hesaitix	3.50 stars
4.00 stars	Brockhampton - Saturation III	3.00 stars
3.00 stars	Shame - Songs of Praise	3.00 stars
3.00 stars	Shopping - The Official Body	3.00 stars
3.00 stars	Pendant - Make Me Know You Sweet	4.00 stars
4.00 stars	JPEGMAFIA - Veteran	3.00 stars
3.50 stars	Luby Sparks - Luby Sparks	3.00 stars
3.00 stars	Jakub Lemiszewski - Bubblegum New Age	3.00 stars
3.50 stars	Car Seat Headrest - Twin Fantasy	4.00 stars
3.00 stars	Against All Logic - 2012 - 2017	3.50 stars
3.00 stars	Kero Kero Bonito - TOTEP	3.00 stars
3.50 stars	Park Jiha - Communion	3.00 stars
3.00 stars	Złota jesień - w tobie nie jestem sobą	3.50 stars
3.50 stars	julek ploski - Tesco	3.00 stars
3.50 stars	Preoccupations - New Material	3.50 stars
3.00 stars	The Voidz - Virtue	3.00 stars
5.00 stars	Amen Dunes - Freedom	4.50 stars
3.50 stars	DJ Healer - Nothing 2 Loose	3.00 stars
3.50 stars	Kali Uchis - Isolation	3.50 stars
3.50 stars	Ulrika Spacek - Suggestive Listening	3.50 stars
3.50 stars	Iceage - Beyondless	3.00 stars
4.00 stars	Tropical Fuck Storm - A Laughing Death in Meatspace	3.50 stars
3.50 stars	Playboi Carti - Die Lit	4.00 stars
4.00 stars	Beach House - 7	3.50 stars
3.00 stars	Shygirl - Cruel Practice	3.00 stars
4.00 stars	Pusha T - DAYTONA	3.50 stars
3.50 stars	Oneohtrix Point Never - Age Of	3.50 stars
3.00 stars	Kids See Ghosts - Kids See Ghosts	3.00 stars
3.50 stars	Snail Mail - Lush	3.00 stars
3.50 stars	Death Grips - Year of the Snitch	2.50 stars
3.50 stars	Deafheaven - Ordinary Corrupt Human Love	4.00 stars
3.50 stars	Denzel Curry - TA13OO	3.50 stars
3.50 stars	Mid-Air Thief - 무너지기 (Crumbling)	3.50 stars
4.50 stars	Travis Scott - Astroworld	4.00 stars
3.00 stars	Iglooghost - Clear Tamei	3.50 stars
3.00 stars	George Clanton - Slide	3.00 stars
4.00 stars	Mitski - Be the Cowboy	3.00 stars
3.50 stars	Blood Orange - Negro Swan	3.00 stars
3.50 stars	IDLES - Joy as an Act of Resistance.	4.00 stars
3.50 stars	Yves Tumor - Safe in the Hands of Love	4.00 stars
3.00 stars	Amnesia Scanner - Another Life	4.00 stars
3.50 stars	Low - Double Negative	4.00 stars
4.50 stars	Dean Blunt - Soul on Fire	3.50 stars
3.00 stars	Tim Hecker - Konoyo	4.00 stars
3.50 stars	Viagra Boys - Street Worms	3.00 stars
3.50 stars	Kero Kero Bonito - Time 'n' Place	3.50 stars
3.50 stars	Eli Keszler - Stadium	3.50 stars
3.50 stars	Cloud Nothings - Last Building Burning	4.00 stars
3.50 stars	Daughters - You Won't Get What You Want	3.50 stars
3.50 stars	Julia Holter - Aviary	3.50 stars
3.50 stars	Felicia Atkinson / Jefre Cantu-Ledesma - Limpid as the Solitudes	3.00 stars
4.50 stars	Earl Sweatshirt - Some Rap Songs	4.00 stars
3.50 stars	Deerhunter - Why Hasn't Everything Already Disappeared?	3.50 stars
3.50 stars	Malibu Ken - Malibu Ken	3.50 stars
3.50 stars	Girlpool - What Chaos Is Imaginary	3.00 stars
3.50 stars	Xiu Xiu - Girl With Basket of Fruit	2.50 stars
3.50 stars	Jessica Pratt - Quiet Signs	3.50 stars
3.50 stars	Spellling - Mazy Fly	3.50 stars
4.00 stars	Little Simz - Grey Area	3.50 stars
4.00 stars	Stella Donnelly - Beware of the Dogs	4.00 stars
3.50 stars	Quelle Chris - Guns	3.00 stars
3.50 stars	Fennesz - Agora	3.50 stars
4.00 stars	Weyes Blood - Titanic Rising	3.00 stars
3.50 stars	Lizzo - Cuz I Love You	3.00 stars
3.50 stars	Kelsey Lu - Blood	3.50 stars
4.00 stars	Rico Nasty & Kenny Beats - Anger Management	3.50 stars
4.00 stars	Aldous Harding - Designer	3.00 stars
3.00 stars	Vampire Weekend - Father of the Bride	3.00 stars
3.50 stars	Big Thief - U.F.O.F.	3.50 stars
3.50 stars	Tim Hecker - Anoyo	3.50 stars
3.00 stars	Carly Rae Jepsen - Dedicated	2.50 stars
3.50 stars	Injury Reserve - Injury Reserve	3.50 stars
3.50 stars	Tyler, the Creator - Igor	4.00 stars
4.00 stars	Denzel Curry - ZUU	3.00 stars
3.00 stars	Shinichiro Yokota - I Know You Like It	3.50 stars
4.00 stars	Freddie Gibbs & Madlib - Bandana	4.00 stars
3.00 stars	LINGUA IGNOTA - Caligula	2.50 stars
4.00 stars	Tropical Fuck Storm - Braindrops	3.50 stars
4.00 stars	(Sandy) Alex G - House of Sugar	4.00 stars
3.00 stars	Murcof - Martes	4.00 stars
4.00 stars	My Bloody Valentine - Loveless	5.00 stars
4.00 stars	Ñaka Ñaka - Mundo Harsh	3.00 stars
4.00 stars	Neutral Milk Hotel - In the Aeroplane Over the Sea	3.50 stars
3.50 stars	The New Pornographers - Twin Cinema	3.00 stars
4.00 stars	Joanna Newsom - Ys	4.00 stars
3.00 stars	Niechęć - Niechęć	3.50 stars
3.00 stars	No Age - Snares Like a Haircut	3.00 stars
3.50 stars	Áine O'Dwyer - Music for Church Cleaners Vol. I and II	3.00 stars
4.00 stars	of Montreal - Hissing Fauna, Are You the Destroyer?	3.50 stars
3.50 stars	The Olivia Tremor Control - Music From the Unrealized Film Script, Dusk at Cubist Castle	3.50 stars
4.00 stars	Angel Olsen - Burn Your Fire for No Witness	3.00 stars
3.00 stars	Omni - Multi-Task	3.00 stars
4.00 stars	Oneohtrix Point Never - Replica	4.00 stars
3.00 stars	Oranssi Pazuzu - Värähtelijä	3.50 stars
4.00 stars	Ought - Sun Coming Down	3.50 stars
3.50 stars	Ought - Room Inside the World	3.50 stars
4.00 stars	OutKast - ATLiens	4.00 stars
3.00 stars	The Pains of Being Pure at Heart - The Pains of Being Pure at Heart	3.00 stars
3.50 stars	Palm - Rock Island	4.00 stars
3.50 stars	Jai Paul - Leak 04-13 (Bait Ones)	4.00 stars
3.50 stars	Pavement - Watery, Domestic	4.00 stars
4.00 stars	Pere Ubu - The Modern Dance	3.50 stars
4.00 stars	Pile - Green and Gray	3.00 stars
4.00 stars	Ariel Pink - Pom Pom	4.00 stars
3.50 stars	Ariel Pink - Dedicated to Bobby Jameson	4.00 stars
4.00 stars	Pink Floyd - The Piper at the Gates of Dawn	4.00 stars
3.50 stars	Pink Floyd - The Dark Side of the Moon	4.50 stars
3.50 stars	Benoît Pioulard - Précis	3.00 stars
4.00 stars	Pissed Jeans - King of Jeans	3.00 stars
3.50 stars	Pleasure Model - Kendo Dynamics	3.00 stars
3.50 stars	Polvo - Celebrate the New Dark Age	4.00 stars
4.00 stars	Viet Cong - Cassette	3.50 stars
4.00 stars	Viet Cong - Viet Cong	4.00 stars
3.00 stars	Prolapse - Backsaturday	3.50 stars
3.50 stars	Prolapse - The Italian Flag	3.50 stars
3.50 stars	Protomartyr - Under Color of Official Right	3.00 stars
4.00 stars	Protomartyr - The Agent Intellect	3.00 stars
3.00 stars	The Psychic Paramount - II	3.00 stars
4.00 stars	Radiohead - OK Computer	4.50 stars
4.00 stars	Radiohead - Kid A	4.50 stars
3.50 stars	The Raincoats - The Raincoats	3.00 stars
3.50 stars	Jay Reatard - Blood Visions	3.50 stars
3.50 stars	Steve Reich - Music for 18 Musicians	4.00 stars
3.50 stars	R.E.M. - Reckoning	3.00 stars
3.50 stars	R.E.M. - Lifes Rich Pageant	3.00 stars
3.50 stars	Matana Roberts - Coin Coin Chapter One: Gens de couleur libres	4.00 stars
4.00 stars	Royal Headache - Royal Headache	3.00 stars
3.50 stars	Royal Headache - High	4.50 stars
3.50 stars	Artur Rubinstein - The Nocturnes	4.00 stars
4.00 stars	Screaming Females - Ugly	3.00 stars
4.00 stars	Lorenzo Senni - Superimpositions	4.00 stars
3.50 stars	Shellac - 1000 Hurts	3.50 stars
3.50 stars	Silent Servant - Negative Fascination	3.50 stars
3.00 stars	Skee Mask - Compro	4.00 stars
3.50 stars	Sleaford Mods - Key Markets	3.50 stars
3.50 stars	Smart Went Crazy - Con Art	3.50 stars
3.50 stars	The Smiths - Hatful of Hollow	4.50 stars
4.00 stars	The Smiths - The Queen Is Dead	4.50 stars
3.00 stars	Soccer Mommy - Clean	3.50 stars
3.50 stars	Sonic Youth - Dirty	3.50 stars
3.50 stars	SOPHIE - Oil of Every Pearl's Un-Insides	4.00 stars
4.00 stars	The Sound - Jeopardy	4.00 stars
4.00 stars	Stars of the Lid - The Tired Sounds Of	4.00 stars
4.00 stars	Steely Dan - Aja	5.00 stars
3.50 stars	Stereolab - Mars Audiac Quintet	3.50 stars
4.00 stars	Sufjan Stevens - Carrie & Lowell	4.50 stars
3.50 stars	Andy Stott - Faith in Strangers	4.00 stars
3.50 stars	Studio - West Coast	4.00 stars
3.50 stars	Suede - Dog Man Star	3.00 stars
3.00 stars	Sun Araw - Beach Head	3.00 stars
3.50 stars	Sunn O))) - Monoliths & Dimensions	3.50 stars
3.50 stars	Pete Swanson - Man With Potential	4.00 stars
3.50 stars	Swearin' - Swearin'	3.00 stars
4.00 stars	Swell Maps - A Trip to Marineville	3.50 stars
3.50 stars	Talking Heads - Remain in Light	4.50 stars
4.00 stars	Talk Talk - Spirit of Eden	4.50 stars
3.50 stars	The Tallest Man on Earth - The Wild Hunt	3.00 stars
3.50 stars	Thinking Fellers Union Local 282 - Admonishing the Bishops	3.00 stars
4.00 stars	This Heat - This Heat	4.00 stars
3.50 stars	Throbbing Gristle - 20 Jazz Funk Greats	3.50 stars
3.50 stars	Throwing Muses - Throwing Muses	4.00 stars
3.50 stars	TV on the Radio - Return to Cookie Mountain	3.50 stars
3.50 stars	Ulrika Spacek - The Album Paranoia	3.00 stars
3.50 stars	Unknown Mortal Orchestra - II	3.00 stars
3.50 stars	Unknown Mortal Orchestra - Multi-Love	3.00 stars
3.50 stars	U.S. Girls - GEM	3.00 stars
3.00 stars	U.S. Girls - In a Poem Unlimited	3.00 stars
3.50 stars	Various Artists - Mono no aware	4.50 stars
4.00 stars	The Velvet Underground - White Light / White Heat	4.50 stars
3.50 stars	Tom Waits - Swordfishtrombones	3.00 stars
3.50 stars	Tom Waits - Rain Dogs	3.50 stars
4.00 stars	Wand - Golem	3.00 stars
3.50 stars	Gary War - Horribles Parade / Galactic Citizens	3.50 stars
3.00 stars	The Waterboys - This Is the Sea	3.50 stars
3.00 stars	Wczasy - Zawody	2.50 stars
4.50 stars	Weed - Deserve	3.50 stars
3.00 stars	Weekend - Sports	4.00 stars
3.50 stars	Whitney - Light Upon the Lake	3.00 stars
3.50 stars	Windy & Carl - Drawing of Sound	3.50 stars
3.50 stars	A Winged Victory for the Sullen - A Winged Victory for the Sullen	3.00 stars
4.00 stars	Wipers - Youth of America	4.00 stars
4.00 stars	Yo La Tengo - I Am Not Afraid of You and I Will Beat Your Ass	3.00 stars
2.50 stars	Youth Lagoon - The Year of Hibernation	3.00 stars
3.50 stars	Zelienople - The World Is a House on Fire	3.00 stars
3.50 stars	АЛ-90 - КОД-915913	3.00 stars
rental and RolandWu disagree: (51)
rental	Album	RolandWu
3.00 stars	American Football - American Football	4.50 stars
3.50 stars	Bark Psychosis - Hex	5.00 stars
3.50 stars	David Bowie - Station to Station	5.00 stars
3.00 stars	Françoise Hardy - Françoise Hardy [La question]	5.00 stars
4.00 stars	Metallica - Ride the Lightning	2.50 stars
3.50 stars	The Microphones - The Glow Pt. 2	5.00 stars
3.00 stars	Joni Mitchell - Blue	4.50 stars
3.50 stars	Nick Drake - Bryter Layter	5.00 stars
3.00 stars	Marvin Gaye - What's Going On	4.50 stars
3.00 stars	Big Star - #1 Record	4.50 stars
3.50 stars	Bob Dylan - Blood on the Tracks	5.00 stars
5.00 stars	Wipers - Over the Edge	3.50 stars
5.00 stars	Minutemen - Double Nickels on the Dime	3.50 stars
3.50 stars	XTC - Skylarking	5.00 stars
3.50 stars	Cocteau Twins - Blue Bell Knoll	5.00 stars
3.00 stars	The Sundays - Reading, Writing and Arithmetic	5.00 stars
3.50 stars	Red House Painters - Down Colorful Hill	5.00 stars
3.50 stars	Nas - Illmatic	5.00 stars
3.50 stars	Autechre - Amber	5.00 stars
3.00 stars	Spiritualized® - Ladies and Gentlemen We Are Floating in Space	4.50 stars
3.00 stars	Sigur Rós - Ágætis byrjun	4.50 stars
3.50 stars	The Flaming Lips - The Soft Bulletin	5.00 stars
3.50 stars	Avey Tare and Panda Bear - Spirit They're Gone Spirit They've Vanished	5.00 stars
3.50 stars	The Clientele - Suburban Light	5.00 stars
4.50 stars	Xiu Xiu - Knife Play	3.00 stars
4.50 stars	Xiu Xiu - A Promise	3.00 stars
5.00 stars	J Dilla - Donuts	3.00 stars
3.00 stars	DJ Sprinkles - Midtown 120 Blues	5.00 stars
4.50 stars	James Ferraro - Marble Surf	3.00 stars
5.00 stars	Women - Public Strain	3.50 stars
4.50 stars	The Men - Open Your Heart	3.00 stars
5.00 stars	Parquet Courts - Light Up Gold	3.00 stars
4.00 stars	Death Grips - NO LOVE DEEP WEB	2.50 stars
3.00 stars	James Blake - Overgrown	4.50 stars
4.00 stars	Parkay Quarts - Content Nausea	2.50 stars
4.00 stars	Lower Dens - Escape From Evil	2.50 stars
4.50 stars	Beach House - Depression Cherry	3.00 stars
5.00 stars	Mitski - Puberty 2	3.00 stars
4.50 stars	Weyes Blood - Front Row Seat to Earth	3.00 stars
5.00 stars	Brockhampton - Saturation II	3.00 stars
4.50 stars	Parquet Courts - Wide Awaaaaake!	3.00 stars
4.50 stars	Low Life - Downer Edn	3.00 stars
2.50 stars	Hatchie - Keepsake	4.00 stars
2.50 stars	Kacey Musgraves - Golden Hour	4.00 stars
5.00 stars	Parquet Courts - Human Performance	3.50 stars
2.00 stars	Pink Floyd - Wish You Were Here	4.50 stars
4.50 stars	Sheer Mag - Sheer Mag	3.00 stars
5.00 stars	Sheer Mag - II 7"	3.00 stars
3.50 stars	The Sonic Youth - Sister	5.00 stars
2.50 stars	Sun Kil Moon - Benji	4.00 stars
4.50 stars	Women - Women	3.00 stars