rental	Album	smmkolesnikov
3.50 stars	Amen Dunes - Love	3.00 stars
3.00 stars	American Football - American Football	4.00 stars
3.50 stars	Amyl and The Sniffers - Amyl and The Sniffers	2.50 stars
3.50 stars	Aphex Twin - Selected Ambient Works 85-92	4.50 stars
3.50 stars	Bark Psychosis - Hex	4.00 stars
4.00 stars	William Basinski - The Disintegration Loops	4.00 stars
3.50 stars	William Basinski - The Disintegration Loops II	4.00 stars
3.50 stars	William Basinski - The Disintegration Loops III	4.00 stars
3.50 stars	William Basinski - The Disintegration Loops IV	4.00 stars
3.50 stars	Bauhaus - In the Flat Field	4.00 stars
4.00 stars	The Beach Boys - Pet Sounds	4.50 stars
4.00 stars	Beat Happening - You Turn Me On	4.50 stars
4.00 stars	The Beatles - Abbey Road	4.50 stars
4.00 stars	Belle & Sebastian - Dear Catastrophe Waitress	3.50 stars
3.50 stars	The Beths - Future Me Hates Me	3.50 stars
4.00 stars	black midi - Schlagenheim	3.50 stars
3.00 stars	James Blake - Assume Form	2.50 stars
3.50 stars	Boards of Canada - Geogaddi	4.00 stars
3.50 stars	Boards of Canada - The Campfire Headphase	4.00 stars
4.00 stars	The Books - The Lemon of Pink	4.50 stars
3.50 stars	David Bowie - Station to Station	4.50 stars
3.50 stars	Brockhampton - Iridescence	3.50 stars
4.00 stars	Tim Buckley - Starsailor	4.50 stars
3.50 stars	Kate Bush - Hounds of Love	4.00 stars
4.00 stars	Butthole Surfers - Rembrandt Pussyhorse	3.50 stars
4.00 stars	Can - Soundtracks	3.00 stars
3.00 stars	The Cars - The Cars	3.50 stars
3.00 stars	Nick Cave & The Bad Seeds - Skeleton Tree	3.00 stars
4.00 stars	Chastity Belt - No Regerts	3.00 stars
3.00 stars	Clarence Clarity - Think: Peace	2.50 stars
4.00 stars	Cloud Nothings - Attack on Memory	4.50 stars
4.00 stars	Cloud Nothings - Life Without Sound	3.00 stars
3.50 stars	Cocteau Twins - Head Over Heels	4.00 stars
4.00 stars	Cocteau Twins - Heaven or Las Vegas	3.50 stars
4.50 stars	Coil - Horse Rotorvator	4.00 stars
4.00 stars	Comus - First Utterance	4.50 stars
4.00 stars	Denzel Curry - Zuu	3.50 stars
3.50 stars	Daughters - Daughters	3.50 stars
4.00 stars	Richard Dawson - 2020	4.00 stars
3.50 stars	Death Grips - Government Plates	4.00 stars
3.50 stars	Deerhunter - Fading Frontier	3.00 stars
4.00 stars	Lana Del Rey - Norman Fucking Rockwell!	4.00 stars
4.00 stars	Descendents - Milo Goes to College	3.50 stars
3.50 stars	Dirty Three - Ocean Songs	4.00 stars
3.50 stars	DNA - DNA on DNA	4.50 stars
3.50 stars	The Doors - The Doors	4.50 stars
3.50 stars	Nick Drake - Five Leaves Left	4.00 stars
3.50 stars	Kevin Drumm - Sheer Hellish Miasma	4.50 stars
3.50 stars	Dum Dum Girls - I Will Be	2.50 stars
4.00 stars	Earth - The Bees Made Honey in the Lion's Skull	4.50 stars
4.00 stars	The Fall - Slates	3.50 stars
4.00 stars	The Fall - Perverted by Language	4.50 stars
3.50 stars	James Ferraro - Four Pieces for Mirai	3.00 stars
4.00 stars	Fleet Foxes - Crack-Up	4.00 stars
3.50 stars	Flipper - Album: Generic Flipper	4.50 stars
2.50 stars	Foals - Total Life Forever	3.50 stars
4.00 stars	Fontaines D.C. - Dogrel	4.00 stars
3.50 stars	Ben Frost - By the Throat	4.50 stars
3.50 stars	Fuck Buttons - Tarot Sport	4.00 stars
3.50 stars	Fugazi - Repeater	3.50 stars
4.00 stars	Gang of Four - Entertainment!	5.00 stars
3.00 stars	Girl Band - Holding Hands With Jamie	3.50 stars
4.00 stars	Philip Glass - Glassworks	4.00 stars
3.00 stars	Godspeed You Black Emperor! - Slow Riot for New Zerø Kanada E.P.	4.00 stars
3.50 stars	Grouper - Dragging a Dead Deer Up a Hill	4.50 stars
4.00 stars	Guided by Voices - Alien Lanes	3.50 stars
3.00 stars	Françoise Hardy - Françoise Hardy [La question]	4.00 stars
3.00 stars	Helena Hauff - Discreet Desires	3.50 stars
3.00 stars	Anna von Hausswolff - The Miraculous	3.50 stars
3.50 stars	Anna von Hausswolff - Dead Magic	3.50 stars
3.00 stars	Have a Nice Life - The Unnatural World	4.00 stars
4.00 stars	Tim Hecker - Harmony in Ultraviolet	4.50 stars
3.50 stars	Tim Hecker - Virgins	3.50 stars
4.50 stars	Hella - Hold Your Horse Is	4.50 stars
4.00 stars	James Holden & the Animal Spirits - The Animal Spirits	4.00 stars
4.00 stars	Hop Along - Bark Your Head Off, Dog	4.00 stars
3.50 stars	Jon Hopkins - Immunity	3.50 stars
3.50 stars	Hot Snakes - Jericho Sirens	4.00 stars
3.50 stars	Hüsker Dü - Everything Falls Apart	3.50 stars
4.00 stars	Hüsker Dü - New Day Rising	3.50 stars
3.50 stars	Hype Williams - Find Out What Happens When People Stop Being Polite, and Start Gettin' Reel	3.00 stars
3.50 stars	Joy Division - Closer	4.50 stars
3.00 stars	Kero Kero Bonito - Bonito Generation	3.00 stars
4.00 stars	Kendrick Lamar - DAMN.	3.50 stars
3.00 stars	LCD Soundsystem - This Is Happening	4.00 stars
3.00 stars	Adrianne Lenker - Abysskiss	3.50 stars
3.50 stars	The Lounge Lizards - The Lounge Lizards	3.50 stars
4.00 stars	Love - Forever Changes	5.00 stars
3.50 stars	Low - Things We Lost in the Fire	4.00 stars
3.50 stars	mclusky - The Difference Between Me and You Is That I'm Not on Fire	3.50 stars
3.50 stars	Lizzy Mercier Descloux - Mambo Nassau	3.50 stars
4.00 stars	Metallica - Ride the Lightning	3.50 stars
3.00 stars	MGMT - MGMT	3.00 stars
4.00 stars	MGMT - Little Dark Age	3.00 stars
4.00 stars	Modest Mouse - This Is a Long Drive for Someone With Nothing to Think About	4.00 stars
3.50 stars	Tony Molina - Kill the Lights	3.50 stars
3.50 stars	Janelle Monáe - The ArchAndroid	3.50 stars
3.50 stars	Janelle Monáe - The Electric Lady	3.50 stars
4.50 stars	Moondog - Moondog	4.00 stars
3.50 stars	Little Richard - Here's Little Richard	4.00 stars
3.50 stars	The Crickets - The "Chirping" Crickets	4.50 stars
3.50 stars	John Coltrane - My Favorite Things	4.50 stars
4.00 stars	Mingus - The Black Saint and the Sinner Lady	5.00 stars
4.00 stars	John Coltrane - A Love Supreme	5.00 stars
4.50 stars	The Velvet Underground & Nico - The Velvet Underground & Nico	5.00 stars
3.50 stars	The Beatles - Sgt. Pepper's Lonely Hearts Club Band	4.50 stars
4.00 stars	The Zombies - Odessey and Oracle	4.00 stars
3.50 stars	Big Brother & The Holding Company - Cheap Thrills	4.00 stars
4.00 stars	The Kinks - The Kinks Are the Village Green Preservation Society	4.50 stars
3.50 stars	Van Morrison - Astral Weeks	3.50 stars
4.00 stars	The Velvet Underground - The Velvet Underground	5.00 stars
3.50 stars	Tim Buckley - Happy Sad	4.00 stars
3.50 stars	Pharoah Sanders - Karma	4.00 stars
4.00 stars	The Can - Monster Movie	4.00 stars
3.00 stars	The Stooges - The Stooges	4.00 stars
3.50 stars	Fairport Convention - Liege & Lief	3.50 stars
4.00 stars	Exuma - Exuma	4.00 stars
3.50 stars	Syd Barrett - The Madcap Laughs	4.00 stars
3.00 stars	Crosby, Stills, Nash & Young - Déjà vu	4.00 stars
3.50 stars	Miles Davis - Bitches Brew	4.00 stars
4.00 stars	Creedence Clearwater Revival - Cosmo's Factory	4.00 stars
3.50 stars	Tim Buckley - Lorca	3.00 stars
3.50 stars	The Stooges - Fun House	4.50 stars
3.50 stars	Nick Drake - Bryter Layter	3.50 stars
3.50 stars	Faust - Faust	4.00 stars
3.00 stars	Marvin Gaye - What's Going On	3.50 stars
3.00 stars	Black Sabbath - Master of Reality	4.00 stars
3.50 stars	The Who - Who's Next	4.00 stars
4.00 stars	Can - Tago Mago	5.00 stars
4.00 stars	David Bowie - Hunky Dory	4.50 stars
3.50 stars	Popol Vuh - Hosianna Mantra	4.00 stars
4.00 stars	Nick Drake - Pink Moon	5.00 stars
3.00 stars	Big Star - #1 Record	4.00 stars
4.00 stars	David Bowie - The Rise and Fall of Ziggy Stardust and the Spiders From Mars	4.00 stars
3.50 stars	Steely Dan - Can't Buy a Thrill	4.00 stars
4.50 stars	Can - Ege Bamyasi	5.00 stars
3.50 stars	Lou Reed - Transformer	4.00 stars
4.00 stars	Iggy and The Stooges - Raw Power	4.00 stars
3.50 stars	David Bowie - Aladdin Sane	4.50 stars
4.00 stars	Steely Dan - Countdown to Ecstasy	3.50 stars
3.50 stars	Stevie Wonder - Innervisions	4.50 stars
3.50 stars	Can - Future Days	4.50 stars
3.50 stars	Eno - Here Come the Warm Jets	4.00 stars
3.00 stars	Steely Dan - Pretzel Logic	4.00 stars
3.50 stars	Sparks - Kimono My House	3.50 stars
3.50 stars	Neil Young - On the Beach	4.50 stars
3.50 stars	Eno - Taking Tiger Mountain (By Strategy)	4.00 stars
3.00 stars	NEU! - NEU! '75	4.00 stars
3.50 stars	Bob Dylan - Blood on the Tracks	4.00 stars
3.50 stars	Eno - Another Green World	3.50 stars
4.00 stars	Stevie Wonder - Songs in the Key of Life	4.00 stars
4.00 stars	David Bowie - Low	5.00 stars
3.50 stars	Fleetwood Mac - Rumours	3.50 stars
4.00 stars	Television - Marquee Moon	4.50 stars
3.50 stars	Iggy Pop - The Idiot	4.00 stars
3.50 stars	The Clash - The Clash	4.00 stars
4.00 stars	Talking Heads - Talking Heads: 77	3.50 stars
4.00 stars	Ramones - Rocket to Russia	4.00 stars
4.00 stars	Suicide - Suicide	4.50 stars
4.50 stars	Wire - Pink Flag	4.50 stars
3.50 stars	Brian Eno - Ambient 1: Music for Airports	4.00 stars
3.00 stars	Elvis Costello - This Year's Model	4.00 stars
3.00 stars	Magazine - Real Life	4.00 stars
4.00 stars	Talking Heads - More Songs About Buildings and Food	4.00 stars
4.00 stars	Wire - Chairs Missing	4.00 stars
4.00 stars	Devo - Q: Are We Not Men? A: We Are Devo!	3.50 stars
3.50 stars	Blondie - Parallel Lines	4.00 stars
3.50 stars	Pere Ubu - Dub Housing	4.00 stars
4.00 stars	Public Image Ltd - Public Image	4.00 stars
3.50 stars	Lizzy Mercier Descloux - Press Color	4.00 stars
3.50 stars	Contortions - Buy	4.50 stars
4.00 stars	The Pop Group - Y	4.00 stars
3.50 stars	Joy Division - Unknown Pleasures	4.00 stars
4.50 stars	The Slits - Cut	4.50 stars
3.50 stars	Buzzcocks - Singles Going Steady	4.00 stars
4.00 stars	Wire - 154	4.50 stars
3.50 stars	Yellow Magic Orchestra - Solid State Survivor	3.50 stars
4.00 stars	PiL - Metal Box	5.00 stars
3.50 stars	Germs - (GI)	3.00 stars
4.00 stars	Suicide - Alan Vega · Martin Rev	4.50 stars
3.50 stars	Young Marble Giants - Colossal Youth	4.00 stars
3.50 stars	The Feelies - Crazy Rhythms	4.50 stars
4.00 stars	X - Los Angeles	4.00 stars
3.50 stars	Dead Kennedys - Fresh Fruit for Rotting Vegetables	3.50 stars
3.50 stars	The Jam - Sound Affects	3.50 stars
4.00 stars	Television Personalities - ...And Don't the Kids Just Love It	4.00 stars
3.50 stars	Gang of Four - Solid Gold	3.00 stars
3.50 stars	The Cure - Faith	3.50 stars
3.50 stars	Au Pairs - Playing With a Different Sex	4.00 stars
4.50 stars	Mission of Burma - Signals, Calls, and Marches	3.50 stars
4.00 stars	This Heat - Deceit	4.50 stars
4.00 stars	Glenn Branca - The Ascension	4.50 stars
3.50 stars	Soft Cell - Non-Stop Erotic Cabaret	3.50 stars
4.50 stars	The Fall - Hex Enduction Hour	4.50 stars
4.50 stars	Mission of Burma - Vs.	4.00 stars
3.50 stars	Dead Kennedys - Plastic Surgery Disasters	4.00 stars
3.50 stars	Minutemen - What Makes a Man Start Fires?	4.50 stars
5.00 stars	Wipers - Over the Edge	4.00 stars
3.50 stars	Sonic-Youth - Confusion Is Sex	3.50 stars
3.50 stars	Violent Femmes - Violent Femmes	4.00 stars
3.50 stars	R.E.M. - Murmur	4.00 stars
3.00 stars	New Order - Power, Corruption & Lies	4.00 stars
3.50 stars	Butthole Surfers - Butthole Surfers	3.00 stars
3.50 stars	The Chameleons - Script of the Bridge	3.50 stars
3.50 stars	The The - Soul Mining	4.00 stars
3.50 stars	Butthole Surfers - Psychic...Powerless...Another Man's Sac	3.50 stars
3.50 stars	Manuel Göttsching - E2-E4	4.50 stars
4.00 stars	The Smiths - The Smiths	4.50 stars
4.00 stars	Black Flag - My War	3.50 stars
4.50 stars	Meat Puppets - Meat Puppets II	4.50 stars
3.50 stars	Prince and The Revolution - Purple Rain	4.00 stars
4.00 stars	Hüsker Dü - Zen Arcade	4.00 stars
3.00 stars	Flipper - Gone Fishin'	3.50 stars
4.00 stars	The Replacements - Let It Be	4.00 stars
5.00 stars	Minutemen - Double Nickels on the Dime	5.00 stars
3.50 stars	Felt - The Strange Idols Pattern and Other Short Stories	3.50 stars
4.00 stars	Cocteau Twins - Treasure	4.00 stars
3.50 stars	Tears for Fears - Songs From the Big Chair	3.50 stars
3.50 stars	The Smiths - Meat Is Murder	4.50 stars
3.50 stars	Sonic-Youth - Bad Moon Rising	2.50 stars
4.00 stars	Meat Puppets - Up on the Sun	3.50 stars
3.50 stars	The Jesus and Mary Chain - Psychocandy	3.00 stars
4.00 stars	Big Black - Atomizer	4.00 stars
3.00 stars	Talk Talk - The Colour of Spring	4.00 stars
4.00 stars	Metallica - Master of Puppets	3.50 stars
3.50 stars	Sonic Youth - EVOL	4.50 stars
3.50 stars	Felt - Forever Breathes the Lonely Word	3.50 stars
4.00 stars	The Chameleons - Strange Times	4.00 stars
3.50 stars	XTC - Skylarking	4.50 stars
3.00 stars	Loop - Heaven's End	3.50 stars
3.00 stars	Prince - Sign "☮" the Times	3.00 stars
4.50 stars	Dinosaur - You're Living All Over Me	3.50 stars
3.50 stars	Big Black - Songs About Fucking	3.50 stars
4.00 stars	Galaxie 500 - Today	4.00 stars
3.50 stars	Pixies - Surfer Rosa	4.00 stars
3.50 stars	Cocteau Twins - Blue Bell Knoll	4.00 stars
4.00 stars	Sonic Youth - Daydream Nation	3.00 stars
3.50 stars	Dinosaur Jr - Bug	3.50 stars
4.00 stars	Kronos Quartet / Pat Metheny - Different Trains; Electric Counterpoint	4.50 stars
2.50 stars	The Stone Roses - The Stone Roses	3.50 stars
4.50 stars	Pixies - Doolittle	4.50 stars
3.50 stars	The Cure - Disintegration	4.50 stars
3.50 stars	Beastie Boys - Paul's Boutique	4.00 stars
4.00 stars	NoMeansNo - Wrong	4.00 stars
3.00 stars	The Sundays - Reading, Writing and Arithmetic	3.50 stars
3.50 stars	Sonic Youth - Goo	4.00 stars
3.50 stars	Ride - Nowhere	3.00 stars
3.50 stars	Drive Like Jehu - Drive Like Jehu	4.00 stars
4.00 stars	The Jesus Lizard - Goat	4.00 stars
5.00 stars	Slint - Spiderland	5.00 stars
3.00 stars	Slowdive - Just for a Day	3.50 stars
3.50 stars	Nirvana - Nevermind	3.50 stars
3.50 stars	A Tribe Called Quest - The Low End Theory	4.00 stars
4.00 stars	Talk Talk - Laughing Stock	4.00 stars
5.00 stars	Pavement - Slanted and Enchanted	4.00 stars
4.00 stars	Cows - 'Cunning Stunts'	4.00 stars
3.50 stars	Red House Painters - Down Colorful Hill	3.50 stars
4.00 stars	The Jesus Lizard - Liar	4.00 stars
3.50 stars	Swirlies - Blonder Tongue Audio Baton	4.00 stars
3.50 stars	Slowdive - Souvlaki	3.50 stars
3.00 stars	Fugazi - In on the Kill Taker	3.00 stars
4.00 stars	Unwound - Fake Train	3.50 stars
3.00 stars	Smashing Pumpkins - Siamese Dream	4.00 stars
3.00 stars	Seam - The Problem With Me	3.50 stars
4.50 stars	Yo La Tengo - Painful	3.50 stars
4.00 stars	Wu-Tang Clan - Enter the Wu-Tang (36 Chambers)	4.50 stars
3.00 stars	Autechre - Incunabula	4.00 stars
3.50 stars	Auktyon - Птица	3.50 stars
3.50 stars	Robert Hood - Internal Empire	4.00 stars
4.50 stars	Pavement - Crooked Rain, Crooked Rain	4.50 stars
4.00 stars	Low - I Could Live in Hope	4.50 stars
4.00 stars	Disco Inferno - D. I. Go Pop	4.50 stars
3.50 stars	Unwound - New Plastic Ideas	4.00 stars
3.50 stars	Bedhead - WhatFunLifeWas	3.50 stars
3.50 stars	Nas - Illmatic	4.00 stars
3.00 stars	Sunny Day Real Estate - Diary	3.50 stars
3.50 stars	Weezer - Weezer [Blue Album]	4.50 stars
3.00 stars	Lush - Split	4.00 stars
5.00 stars	Guided by Voices - Bee Thousand	4.00 stars
4.00 stars	Sebadoh - Bakesale	4.50 stars
4.00 stars	Shellac - At Action Park	4.00 stars
3.50 stars	Autechre - Amber	4.50 stars
4.00 stars	Oval - 94 Diskont	4.50 stars
3.50 stars	Pavement - Wowee Zowee	3.50 stars
4.00 stars	Flying Saucer Attack - Further	4.00 stars
3.50 stars	Unwound - The Future of What	4.00 stars
3.50 stars	Don Caballero - Don Caballero 2	4.50 stars
3.50 stars	Sonic Youth - Washing Machine	4.50 stars
3.50 stars	Autechre - Tri repetae	4.00 stars
3.50 stars	Ground-Zero - 革命京劇 Revolutionary Pekinese Opera Ver.1.28 (Kakumeikyōgeki)	4.50 stars
3.50 stars	Swirlies - They Spent Their Wild Youthful Days in the Glittering World of the Salons	3.50 stars
4.00 stars	Tortoise - Millions Now Living Will Never Die	4.00 stars
3.00 stars	Burzum - Filosofem	4.00 stars
3.50 stars	Stereolab - Emperor Tomato Ketchup	4.00 stars
4.00 stars	Brainiac - Hissing Prigs in Static Couture	4.00 stars
3.50 stars	Unwound - Repetition	4.00 stars
4.00 stars	Cul de Sac - China Gate	3.50 stars
4.00 stars	Weezer - Pinkerton	3.00 stars
3.50 stars	Swans - Soundtracks for the Blind	4.00 stars
4.00 stars	Aphex Twin - Richard D. James Album	4.50 stars
4.00 stars	Belle and Sebastian - If You're Feeling Sinister	4.00 stars
3.50 stars	DJ Shadow - Endtroducing.....	4.00 stars
3.50 stars	Built to Spill - Perfect From Now On	4.50 stars
3.50 stars	Pavement - Brighten the Corners	4.00 stars
3.00 stars	Elliott Smith - Either / Or	4.00 stars
4.00 stars	Yo La Tengo - I Can Hear the Heart Beating as One	5.00 stars
3.00 stars	Squarepusher - Hard Normal Daddy	4.00 stars
3.00 stars	Spiritualized® - Ladies and Gentlemen We Are Floating in Space	4.00 stars
3.00 stars	µ-Ziq - Lunatic Harness	3.50 stars
3.50 stars	Prodigy - The Fat of the Land	2.50 stars
3.00 stars	Björk - Homogenic	4.00 stars
3.50 stars	Modest Mouse - The Lonesome Crowded West	4.00 stars
3.50 stars	Labradford - Mi media naranja	3.00 stars
3.50 stars	Unwound - Challenge for a Civilized Society	4.00 stars
3.00 stars	AIR - Moon Safari	4.00 stars
3.50 stars	GAS - Zauberberg	4.00 stars
3.50 stars	Duster - Stratosphere	4.00 stars
3.50 stars	Tortoise - TNT	4.00 stars
3.50 stars	Boards of Canada - Music Has the Right to Children	3.00 stars
4.00 stars	Don Caballero - What Burns Never Returns	4.50 stars
3.00 stars	Mercury Rev - Deserter's Songs	4.00 stars
3.50 stars	GAS - Königsforst	3.50 stars
2.50 stars	Bonnie 'Prince' Billy - I See a Darkness	3.00 stars
3.00 stars	Built to Spill - Keep It Like a Secret	3.50 stars
4.00 stars	Blur - 13	4.50 stars
4.00 stars	Black Tambourine - Complete Recordings	3.50 stars
3.50 stars	Pavement - Terror Twilight	3.50 stars
3.50 stars	The Flaming Lips - The Soft Bulletin	4.00 stars
4.00 stars	The Magnetic Fields - 69 Love Songs	4.00 stars
3.00 stars	The Get Up Kids - Something to Write Home About	3.00 stars
3.50 stars	Yo La Tengo - And Then Nothing Turned Itself Inside-Out	4.50 stars
3.00 stars	Dirty Three - Whatever You Love, You Are	3.50 stars
3.00 stars	Clinic - Internal Wrangler	4.00 stars
4.00 stars	Modest Mouse - The Moon & Antarctica	4.50 stars
3.50 stars	Avey Tare and Panda Bear - Spirit They're Gone Spirit They've Vanished	3.50 stars
3.50 stars	Godspeed You Black Emperor! - Lift Yr. Skinny Fists Like Antennas to Heaven!	4.50 stars
3.50 stars	Electric Wizard - Dopethrone	4.50 stars
3.00 stars	PJ Harvey - Stories From the City, Stories From the Sea	4.00 stars
3.50 stars	Jan Jelinek - Loop-finding-jazz-records	3.50 stars
4.00 stars	múm - Yesterday Was Dramatic - Today Is OK	4.50 stars
4.00 stars	Unwound - Leaves Turn Inside You	4.50 stars
3.00 stars	Cannibal Ox - The Cold Vein	4.00 stars
4.50 stars	Fennesz - Endless Summer	4.50 stars
4.00 stars	Converge - Jane Doe	4.00 stars
3.50 stars	Fugazi - The Argument	4.50 stars
3.50 stars	Liars - They Threw Us All in a Trench and Stuck a Monument on Top	4.00 stars
3.50 stars	Hood - Cold House	3.50 stars
3.00 stars	Tim Hecker - Haunt Me, Haunt Me Do It Again	4.00 stars
3.50 stars	...And You Will Know Us by the Trail of Dead - Source Tags & Codes	4.50 stars
4.50 stars	Wilco - Yankee Hotel Foxtrot	4.00 stars
4.00 stars	The Books - Thought for Food	4.50 stars
3.00 stars	Sonic Youth - Murray Street	3.50 stars
3.00 stars	Carissa's Wierd - Songs About Leaving	4.00 stars
3.50 stars	Spoon - Kill the Moonlight	4.00 stars
4.00 stars	Interpol - Turn On the Bright Lights	4.50 stars
3.50 stars	Queens of the Stone Age - Songs for the Deaf	3.50 stars
4.00 stars	Broken Social Scene - You Forgot It in People	4.00 stars
4.00 stars	Theoretical Girls - Theoretical Girls	4.00 stars
3.00 stars	Sigur Rós - ( )	4.00 stars
3.50 stars	The Microphones - Mount Eerie	4.50 stars
3.50 stars	Lightning Bolt - Wonderful Rainbow	4.00 stars
4.00 stars	Magnolia Electric Co. - The Magnolia Electric Co.	4.50 stars
4.00 stars	Deerhoof - Apple O'	3.50 stars
3.50 stars	Yeah Yeah Yeahs - Fever to Tell	4.00 stars
4.00 stars	Four Tet - Rounds	4.50 stars
3.50 stars	Boris - あくまのうた (Akuma no Uta)	4.00 stars
3.00 stars	Sweet Trip - Velocity : Design : Comfort	4.00 stars
3.50 stars	Broadcast - Haha Sound	4.00 stars
4.00 stars	The Fiery Furnaces - Gallowsbird's Bark	3.00 stars
3.00 stars	Gridlock - Formless	3.50 stars
4.00 stars	Boris - Boris at Last -Feedbacker-	5.00 stars
3.50 stars	Liars - They Were Wrong, So We Drowned	4.00 stars
4.00 stars	Madvillain - Madvillainy	4.50 stars
3.50 stars	Devendra Banhart - Rejoicing in the Hands	4.00 stars
3.50 stars	Animal Collective - Sung Tongs	4.50 stars
3.50 stars	The Fiery Furnaces - Blueberry Boat	3.50 stars
4.00 stars	Sufjan Stevens - Illinois	4.00 stars
4.00 stars	WHY? - Elephant Eyelash	3.50 stars
4.00 stars	Earth - Hex; or Printing in the Infernal Method	4.00 stars
3.50 stars	Lightning Bolt - Hypermagic Mountain	4.00 stars
4.00 stars	Animal Collective - Feels	4.50 stars
4.00 stars	Boris - Pink	3.50 stars
3.50 stars	Ryoji Ikeda - dataplex	4.50 stars
4.50 stars	Coil - The Ape of Naples	5.00 stars
3.50 stars	Sibylle Baier - Colour Green	4.00 stars
3.00 stars	Grizzly Bear - Yellow House	4.00 stars
3.50 stars	Deerhoof - Friend Opportunity	4.00 stars
3.50 stars	Marissa Nadler - Songs III: Bird on the Water	4.00 stars
4.00 stars	Blonde Redhead - 23	3.50 stars
3.50 stars	Battles - Mirrored	4.00 stars
3.50 stars	The National - Boxer	4.00 stars
4.00 stars	Andrew Jackson Jihad - People Who Can Eat People Are the Luckiest People in the World	4.00 stars
4.00 stars	Animal Collective - Strawberry Jam	3.50 stars
4.00 stars	Burial - Untrue	4.00 stars
4.00 stars	MGMT - Oracular Spectacular	4.00 stars
4.00 stars	Have a Nice Life - Deathconsciousness	4.00 stars
3.50 stars	Beach House - Devotion	3.00 stars
4.50 stars	Fleet Foxes - Fleet Foxes	3.50 stars
4.50 stars	Deerhunter - Microcastle / Weird Era Continued	4.00 stars
4.00 stars	Animal Collective - Merriweather Post Pavilion	4.50 stars
4.00 stars	Death - ...For the Whole World to See	4.00 stars
3.00 stars	Fever Ray - Fever Ray	3.50 stars
3.50 stars	Dan Deacon - Bromst	3.50 stars
4.00 stars	The Flaming Lips - Embryonic	4.00 stars
3.00 stars	Vampire Weekend - Contra	4.00 stars
4.50 stars	Beach House - Teen Dream	4.50 stars
4.50 stars	MGMT - Congratulations	4.00 stars
3.50 stars	Flying Lotus - Cosmogramma	4.50 stars
3.50 stars	Zs - New Slaves	4.50 stars
4.00 stars	Ariel Pink's Haunted Graffiti - Before Today	3.50 stars
4.50 stars	Deerhunter - Halcyon Digest	4.00 stars
4.00 stars	Zach Hill - Face Tat	4.00 stars
4.00 stars	The Soft Moon - The Soft Moon	4.00 stars
3.50 stars	Kanye West - My Beautiful Dark Twisted Fantasy	3.50 stars
4.00 stars	Iceage - New Brigade	3.50 stars
4.00 stars	Grouper - A I A: Alien Observer	4.00 stars
3.00 stars	Julia Holter - Tragedy	4.00 stars
3.50 stars	Real Estate - Days	4.00 stars
3.50 stars	James Ferraro - Far Side Virtual	4.50 stars
4.00 stars	Mac DeMarco - Rock and Roll Night Club	3.00 stars
3.50 stars	Mitski - LUSH	3.50 stars
4.00 stars	Julia Holter - Ekstasis	3.50 stars
3.50 stars	Death Grips - The Money Store	4.50 stars
4.00 stars	Beach House - Bloom	4.50 stars
3.00 stars	Japandroids - Celebration Rock	3.50 stars
4.50 stars	Fiona Apple - The Idler Wheel Is Wiser Than the Driver of the Screw and Whipping Cords Will Serve You More Than Ropes Will Ever Do	5.00 stars
3.00 stars	Swans - The Seer	4.00 stars
4.00 stars	Grizzly Bear - Shields	3.50 stars
4.00 stars	Death Grips - NO LOVE DEEP WEB	4.50 stars
4.00 stars	Tame Impala - Lonerism	4.50 stars
4.00 stars	Mac DeMarco - 2	4.00 stars
4.00 stars	Kendrick Lamar - good kid, m.A.A.d city	4.00 stars
4.00 stars	Lil Ugly Mane - Uneven Compromise	4.00 stars
3.50 stars	My Bloody Valentine - m b v	3.00 stars
4.00 stars	Iceage - You're Nothing	4.00 stars
3.50 stars	Hookworms - Pearl Mystic	3.00 stars
3.50 stars	The Men - New Moon	3.50 stars
4.00 stars	Deerhunter - Monomania	3.00 stars
4.00 stars	Vampire Weekend - Modern Vampires of the City	4.00 stars
3.00 stars	Kanye West - Yeezus	3.50 stars
4.00 stars	Fuck Buttons - Slow Focus	3.50 stars
3.50 stars	Mitski - Retired From Sad, New Career in Business	3.50 stars
3.50 stars	Julia Holter - Loud City Song	4.00 stars
3.50 stars	Chelsea Wolfe - Pain Is Beauty	4.50 stars
3.50 stars	Oneohtrix Point Never - R Plus Seven	3.50 stars
3.50 stars	Darkside - Psychic	4.00 stars
4.00 stars	Freddie Gibbs & Madlib - Piñata	4.00 stars
3.50 stars	Cloud Nothings - Here and Nowhere Else	4.00 stars
4.00 stars	Mac DeMarco - Salad Days	4.00 stars
4.00 stars	Sleaford Mods - Divide and Exit	3.50 stars
4.00 stars	Fennesz - Bécs	3.50 stars
4.00 stars	Ought - More Than Any Other Day	4.00 stars
3.50 stars	Sharon Van Etten - Are We There	4.00 stars
3.50 stars	Parquet Courts - Sunbathing Animal	2.50 stars
4.00 stars	Iceage - Plowing Into the Field of Love	4.00 stars
3.50 stars	Richard Dawson - Nothing Important	4.00 stars
4.00 stars	Dean Blunt - Black Metal	4.00 stars
4.00 stars	Mitski - Bury Me at Makeout Creek	4.50 stars
4.50 stars	Zs - Xe	4.50 stars
3.50 stars	Clarence Clarity - NO NOW	3.00 stars
4.00 stars	Kendrick Lamar - To Pimp a Butterfly	4.50 stars
3.50 stars	Lightning Bolt - Fantasy Empire	3.50 stars
3.50 stars	Speedy Ortiz - Foil Deer	3.50 stars
3.50 stars	Hop Along - Painted Shut	4.50 stars
3.50 stars	Holly Herndon - Platform	4.00 stars
3.00 stars	Algiers - Algiers	3.50 stars
3.50 stars	Bully - Feels Like	3.50 stars
3.50 stars	Carly Rae Jepsen - E·MO·TION	3.00 stars
3.50 stars	Mac DeMarco - Another One	3.50 stars
3.50 stars	Chelsea Wolfe - Abyss	4.00 stars
4.00 stars	Travis Scott - Rodeo	4.00 stars
4.00 stars	Julia Holter - Have You in My Wilderness	4.50 stars
4.00 stars	The Garden - haha	3.50 stars
3.50 stars	Julien Baker - Sprained Ankle	4.00 stars
4.00 stars	Joanna Newsom - Divers	4.50 stars
3.50 stars	Floating Points - Elaenia	4.00 stars
3.50 stars	SOPHIE - Product	3.00 stars
4.00 stars	David Bowie - ★ [Blackstar]	4.50 stars
3.50 stars	Babyfather - BBF Hosted by DJ Escrow	3.50 stars
4.00 stars	Frankie Cosmos - Next Thing	3.00 stars
3.50 stars	Tim Hecker - Love Streams	3.50 stars
4.00 stars	King Gizzard and the Lizard Wizard - Nonagon Infinity	3.50 stars
3.00 stars	White Lung - Paradise	2.50 stars
3.50 stars	Death Grips - Bottomless Pit	4.00 stars
3.50 stars	Radiohead - A Moon Shaped Pool	4.50 stars
3.50 stars	Big Thief - Masterpiece	3.50 stars
3.50 stars	Huerco S. - For Those of You Who Have Never (And Also Those Who Have)	4.00 stars
5.00 stars	Mitski - Puberty 2	4.00 stars
3.50 stars	The Avalanches - Wildflower	3.50 stars
3.00 stars	Blood Orange - Freetown Sound	3.50 stars
5.00 stars	Frank Ocean - Blonde	4.50 stars
4.00 stars	Angel Olsen - MY WOMAN	3.50 stars
3.50 stars	Yves Tumor - Serpent Music	2.50 stars
4.00 stars	Danny Brown - Atrocity Exhibition	4.00 stars
4.50 stars	Weyes Blood - Front Row Seat to Earth	3.50 stars
3.50 stars	Carla dal Forno - You Know What It's Like	3.50 stars
4.00 stars	A Tribe Called Quest - We got it from Here... Thank You 4 Your service	4.00 stars
3.50 stars	William Basinski - A Shadow in Time	3.50 stars
3.00 stars	King Gizzard and the Lizard Wizard - Flying Microtonal Banana	3.50 stars
4.00 stars	Xiu Xiu - FORGET	3.00 stars
3.50 stars	Blanck Mass - World Eater	4.00 stars
4.00 stars	IDLES - Brutalism	3.50 stars
3.50 stars	Mac DeMarco - This Old Dog	3.50 stars
3.50 stars	Forest Swords - Compassion	4.00 stars
3.50 stars	Girlpool - Powerplant	3.00 stars
4.00 stars	(Sandy) Alex G - Rocket	3.50 stars
4.00 stars	Richard Dawson - Peasant	4.00 stars
3.50 stars	LINGUA IGNOTA - All Bitches Die	4.50 stars
3.50 stars	Kirin J Callinan - Bravado	3.50 stars
3.50 stars	Big Thief - Capacity	4.00 stars
3.50 stars	Algiers - The Underside of Power	4.00 stars
4.50 stars	Tyler, the Creator - Flower Boy	4.00 stars
4.00 stars	Iglooghost - Neō Wax Bloom	3.50 stars
4.00 stars	King Krule - The Ooz	3.50 stars
3.50 stars	John Maus - Screen Memories	3.00 stars
3.50 stars	Bibio - Phantom Brickworks	4.00 stars
3.50 stars	M.E.S.H. - Hesaitix	3.00 stars
3.50 stars	Angel Olsen - Phases	4.00 stars
4.00 stars	GFOTY - GFOTYBUCKS	3.00 stars
3.50 stars	Charli XCX - Pop 2	3.50 stars
3.00 stars	Shopping - The Official Body	3.50 stars
4.00 stars	JPEGMAFIA - Veteran	4.00 stars
3.50 stars	Car Seat Headrest - Twin Fantasy	4.50 stars
3.00 stars	Against All Logic - 2012 - 2017	4.00 stars
3.50 stars	Park Jiha - Communion	3.50 stars
3.50 stars	The Men - Drift	3.00 stars
3.50 stars	Haley Heynderickx - I Need to Start a Garden	4.00 stars
4.00 stars	The Garden - Mirror Might Steal Your Charm	3.50 stars
3.00 stars	Haru Nemuri - 春と修羅 (Haru to Shura)	3.50 stars
3.50 stars	Rival Consoles - Persona	4.00 stars
3.50 stars	Iceage - Beyondless	4.00 stars
4.00 stars	Tropical Fuck Storm - A Laughing Death in Meatspace	4.00 stars
3.50 stars	Playboi Carti - Die Lit	3.00 stars
4.00 stars	Beach House - 7	4.50 stars
3.00 stars	Mary Lattimore - Hundreds of Days	3.00 stars
4.50 stars	Parquet Courts - Wide Awaaaaake!	4.00 stars
3.50 stars	Oneohtrix Point Never - Age Of	3.00 stars
3.00 stars	Kids See Ghosts - Kids See Ghosts	4.00 stars
3.50 stars	Snail Mail - Lush	3.50 stars
3.50 stars	Death Grips - Year of the Snitch	4.00 stars
3.50 stars	Denzel Curry - TA13OO	4.00 stars
3.50 stars	Mid-Air Thief - 무너지기 (Crumbling)	4.50 stars
3.00 stars	George Clanton - Slide	4.00 stars
4.00 stars	Mitski - Be the Cowboy	3.50 stars
3.50 stars	Blood Orange - Negro Swan	3.00 stars
3.50 stars	IDLES - Joy as an Act of Resistance.	4.00 stars
3.50 stars	Yves Tumor - Safe in the Hands of Love	4.00 stars
3.00 stars	Amnesia Scanner - Another Life	3.50 stars
3.50 stars	Low - Double Negative	4.50 stars
3.00 stars	Lala Lala - The Lamb	3.00 stars
3.00 stars	Tim Hecker - Konoyo	4.00 stars
3.50 stars	Kero Kero Bonito - Time 'n' Place	4.00 stars
3.50 stars	Eli Keszler - Stadium	4.00 stars
3.50 stars	Cloud Nothings - Last Building Burning	4.00 stars
3.50 stars	Daughters - You Won't Get What You Want	4.50 stars
3.50 stars	Julia Holter - Aviary	4.50 stars
3.50 stars	Bill Ryder-Jones - Yawn	3.00 stars
3.50 stars	Felicia Atkinson / Jefre Cantu-Ledesma - Limpid as the Solitudes	4.50 stars
4.50 stars	Earl Sweatshirt - Some Rap Songs	3.50 stars
3.00 stars	Sharon Van Etten - Remind Me Tomorrow	3.50 stars
3.50 stars	Deerhunter - Why Hasn't Everything Already Disappeared?	3.00 stars
3.50 stars	Malibu Ken - Malibu Ken	4.00 stars
3.50 stars	Celer - Xièxie	4.50 stars
3.50 stars	Girlpool - What Chaos Is Imaginary	3.00 stars
3.50 stars	Xiu Xiu - Girl With Basket of Fruit	3.50 stars
3.50 stars	Jessica Pratt - Quiet Signs	4.00 stars
3.50 stars	Spellling - Mazy Fly	4.00 stars
4.00 stars	Little Simz - Grey Area	4.00 stars
4.00 stars	Stella Donnelly - Beware of the Dogs	3.50 stars
3.50 stars	Uranium Club - The Cosmo Cleaners	3.50 stars
4.00 stars	The Comet Is Coming - Trust in the Lifeforce of the Deep Mystery	4.00 stars
3.50 stars	Quelle Chris - Guns	3.50 stars
3.50 stars	Fennesz - Agora	4.00 stars
4.00 stars	Weyes Blood - Titanic Rising	4.00 stars
3.50 stars	Lizzo - Cuz I Love You	3.50 stars
3.50 stars	Kelsey Lu - Blood	4.00 stars
4.00 stars	Aldous Harding - Designer	4.00 stars
3.00 stars	Vampire Weekend - Father of the Bride	3.50 stars
3.50 stars	Big Thief - U.F.O.F.	4.00 stars
3.50 stars	Tim Hecker - Anoyo	4.00 stars
3.00 stars	Carly Rae Jepsen - Dedicated	3.50 stars
3.50 stars	Tyler, the Creator - Igor	3.50 stars
3.50 stars	Injury Reserve - Injury Reserve	4.00 stars
2.50 stars	Hatchie - Keepsake	2.50 stars
4.00 stars	Freddie Gibbs & Madlib - Bandana	3.50 stars
3.00 stars	LINGUA IGNOTA - Caligula	3.00 stars
4.00 stars	Tropical Fuck Storm - Braindrops	4.00 stars
4.00 stars	(Sandy) Alex G - House of Sugar	3.50 stars
2.50 stars	Kacey Musgraves - Golden Hour	2.50 stars
4.00 stars	My Bloody Valentine - Loveless	3.50 stars
3.00 stars	Neutral Milk Hotel - On Avery Island	4.00 stars
4.00 stars	Neutral Milk Hotel - In the Aeroplane Over the Sea	5.00 stars
3.50 stars	The New Pornographers - Twin Cinema	3.00 stars
4.00 stars	Joanna Newsom - Ys	4.00 stars
3.50 stars	Nivhek - After Its Own Death / Walking in a Spiral Towards the House	4.00 stars
3.00 stars	No Age - Snares Like a Haircut	4.00 stars
4.00 stars	of Montreal - Hissing Fauna, Are You the Destroyer?	4.50 stars
3.50 stars	The Olivia Tremor Control - Music From the Unrealized Film Script, Dusk at Cubist Castle	4.00 stars
3.50 stars	Angel Olsen - Half Way Home	4.00 stars
4.00 stars	Angel Olsen - Burn Your Fire for No Witness	4.00 stars
4.00 stars	Oneohtrix Point Never - Replica	3.50 stars
4.00 stars	Ought - Sun Coming Down	4.50 stars
3.50 stars	Ought - Room Inside the World	3.50 stars
3.00 stars	Oval - Systemisch	3.50 stars
3.50 stars	Oxbow - Thin Black Duke	4.00 stars
3.00 stars	The Pains of Being Pure at Heart - The Pains of Being Pure at Heart	3.50 stars
3.00 stars	Van Dyke Parks - Song Cycle	3.50 stars
3.50 stars	Jai Paul - Leak 04-13 (Bait Ones)	3.50 stars
3.50 stars	Pavement - Watery, Domestic	3.00 stars
4.00 stars	Pere Ubu - The Modern Dance	4.00 stars
3.50 stars	Linda Perhacs - Parallelograms	4.00 stars
4.00 stars	Ariel Pink - Pom Pom	3.50 stars
3.50 stars	Ariel Pink - Dedicated to Bobby Jameson	4.50 stars
4.00 stars	Pink Floyd - The Piper at the Gates of Dawn	4.00 stars
3.50 stars	Pink Floyd - The Dark Side of the Moon	4.50 stars
3.50 stars	Benoît Pioulard - Précis	4.00 stars
4.00 stars	Pissed Jeans - King of Jeans	4.00 stars
4.00 stars	Jessica Pratt - On Your Own Love Again	3.00 stars
4.00 stars	Protomartyr - Consolation E.P.	3.50 stars
3.00 stars	Public Enemy - It Takes a Nation of Millions to Hold Us Back	4.00 stars
4.00 stars	Radiohead - OK Computer	4.50 stars
4.00 stars	Radiohead - Kid A	5.00 stars
3.50 stars	The Raincoats - The Raincoats	4.00 stars
4.00 stars	Ramones - Ramones	4.50 stars
3.50 stars	Jay Reatard - Blood Visions	4.50 stars
3.50 stars	Steve Reich - Music for 18 Musicians	4.00 stars
3.50 stars	Terry Riley - In C	3.00 stars
3.00 stars	Terry Riley - A Rainbow in Curved Air	3.00 stars
3.50 stars	Matana Roberts - Coin Coin Chapter One: Gens de couleur libres	4.00 stars
3.50 stars	Rolling Blackouts C.F. - Hope Downs	3.50 stars
4.00 stars	Royal Headache - Royal Headache	3.50 stars
3.50 stars	Royal Headache - High	4.00 stars
3.50 stars	Shellac - 1000 Hurts	4.50 stars
3.00 stars	Skee Mask - Compro	4.00 stars
4.00 stars	The Smiths - The Queen Is Dead	4.50 stars
3.00 stars	Soccer Mommy - Clean	3.50 stars
3.50 stars	The Sonic Youth - Sister	4.00 stars
3.50 stars	Sonic Youth - Dirty	4.00 stars
3.50 stars	SOPHIE - Oil of Every Pearl's Un-Insides	4.50 stars
4.00 stars	The Sound - Jeopardy	3.00 stars
4.00 stars	Steely Dan - Aja	3.50 stars
3.50 stars	Stereolab - Mars Audiac Quintet	4.00 stars
4.00 stars	Sufjan Stevens - Carrie & Lowell	3.50 stars
3.50 stars	Andy Stott - Faith in Strangers	4.50 stars
3.50 stars	Suuns - Zeroes QC	3.00 stars
4.00 stars	Swell Maps - ...In "Jane From Occupied Europe"	4.00 stars
3.50 stars	Talking Heads - Remain in Light	4.50 stars
4.00 stars	Talk Talk - Spirit of Eden	4.00 stars
3.50 stars	Teenage Fanclub - Grand Prix	3.00 stars
4.00 stars	Thinking Fellers Union Local 282 - Strangers From the Universe	3.50 stars
4.00 stars	This Heat - This Heat	4.50 stars
3.00 stars	Throbbing Gristle - The Second Annual Report	3.00 stars
3.50 stars	Throbbing Gristle - 20 Jazz Funk Greats	4.00 stars
3.00 stars	Times New Viking - Present the Paisley Reich	3.50 stars
3.00 stars	tricot - T H E	4.00 stars
3.50 stars	TV on the Radio - Return to Cookie Mountain	3.50 stars
3.50 stars	Unknown Mortal Orchestra - II	2.50 stars
3.50 stars	Unknown Mortal Orchestra - Multi-Love	3.50 stars
3.00 stars	U.S. Girls - In a Poem Unlimited	4.00 stars
4.00 stars	U.S. Maple - Long Hair in Three Stages	4.00 stars
4.00 stars	Various Artists - No New York	4.50 stars
3.50 stars	Various Artists - Mono no aware	4.00 stars
4.00 stars	The Velvet Underground - White Light / White Heat	4.50 stars
3.50 stars	Tom Waits - Rain Dogs	4.50 stars
3.50 stars	Tom Waits - Bone Machine	4.00 stars
3.50 stars	White Lung - It's the Evil	2.50 stars
4.00 stars	Wipers - Is This Real?	3.50 stars
4.00 stars	Wipers - Youth of America	3.00 stars
4.00 stars	Yo La Tengo - I Am Not Afraid of You and I Will Beat Your Ass	3.50 stars
3.50 stars	Sheena Ringo - 勝訴ストリップ (Shōso Strip)	4.50 stars
rental and smmkolesnikov disagree: (54)
rental	Album	smmkolesnikov
3.00 stars	Boredoms - Super æ	4.50 stars
3.50 stars	David Bowie - "Heroes"	5.00 stars
3.00 stars	Tim Buckley - Goodbye and Hello	4.50 stars
2.50 stars	Matt Elliott - Drinking Songs	4.00 stars
3.00 stars	Grimes - Visions	4.50 stars
3.00 stars	Lolina - The Smoke	4.50 stars
2.50 stars	Magma - Mekanïk Destruktïw Kommandöh	4.00 stars
3.50 stars	The Microphones - The Glow Pt. 2	5.00 stars
3.00 stars	Joni Mitchell - Blue	5.00 stars
3.00 stars	Buddy Holly - Buddy Holly	4.50 stars
3.50 stars	Miles Davis - Kind of Blue	5.00 stars
3.00 stars	The Jimi Hendrix Experience - Are You Experienced	4.50 stars
3.50 stars	Leonard Cohen - Songs of Leonard Cohen	5.00 stars
2.50 stars	Led Zeppelin - Led Zeppelin	4.50 stars
3.50 stars	Miles Davis - In a Silent Way	5.00 stars
3.00 stars	Frank Zappa - Hot Rats	4.50 stars
3.00 stars	Amon Düül II - Yeti	5.00 stars
3.00 stars	Patti Smith - Horses	4.50 stars
3.50 stars	Kraftwerk - Trans Europa Express	5.00 stars
3.50 stars	Talking Heads - Fear of Music	5.00 stars
3.00 stars	The Replacements - Sorry Ma, Forgot to Take Out the Trash	4.50 stars
3.00 stars	Nuno Canavarro - Plux Quba	4.50 stars
3.50 stars	My Bloody Valentine - Isn't Anything	2.00 stars
3.50 stars	Portishead - Dummy	5.00 stars
3.00 stars	Slowdive - Pygmalion	4.50 stars
3.50 stars	Fugazi - Red Medicine	5.00 stars
3.00 stars	Beck - Odelay	4.50 stars
3.00 stars	Sleater-Kinney - Dig Me Out	4.50 stars
3.00 stars	Smog - Knock Knock	4.50 stars
3.00 stars	Sigur Rós - Ágætis byrjun	4.50 stars
3.50 stars	The Dismemberment Plan - Emergency & I	5.00 stars
3.00 stars	maudlin of the Well - Bath	4.50 stars
3.00 stars	Björk - Vespertine	5.00 stars
4.50 stars	Ariel Pink's Haunted Graffiti - The Doldrums	2.00 stars
2.50 stars	Bloc Party - Silent Alarm	4.00 stars
5.00 stars	J Dilla - Donuts	3.50 stars
3.50 stars	Stars of the Lid - And Their Refinement of the Decline	5.00 stars
2.50 stars	The Antlers - Hospice	4.00 stars
4.50 stars	Unknown Mortal Orchestra - Unknown Mortal Orchestra	3.00 stars
4.50 stars	John Maus - We Must Become the Pitiless Censors of Ourselves	3.00 stars
4.00 stars	Danny Brown - XXX	2.50 stars
3.50 stars	Tony Molina - Dissed and Dismissed	2.00 stars
4.50 stars	Beach House - Depression Cherry	3.00 stars
3.50 stars	Car Seat Headrest - Teens of Denial	5.00 stars
2.00 stars	Swans - The Glowing Man	4.50 stars
3.00 stars	Mount Eerie - A Crow Looked at Me	5.00 stars
5.00 stars	Amen Dunes - Freedom	3.50 stars
3.00 stars	Shygirl - Cruel Practice	4.50 stars
4.00 stars	Pusha T - DAYTONA	2.50 stars
2.50 stars	Otoboke Beaver - Itekoma Hits	4.00 stars
2.00 stars	Pink Floyd - Wish You Were Here	5.00 stars
3.00 stars	Catherine Ribeiro + Alpes - Paix	4.50 stars
2.50 stars	Sun Kil Moon - Benji	4.50 stars
3.00 stars	The Velvet Underground - Loaded	4.50 stars