rental	Album	SonicSkin
3.50 stars	Adolescents - Adolescents	4.00 stars
3.50 stars	Agent Orange - Living in Darkness	3.50 stars
4.00 stars	Animal Collective - Fall Be Kind	3.50 stars
4.00 stars	Antena - Camino del sol	4.00 stars
3.50 stars	Aphex Twin - Selected Ambient Works 85-92	4.50 stars
3.00 stars	The Band - The Band	3.50 stars
3.50 stars	Bark Psychosis - Hex	4.50 stars
4.00 stars	William Basinski - The Disintegration Loops	4.00 stars
3.50 stars	William Basinski - The Disintegration Loops II	3.00 stars
3.50 stars	William Basinski - The Disintegration Loops III	3.50 stars
3.50 stars	Bauhaus - In the Flat Field	4.50 stars
4.00 stars	The Beach Boys - Pet Sounds	5.00 stars
4.00 stars	Beat Happening - Jamboree	4.00 stars
4.00 stars	Beat Happening - You Turn Me On	4.50 stars
3.50 stars	The Beatles - Abbey Road	4.00 stars
4.00 stars	Belle & Sebastian - Dear Catastrophe Waitress	4.00 stars
3.50 stars	Chuck Berry - The Great Twenty-Eight	4.00 stars
3.50 stars	The Beths - Future Me Hates Me	4.00 stars
3.50 stars	Art Blakey and The Jazz Messengers - Art Blakey and The Jazz Messengers [Moanin']	3.00 stars
3.50 stars	Boards of Canada - Geogaddi	4.50 stars
3.50 stars	Boards of Canada - The Campfire Headphase	3.50 stars
4.00 stars	The Books - The Lemon of Pink	4.00 stars
3.00 stars	Boredoms - Super æ	3.50 stars
3.50 stars	Boris - flood	4.50 stars
3.00 stars	Botch - An Anthology of Dead Ends	4.00 stars
3.50 stars	David Bowie - Station to Station	4.50 stars
3.50 stars	David Bowie - "Heroes"	4.00 stars
3.00 stars	Brockhampton - Iridescence	3.50 stars
4.00 stars	David Thomas Broughton - The Complete Guide to Insufficiency	4.00 stars
3.00 stars	Tim Buckley - Goodbye and Hello	4.00 stars
4.00 stars	Tim Buckley - Starsailor	3.50 stars
4.00 stars	Burial - Street Halo	3.50 stars
3.50 stars	Kate Bush - Hounds of Love	4.50 stars
4.00 stars	Can - Soundtracks	3.50 stars
3.50 stars	The Caretaker - A Stairway to the Stars	3.00 stars
3.00 stars	The Cars - The Cars	4.00 stars
3.50 stars	Chuck Person - Chuck Person's Eccojams Vol. 1	4.00 stars
4.00 stars	Cloud Nothings - Attack on Memory	4.00 stars
3.50 stars	Cocteau Twins - Head Over Heels	3.50 stars
3.50 stars	Cocteau Twins - Heaven or Las Vegas	4.50 stars
4.00 stars	Coil - Horse Rotorvator	3.00 stars
3.50 stars	Coil - Musick to Play in the Dark	3.50 stars
4.00 stars	Lloyd Cole and The Commotions - Rattlesnakes	4.50 stars
4.00 stars	Comus - First Utterance	4.50 stars
3.00 stars	Converge - The Dusk in Us	3.50 stars
3.50 stars	Julian Cope - World Shut Your Mouth	3.50 stars
4.00 stars	Crass - Penis Envy	3.50 stars
3.00 stars	Dadawah - Peace and Love	3.50 stars
3.00 stars	The Damned - Damned Damned Damned	3.50 stars
3.50 stars	Miles Davis - Get Up With It	4.00 stars
3.50 stars	Dead Kennedys - Fresh Fruit for Rotting Vegetables	3.50 stars
3.50 stars	The Dead Texan - The Dead Texan	3.50 stars
3.50 stars	Death Grips - No Love Deep Web	3.00 stars
3.50 stars	Death Grips - Government Plates	3.00 stars
4.00 stars	Deerhunter - Fluorescent Grey	3.50 stars
4.00 stars	Deerhunter - Cryptograms	4.00 stars
4.00 stars	Lana Del Rey - Norman Fucking Rockwell!	4.00 stars
4.00 stars	Descendents - Milo Goes to College	3.50 stars
3.50 stars	Dinosaur Jr. - Beyond	4.00 stars
3.50 stars	Dirty Three - Ocean Songs	4.00 stars
3.50 stars	DJ Screw - Bigtyme Vol II: All Screwed Up	4.00 stars
3.50 stars	The Dodos - Visiter	3.00 stars
3.50 stars	The Doors - The Doors	4.00 stars
3.50 stars	Nick Drake - Five Leaves Left	4.00 stars
4.50 stars	The Drones - Wait Long by the River and the Bodies of Your Enemies Will Float By	4.00 stars
4.00 stars	The Durutti Column - LC	4.00 stars
4.00 stars	Earth - The Bees Made Honey in the Lion's Skull	3.00 stars
3.50 stars	Eldritch Anisette - Eldritch Anisette	4.50 stars
2.50 stars	Matt Elliott - Drinking Songs	3.50 stars
3.00 stars	Fad Gadget - Fireside Favourites	3.50 stars
3.50 stars	John Fahey - Volume 5: The Transfiguration of Blind Joe Death	2.50 stars
3.50 stars	John Fahey - Fare Forward Voyagers (Soldier's Choice)	4.00 stars
3.50 stars	The Fall - Live at the Witch Trials	3.50 stars
3.50 stars	The Fall - Slates	3.50 stars
4.00 stars	The Fall - Perverted by Language	4.00 stars
3.50 stars	The Fall - The Real New Fall LP: Formerly Country on the Click	3.00 stars
3.50 stars	FKA twigs - Magdalene	4.00 stars
4.00 stars	Fleet Foxes - Crack-Up	4.00 stars
3.50 stars	Flipper - Album: Generic Flipper	3.50 stars
2.50 stars	Foals - Total Life Forever	3.50 stars
3.00 stars	Ben Frost - By the Throat	2.50 stars
3.50 stars	Fuck Buttons - Tarot Sport	3.50 stars
3.50 stars	Fugazi - Repeater	4.50 stars
4.00 stars	Gang of Four - Entertainment!	4.00 stars
3.00 stars	The Get Up Kids - Something to Write Home About	4.00 stars
3.50 stars	Girls - Album	3.50 stars
4.00 stars	Philip Glass - Glassworks	3.50 stars
3.50 stars	The Go-Betweens - Spring Hill Fair	2.50 stars
4.50 stars	The Go-Betweens - Liberty Belle and the Black Diamond Express	4.00 stars
3.50 stars	Go-Betweens - Tallulah	4.00 stars
4.50 stars	The Go-Betweens - 16 Lovers Lane	4.50 stars
3.00 stars	Godspeed You Black Emperor! - Slow Riot for New Zerø Kanada E.P.	4.00 stars
4.00 stars	Glenn Gould - The Goldberg Variations	4.00 stars
3.00 stars	Grimes - Visions	3.00 stars
3.50 stars	Grouper - Dragging a Dead Deer Up a Hill	4.50 stars
4.00 stars	Guided by Voices - Alien Lanes	4.50 stars
3.00 stars	Françoise Hardy - Françoise Hardy [La question]	3.50 stars
4.00 stars	Harvey Milk - Courtesy and Good Will Toward Men	4.00 stars
3.00 stars	Anna von Hausswolff - Dead Magic	3.00 stars
3.00 stars	Have a Nice Life - The Unnatural World	2.50 stars
3.50 stars	Have a Nice Life - Sea of Worry	3.50 stars
4.00 stars	Tim Hecker - Harmony in Ultraviolet	4.00 stars
3.50 stars	Tim Hecker - Virgins	3.50 stars
4.50 stars	Hella - Hold Your Horse Is	3.50 stars
3.00 stars	Hoodoo Gurus - Stoneage Romeos	4.00 stars
4.00 stars	Hop Along - Bark Your Head Off, Dog	3.50 stars
3.50 stars	Jon Hopkins - Immunity	4.50 stars
3.50 stars	Rowland S. Howard - Teenage Snuff Film	4.00 stars
3.00 stars	The Human League - Reproduction	3.50 stars
4.00 stars	Hüsker Dü - New Day Rising	4.00 stars
4.00 stars	Index - The Index [aka "The Black Album"]	4.00 stars
3.00 stars	Jesu - Jesu	4.00 stars
3.00 stars	Antônio Carlos Jobim - Wave	4.00 stars
3.50 stars	Joy Division - Closer	4.50 stars
3.50 stars	King Crimson - Red	4.00 stars
4.00 stars	Kendrick Lamar - To Pimp a Butterfly	4.00 stars
4.00 stars	Kendrick Lamar - DAMN.	3.50 stars
3.50 stars	The Lounge Lizards - The Lounge Lizards	3.50 stars
4.00 stars	Love - Forever Changes	4.50 stars
3.50 stars	Low - Things We Lost in the Fire	3.00 stars
3.50 stars	Lowlife - Permanent Sleep	3.00 stars
3.50 stars	Lynyrd Skynyrd - (pronounced 'lĕh-'nérd 'skin-'nérd)	3.50 stars
2.50 stars	The Mars Volta - Amputechture	2.50 stars
4.00 stars	Curtis Mayfield - Curtis	4.00 stars
3.00 stars	Curtis Mayfield - Superfly	4.00 stars
3.50 stars	Menomena - Friend and Foe	3.50 stars
3.50 stars	Lizzy Mercier Descloux - Mambo Nassau	3.50 stars
4.00 stars	Mercury Rev - Yerself Is Steam	4.00 stars
4.00 stars	Metallica - Ride the Lightning	4.00 stars
4.00 stars	MGMT - Little Dark Age	4.00 stars
3.50 stars	The Microphones - The Glow Pt. 2	4.50 stars
3.00 stars	Charlie Mingus - Blues & Roots	3.50 stars
2.00 stars	Minus the Bear - Highly Refined Pirates	3.00 stars
3.50 stars	Minutemen - Buzz or Howl Under the Influence of Heat	4.00 stars
4.00 stars	The Misfits - Static Age	4.00 stars
4.00 stars	Mobb Deep - The Infamous	4.50 stars
4.00 stars	Modest Mouse - This Is a Long Drive for Someone With Nothing to Think About	4.00 stars
3.50 stars	Janelle Monáe - The ArchAndroid	3.00 stars
4.00 stars	Moondog - Moondog	3.50 stars
4.00 stars	Morphine - Cure for Pain	3.50 stars
3.00 stars	Morrissey - Viva Hate	4.00 stars
3.00 stars	Mr. Bungle - Mr. Bungle	2.50 stars
3.50 stars	The Crickets - The "Chirping" Crickets	3.00 stars
3.00 stars	Buddy Holly - Buddy Holly	3.50 stars
3.50 stars	Miles Davis - Kind of Blue	4.50 stars
3.50 stars	John Coltrane - My Favorite Things	4.50 stars
4.00 stars	Mingus - The Black Saint and the Sinner Lady	4.50 stars
3.00 stars	The Ronettes - Presenting The Fabulous Ronettes Featuring Veronica	4.00 stars
3.50 stars	Albert Ayler Trio - Spiritual Unity	2.50 stars
4.00 stars	John Coltrane - A Love Supreme	4.50 stars
3.50 stars	The Sonics - Here Are The Sonics!!!	4.00 stars
3.50 stars	Bob Dylan - Bringing It All Back Home	4.00 stars
3.50 stars	Bob Dylan - Highway 61 Revisited	4.00 stars
4.00 stars	Otis Redding - Otis Blue: Otis Redding Sings Soul	4.00 stars
3.50 stars	Nina Simone - Pastel Blues	4.00 stars
4.50 stars	Jackson C. Frank - Jackson C. Frank	3.50 stars
3.50 stars	Bob Dylan - Blonde on Blonde	4.00 stars
4.00 stars	The Beatles - Revolver	4.00 stars
3.00 stars	Love - Da Capo	3.50 stars
3.50 stars	Komeda Quintet - Astigmatic	3.00 stars
4.50 stars	The Velvet Underground & Nico - The Velvet Underground & Nico	4.50 stars
3.00 stars	The Jimi Hendrix Experience - Are You Experienced	4.00 stars
3.50 stars	The Beatles - Sgt. Pepper's Lonely Hearts Club Band	4.00 stars
3.00 stars	Captain Beefheart and His Magic Band - Safe as Milk	4.00 stars
3.50 stars	The Kinks - Something Else by The Kinks	4.00 stars
3.50 stars	Leonard Cohen - Songs of Leonard Cohen	4.50 stars
3.00 stars	The Peter Brötzmann Octet - Machine Gun	2.50 stars
3.50 stars	Dr. John, The Night Tripper - Gris-Gris	3.50 stars
4.00 stars	The Zombies - Odessey and Oracle	4.00 stars
3.50 stars	Os Mutantes - Os Mutantes	4.00 stars
3.50 stars	The Millennium - Begin	4.50 stars
3.50 stars	Big Brother & The Holding Company - Cheap Thrills	4.50 stars
3.50 stars	Pearls Before Swine - Balaklava	3.00 stars
4.00 stars	The Kinks - The Kinks Are the Village Green Preservation Society	4.00 stars
4.00 stars	The Beatles - The Beatles [White Album]	4.50 stars
3.50 stars	Van Morrison - Astral Weeks	4.50 stars
3.50 stars	Technical Space Composer's Crew - Canaxis 5	3.50 stars
4.00 stars	The Velvet Underground - The Velvet Underground	4.50 stars
3.50 stars	Tim Buckley - Happy Sad	4.00 stars
3.50 stars	Pharoah Sanders - Karma	4.00 stars
4.00 stars	Neil Young with Crazy Horse - Everybody Knows This Is Nowhere	4.00 stars
4.00 stars	Captain Beefheart & His Magic Band - Trout Mask Replica	4.00 stars
3.50 stars	Miles Davis - In a Silent Way	4.50 stars
4.00 stars	The Can - Monster Movie	4.00 stars
3.00 stars	The Stooges - The Stooges	4.00 stars
4.00 stars	Townes Van Zandt - Townes Van Zandt	3.50 stars
4.50 stars	Scott Engel - Scott 4	4.00 stars
3.00 stars	Frank Zappa - Hot Rats	3.50 stars
4.00 stars	King Crimson - In the Court of the Crimson King	4.00 stars
4.00 stars	The Kinks - Arthur or the Decline and Fall of the British Empire	4.50 stars
3.00 stars	Fairport Convention - Liege & Lief	4.00 stars
3.50 stars	Lee Hazlewood - Cowboy in Sweden	3.50 stars
4.00 stars	Mayo Thompson - Corky's Debt to His Father	3.50 stars
3.50 stars	Syd Barrett - The Madcap Laughs	4.00 stars
3.00 stars	Simon and Garfunkel - Bridge Over Troubled Water	4.00 stars
3.00 stars	Crosby, Stills, Nash & Young - Déjà vu	4.00 stars
3.50 stars	Miles Davis - Bitches Brew	4.00 stars
3.50 stars	Exuma - Exuma	4.50 stars
4.00 stars	Creedence Clearwater Revival - Cosmo's Factory	4.00 stars
3.50 stars	Tim Buckley - Lorca	3.00 stars
3.50 stars	The Stooges - Fun House	4.50 stars
4.00 stars	Black Sabbath - Paranoid	4.50 stars
3.00 stars	Amon Düül II - Yeti	4.00 stars
3.50 stars	Nick Drake - Bryter Layter	4.50 stars
3.50 stars	Captain Beefheart & The Magic Band - Lick My Decals Off, Baby	3.50 stars
3.50 stars	Faust - Faust	4.00 stars
3.50 stars	Chico Buarque - Construção	4.00 stars
4.00 stars	Serge Gainsbourg - Histoire de Melody Nelson	4.00 stars
3.00 stars	Black Sabbath - Master of Reality	4.00 stars
3.00 stars	The Who - Who's Next	4.00 stars
3.50 stars	T. Rex - Electric Warrior	4.00 stars
3.50 stars	Can - Tago Mago	4.50 stars
3.50 stars	David Bowie - Hunky Dory	4.00 stars
3.50 stars	Popol Vuh - Hosianna Mantra	4.50 stars
4.00 stars	Fela & The Africa 70 - Roforofo Fight	3.50 stars
4.00 stars	Nick Drake - Pink Moon	4.50 stars
4.00 stars	Milton Nascimento & Lô Borges - Clube da Esquina	4.50 stars
4.00 stars	David Bowie - The Rise and Fall of Ziggy Stardust and the Spiders From Mars	4.00 stars
3.00 stars	T. Rex - The Slider	4.00 stars
3.50 stars	Steely Dan - Can't Buy a Thrill	4.00 stars
4.50 stars	Can - Ege bamyası	4.00 stars
3.50 stars	Miles Davis - On the Corner	4.00 stars
4.00 stars	Novos Baianos - Acabou chorare	4.50 stars
3.50 stars	Lou Reed - Transformer	4.00 stars
4.00 stars	Iggy and The Stooges - Raw Power	4.00 stars
4.00 stars	Todd Rundgren - A Wizard, A True Star	3.00 stars
3.50 stars	David Bowie - Aladdin Sane	4.00 stars
3.50 stars	Steely Dan - Countdown to Ecstasy	4.00 stars
3.50 stars	Stevie Wonder - Innervisions	4.00 stars
3.50 stars	Can - Future Days	4.00 stars
3.50 stars	Eno - Here Come the Warm Jets	4.00 stars
3.00 stars	Steely Dan - Pretzel Logic	4.00 stars
3.00 stars	Camel - Mirage	4.00 stars
3.50 stars	Sparks - Kimono My House	3.50 stars
3.50 stars	Neil Young - On the Beach	4.00 stars
3.50 stars	Velvet Underground - 1969 Velvet Underground Live With Lou Reed	4.00 stars
3.50 stars	Eno - Taking Tiger Mountain (By Strategy)	4.00 stars
4.00 stars	Sparks - Propaganda	3.00 stars
3.00 stars	NEU! - NEU! '75	3.00 stars
3.50 stars	Bob Dylan - Blood on the Tracks	4.50 stars
3.00 stars	Harmonium - Les cinq saisons	4.00 stars
3.00 stars	Henry Cow - In Praise of Learning	3.50 stars
4.00 stars	Eno - Another Green World	4.50 stars
3.00 stars	Patti Smith - Horses	4.00 stars
3.50 stars	Tom Zé - Estudando o samba	4.00 stars
3.50 stars	Thin Lizzy - Jailbreak	4.00 stars
3.50 stars	The Modern Lovers - The Modern Lovers	4.00 stars
3.50 stars	Stevie Wonder - Songs in the Key of Life	3.50 stars
3.50 stars	Chrome - Alien Soundtracks	3.00 stars
3.50 stars	The Congos - Heart of The Congos	3.00 stars
3.50 stars	Fela Anikulapo Kuti and Afrika 70 - Zombie	4.00 stars
4.00 stars	David Bowie - Low	4.50 stars
3.00 stars	Fleetwood Mac - Rumours	4.00 stars
4.00 stars	Television - Marquee Moon	4.50 stars
3.50 stars	Kraftwerk - Trans Europa Express	4.00 stars
3.50 stars	Iggy Pop - The Idiot	3.00 stars
3.50 stars	The Stranglers - Stranglers IV (Rattus Norvegicus)	4.00 stars
3.50 stars	The Clash - The Clash	4.50 stars
4.00 stars	Talking Heads - Talking Heads: 77	4.00 stars
4.00 stars	Ramones - Rocket to Russia	4.00 stars
4.00 stars	Suicide - Suicide	4.50 stars
4.50 stars	Wire - Pink Flag	4.50 stars
4.50 stars	Robbie Basho - Visions of the Country	4.00 stars
3.50 stars	Brian Eno - Ambient 1: Music for Airports	3.50 stars
3.00 stars	Elvis Costello - This Year's Model	4.00 stars
3.50 stars	Kraftwerk - Die Mensch-Maschine	3.50 stars
3.00 stars	Magazine - Real Life	4.00 stars
4.00 stars	Talking Heads - More Songs About Buildings and Food	4.50 stars
3.50 stars	Wire - Chairs Missing	4.50 stars
4.00 stars	Devo - Q: Are We Not Men? A: We Are Devo!	4.00 stars
3.00 stars	Blondie - Parallel Lines	4.00 stars
3.50 stars	Pere Ubu - Dub Housing	4.00 stars
4.00 stars	Public Image Ltd - Public Image	3.50 stars
3.50 stars	Lizzy Mercier Descloux - Press Color	4.00 stars
4.00 stars	Black Flag - Nervous Breakdown	3.00 stars
4.00 stars	Chrome - Half Machine Lip Moves	3.50 stars
3.50 stars	Stiff Little Fingers - Inflammable Material	4.00 stars
3.50 stars	Contortions - Buy	3.50 stars
4.00 stars	The Pop Group - Y	4.00 stars
3.50 stars	The Undertones - The Undertones	3.50 stars
4.00 stars	Devo - Duty Now for the Future	3.50 stars
4.00 stars	Joy Division - Unknown Pleasures	4.50 stars
3.50 stars	Crass - Stations of the Crass	3.00 stars
3.50 stars	Talking Heads - Fear of Music	4.00 stars
4.50 stars	The Slits - Cut	3.50 stars
4.50 stars	Buzzcocks - Singles Going Steady	4.50 stars
4.00 stars	Wire - 154	4.00 stars
3.50 stars	Yellow Magic Orchestra - Solid State Survivor	4.00 stars
3.50 stars	The Damned - Machine Gun Etiquette	3.50 stars
4.00 stars	PiL - Metal Box	3.00 stars
3.50 stars	Germs - (GI)	3.50 stars
3.50 stars	Suicide - Alan Vega · Martin Rev	3.50 stars
3.50 stars	Fehlfarben - Monarchie und Alltag	3.50 stars
3.50 stars	The Durutti Column - The Return of The Durutti Column	3.50 stars
3.50 stars	Young Marble Giants - Colossal Youth	4.50 stars
3.50 stars	The Feelies - Crazy Rhythms	4.00 stars
3.50 stars	The Pop Group - For How Much Longer Do We Tolerate Mass Murder?	3.00 stars
3.50 stars	The Cramps - Songs the Lord Taught Us	4.00 stars
4.00 stars	X - Los Angeles	4.00 stars
4.00 stars	The Soft Boys - Underwater Moonlight	4.50 stars
3.00 stars	Dexys Midnight Runners - Searching for the Young Soul Rebels	4.00 stars
3.00 stars	Circle Jerks - Group Sex	3.50 stars
3.00 stars	Prince - Dirty Mind	4.00 stars
4.00 stars	The Fall - Grotesque (After the Gramme)	4.00 stars
3.50 stars	The Jam - Sound Affects	4.00 stars
3.50 stars	Maanam - Maanam	3.50 stars
3.50 stars	Yōran - Montparnasse	4.50 stars
4.00 stars	Television Personalities - ...And Don't the Kids Just Love It	4.00 stars
3.50 stars	Gang of Four - Solid Gold	3.00 stars
3.50 stars	The Cure - Faith	4.50 stars
3.50 stars	X - Wild Gift	3.50 stars
3.00 stars	Kraftwerk - Computerwelt	4.00 stars
3.50 stars	Au Pairs - Playing With a Different Sex	4.00 stars
4.00 stars	The Psychedelic Furs - Talk Talk Talk	4.00 stars
4.00 stars	Mission of Burma - Signals, Calls, and Marches	4.00 stars
3.00 stars	The Replacements - Sorry Ma, Forgot to Take Out the Trash	3.00 stars
4.00 stars	The Gun Club - Fire of Love	4.00 stars
4.00 stars	This Heat - Deceit	4.50 stars
3.50 stars	Einstürzende Neubauten - Kollaps	3.00 stars
4.00 stars	Glenn Branca - The Ascension	4.00 stars
3.50 stars	Soft Cell - Non-Stop Erotic Cabaret	4.00 stars
3.50 stars	Zero Boys - Vicious Circle	3.50 stars
3.50 stars	Solid Space - Space Museum	4.50 stars
3.50 stars	Felt - Crumbling the Antiseptic Beauty	3.00 stars
3.50 stars	Misfits - Walk Among Us	4.00 stars
4.50 stars	The Fall - Hex Enduction Hour	4.50 stars
4.00 stars	Discharge - Hear Nothing See Nothing Say Nothing	3.00 stars
4.00 stars	The Cure - Pornography	4.00 stars
3.50 stars	Savage Republic - Tragic Figures	2.50 stars
3.50 stars	The Faith / Void - The Faith / Void	4.00 stars
4.00 stars	Wall of Voodoo - Call of the West	3.50 stars
4.00 stars	The Gun Club - Miami	3.00 stars
5.00 stars	Mission of Burma - Vs.	4.50 stars
3.50 stars	The Dream Syndicate - The Days of Wine and Roses	4.00 stars
3.50 stars	Dead Kennedys - Plastic Surgery Disasters	3.00 stars
3.00 stars	Michael Jackson - Thriller	4.00 stars
3.00 stars	Cleaners From Venus - Midnight Cleaners	2.50 stars
3.50 stars	Minutemen - What Makes a Man Start Fires?	3.00 stars
3.50 stars	Subhumans - The Day the Country Died	3.50 stars
3.50 stars	Djeli Moussa Diawara - Yasimika	4.00 stars
4.00 stars	Dolly Mixture - Demonstration Tapes	4.00 stars
5.00 stars	Wipers - Over the Edge	4.00 stars
3.50 stars	The Go-Betweens - Before Hollywood	3.00 stars
3.50 stars	Sonic-Youth - Confusion Is Sex	3.00 stars
3.50 stars	Violent Femmes - Violent Femmes	4.00 stars
3.50 stars	R.E.M. - Murmur	4.00 stars
3.00 stars	New Order - Power, Corruption & Lies	4.00 stars
3.50 stars	The The - Soul Mining	4.50 stars
3.50 stars	Manuel Göttsching - E2-E4	4.50 stars
4.00 stars	The Smiths - The Smiths	4.50 stars
3.50 stars	Black Flag - My War	3.00 stars
4.50 stars	Meat Puppets - Meat Puppets II	4.00 stars
3.50 stars	Echo & The Bunnymen - Ocean Rain	4.00 stars
3.50 stars	Prince and The Revolution - Purple Rain	4.00 stars
4.00 stars	Hüsker Dü - Zen Arcade	4.00 stars
3.00 stars	Robyn Hitchcock - I Often Dream of Trains	2.50 stars
4.50 stars	Staatsorchester Stuttgart / Lithuanian Chamber Orchestra / The 12 Cellists of the Berlin Philharmonic Orchestra / Dennis Russell Davies / Saulius Sondeckis / Gidon Kremer / Keith Jarrett / Tatjana Grindenko / Alfred Schnittke - Tabula rasa	3.50 stars
4.50 stars	The Replacements - Let It Be	4.50 stars
3.00 stars	Pale Cocoon - 繭 (Mayu)	4.00 stars
4.00 stars	Minutemen - Double Nickels on the Dime	4.50 stars
3.50 stars	Felt - The Strange Idols Pattern and Other Short Stories	4.00 stars
3.50 stars	Cocteau Twins - Treasure	4.00 stars
3.00 stars	Camper Van Beethoven - Telephone Free Landslide Victory	4.00 stars
3.00 stars	Tears for Fears - Songs From the Big Chair	4.00 stars
3.50 stars	The Smiths - Meat Is Murder	4.00 stars
3.50 stars	Killing Joke - Night Time	3.50 stars
3.50 stars	Sonic-Youth - Bad Moon Rising	4.00 stars
4.00 stars	Meat Puppets - Up on the Sun	4.00 stars
4.00 stars	Mekons - Fear and Whiskey	3.50 stars
4.00 stars	Prefab Sprout - Steve McQueen	4.50 stars
3.50 stars	Hüsker Dü - Flip Your Wig	3.00 stars
4.00 stars	The Fall - This Nation's Saving Grace	4.00 stars
4.00 stars	CCCP Fedeli alla Linea - Affinità-divergenze fra il compagno Togliatti e noi: Del conseguimento della maggiore età	4.00 stars
3.00 stars	Talk Talk - The Colour of Spring	4.00 stars
3.50 stars	Metallica - Master of Puppets	3.50 stars
3.50 stars	Sonic Youth - EVOL	4.00 stars
3.50 stars	Felt - Forever Breathes the Lonely Word	4.50 stars
4.50 stars	The Chameleons - Strange Times	4.50 stars
3.50 stars	The Fall - Bend Sinister	3.50 stars
3.50 stars	Slayer - Reign in Blood	4.00 stars
3.00 stars	Loop - Heaven's End	3.50 stars
3.50 stars	Hüsker Dü - Warehouse: Songs and Stories	4.00 stars
3.00 stars	Prince - Sign "☮" the Times	4.00 stars
4.50 stars	Dinosaur - You're Living All Over Me	4.50 stars
3.50 stars	Big Black - Songs About Fucking	3.50 stars
4.50 stars	The Bats - Daddy's Highway	4.50 stars
3.50 stars	Game Theory - Lolita Nation	4.50 stars
3.00 stars	Nuno Canavarro - Plux Quba	2.50 stars
3.50 stars	The Feelies - Only Life	3.50 stars
3.50 stars	Red Temple Spirits - Dancing to Restore an Eclipsed Moon	3.50 stars
4.00 stars	Galaxie 500 - Today	4.50 stars
4.00 stars	Pixies - Surfer Rosa	4.00 stars
4.00 stars	Joy Division - Substance 1977-1980	4.00 stars
3.50 stars	Cocteau Twins - Blue Bell Knoll	4.00 stars
4.00 stars	Sonic Youth - Daydream Nation	4.50 stars
3.50 stars	Dinosaur Jr - Bug	4.00 stars
3.50 stars	My Bloody Valentine - Isn't Anything	4.00 stars
3.50 stars	Beat Happening - Black Candy	4.00 stars
4.00 stars	Fushitsusha - 1st	3.50 stars
4.50 stars	Minor Threat - Complete Discography	4.00 stars
4.50 stars	Pixies - Doolittle	4.00 stars
3.50 stars	The Cure - Disintegration	4.50 stars
3.50 stars	Beastie Boys - Paul's Boutique	4.00 stars
3.50 stars	The Wedding Present - Bizarro	3.00 stars
4.00 stars	Galaxie 500 - On Fire	4.00 stars
4.00 stars	NoMeansNo - Wrong	3.50 stars
3.50 stars	Bad Religion - No Control	3.00 stars
3.50 stars	Godflesh - Streetcleaner	4.00 stars
3.00 stars	The Chills - Submarine Bells	3.00 stars
3.50 stars	Sonic Youth - Goo	4.00 stars
4.00 stars	Prefab Sprout - Jordan: The Comeback	4.00 stars
3.50 stars	Ride - Nowhere	4.00 stars
3.00 stars	Ecstasy of St. Theresa - Pigment	4.00 stars
3.50 stars	Drive Like Jehu - Drive Like Jehu	3.50 stars
4.00 stars	The Jesus Lizard - Goat	3.50 stars
4.50 stars	Slint - Spiderland	4.50 stars
4.00 stars	Les Rallizes dénudés - '77 Live	4.50 stars
3.00 stars	Slowdive - Just for a Day	4.00 stars
3.50 stars	Nirvana - Nevermind	4.00 stars
3.50 stars	A Tribe Called Quest - The Low End Theory	4.50 stars
4.00 stars	Talk Talk - Laughing Stock	4.00 stars
4.00 stars	Guided by Voices - Propeller	3.50 stars
5.00 stars	Pavement - Slanted and Enchanted	4.50 stars
3.00 stars	The Nation of Ulysses - Plays Pretty for Baby	3.00 stars
4.00 stars	The Jesus Lizard - Liar	3.50 stars
3.00 stars	Rage Against the Machine - Rage Against the Machine	4.00 stars
3.00 stars	The Pharcyde - Bizarre Ride II the Pharcyde	4.00 stars
4.50 stars	Moss Icon - Lyburnum Wits End Liberation Fly	4.00 stars
3.50 stars	Swirlies - Blonder Tongue Audio Baton	4.00 stars
3.50 stars	Slowdive - Souvlaki	4.50 stars
3.00 stars	Fugazi - In on the Kill Taker	4.00 stars
4.00 stars	Unwound - Fake Train	3.50 stars
3.00 stars	Smashing Pumpkins - Siamese Dream	4.00 stars
4.50 stars	Yo La Tengo - Painful	4.50 stars
3.00 stars	Tindersticks - Tindersticks	4.00 stars
3.50 stars	Wu-Tang Clan - Enter the Wu-Tang (36 Chambers)	4.50 stars
3.00 stars	Autechre - Incunabula	3.50 stars
3.00 stars	Seefeel - Quique	3.50 stars
4.50 stars	Pavement - Crooked Rain, Crooked Rain	4.00 stars
3.50 stars	Low - I Could Live in Hope	4.50 stars
4.00 stars	Disco Inferno - D. I. Go Pop	4.00 stars
3.50 stars	Aphex Twin - Selected Ambient Works Volume II	4.00 stars
3.50 stars	Unwound - New Plastic Ideas	4.00 stars
3.50 stars	Bedhead - WhatFunLifeWas	4.00 stars
3.50 stars	Nas - Illmatic	4.00 stars
3.50 stars	Nick Cave and The Bad Seeds - Let Love In	4.50 stars
3.00 stars	Sunny Day Real Estate - Diary	4.00 stars
3.50 stars	Weezer - Weezer [Blue Album]	4.00 stars
3.00 stars	Drive Like Jehu - Yank Crime	3.00 stars
3.00 stars	Lush - Split	2.50 stars
3.00 stars	Kyuss - Kyuss [Welcome to Sky Valley]	4.00 stars
4.50 stars	Guided by Voices - Bee Thousand	4.50 stars
3.50 stars	Portishead - Dummy	4.50 stars
4.00 stars	Sebadoh - Bakesale	4.00 stars
3.50 stars	Shellac - At Action Park	3.50 stars
3.50 stars	Autechre - Amber	2.50 stars
4.00 stars	Oval - 94 Diskont	3.00 stars
3.00 stars	Slowdive - Pygmalion	4.00 stars
3.50 stars	Death - Symbolic	4.00 stars
4.00 stars	Tindersticks - Tindersticks [II]	3.50 stars
3.50 stars	Pavement - Wowee Zowee	4.00 stars
3.50 stars	Flying Saucer Attack - Further	3.50 stars
4.00 stars	Unwound - The Future of What	4.00 stars
3.50 stars	Fugazi - Red Medicine	4.00 stars
3.50 stars	Don Caballero - Don Caballero 2	2.50 stars
3.50 stars	Sonic Youth - Washing Machine	4.00 stars
3.50 stars	Mr. Bungle - Disco Volante	3.50 stars
3.00 stars	The Magnetic Fields - Get Lost	3.00 stars
3.50 stars	Autechre - Tri repetae	3.00 stars
3.50 stars	Ground-Zero - 革命京劇 Revolutionary Pekinese Opera Ver.1.28 (Kakumeikyōgeki)	3.50 stars
3.50 stars	Mainliner - Mellow Out	4.00 stars
3.50 stars	Swirlies - They Spent Their Wild Youthful Days in the Glittering World of the Salons	3.50 stars
4.00 stars	Tortoise - Millions Now Living Will Never Die	4.50 stars
3.00 stars	Burzum - Filosofem	3.50 stars
3.50 stars	Sixteen Horsepower - Sackcloth 'n' Ashes	3.00 stars
3.00 stars	The Auteurs - After Murder Park	3.50 stars
3.50 stars	Stereolab - Emperor Tomato Ketchup	4.00 stars
3.00 stars	Neutral Milk Hotel - On Avery Island	3.00 stars
3.50 stars	Guided by Voices - Under the Bushes Under the Stars	3.50 stars
3.50 stars	Unwound - Repetition	3.50 stars
3.50 stars	Belle and Sebastian - Tigermilk	4.00 stars
2.50 stars	Black Tape for a Blue Girl - Remnants of a Deeper Purity	3.50 stars
3.00 stars	Beck - Odelay	4.00 stars
3.50 stars	Eels - Beautiful Freak	3.50 stars
4.00 stars	Weezer - Pinkerton	4.50 stars
3.50 stars	Swans - Soundtracks for the Blind	4.50 stars
3.00 stars	Fishmans - Long Season	4.00 stars
4.00 stars	Aphex Twin - Richard D. James Album	4.00 stars
3.00 stars	Labradford - Labradford	2.50 stars
4.00 stars	Belle and Sebastian - If You're Feeling Sinister	4.50 stars
3.50 stars	DJ Shadow - Endtroducing.....	4.50 stars
3.50 stars	Built to Spill - Perfect From Now On	4.50 stars
3.50 stars	Pavement - Brighten the Corners	4.00 stars
3.00 stars	Elliott Smith - Either / Or	4.00 stars
3.00 stars	Sleater-Kinney - Dig Me Out	4.00 stars
4.00 stars	Yo La Tengo - I Can Hear the Heart Beating as One	4.00 stars
3.50 stars	lowercase - Kill the Lights	4.00 stars
4.00 stars	Godspeed You Black Emperor! - F♯A♯∞	4.50 stars
3.00 stars	Björk - Homogenic	4.00 stars
3.50 stars	Modest Mouse - The Lonesome Crowded West	4.00 stars
3.50 stars	Unwound - Challenge for a Civilized Society	3.00 stars
3.50 stars	Duster - Stratosphere	4.50 stars
4.00 stars	Tortoise - TNT	3.50 stars
4.00 stars	Boards of Canada - Music Has the Right to Children	4.00 stars
4.00 stars	Don Caballero - What Burns Never Returns	3.50 stars
3.00 stars	Gorguts - Obscura	4.00 stars
3.00 stars	Mercury Rev - Deserter's Songs	4.00 stars
3.50 stars	GAS - Königsforst	3.00 stars
3.00 stars	Smog - Knock Knock	2.00 stars
3.00 stars	Built to Spill - Keep It Like a Secret	4.00 stars
4.00 stars	Triple Six Mafia - Underground Vol. 1: 1991-1994	4.50 stars
3.50 stars	Blur - 13	4.00 stars
3.50 stars	lowercase - The Going Away Present	3.50 stars
4.00 stars	Black Tambourine - Complete Recordings	4.00 stars
3.00 stars	The Black Heart Procession - 2	3.50 stars
3.50 stars	Pavement - Terror Twilight	2.50 stars
3.50 stars	The Flaming Lips - The Soft Bulletin	4.00 stars
4.00 stars	Mr. Bungle - California	3.50 stars
4.00 stars	The Magnetic Fields - 69 Love Songs	4.50 stars
3.50 stars	The Dismemberment Plan - Emergency & I	4.00 stars
3.50 stars	Modest Mouse - Building Nothing Out of Something	4.00 stars
4.00 stars	Yo La Tengo - And Then Nothing Turned Itself Inside-Out	4.00 stars
3.00 stars	Dirty Three - Whatever You Love, You Are	3.50 stars
3.00 stars	Luomo - Vocalcity	3.00 stars
3.00 stars	Eminem - The Marshall Mathers LP	4.00 stars
3.50 stars	Queens of the Stone Age - Rated R	3.50 stars
4.00 stars	Modest Mouse - The Moon & Antarctica	4.00 stars
3.50 stars	Avey Tare and Panda Bear - Spirit They're Gone Spirit They've Vanished	3.50 stars
3.50 stars	Godspeed You Black Emperor! - Lift Yr. Skinny Fists Like Antennas to Heaven!	4.50 stars
3.50 stars	Electric Wizard - Dopethrone	4.50 stars
3.50 stars	The Clientele - Suburban Light	4.00 stars
5.00 stars	Life Without Buildings - Any Other City	4.50 stars
3.50 stars	múm - Yesterday Was Dramatic - Today Is OK	3.50 stars
4.00 stars	Unwound - Leaves Turn Inside You	4.00 stars
3.00 stars	Cannibal Ox - The Cold Vein	3.50 stars
3.00 stars	pageninetynine - Document #8	4.00 stars
3.50 stars	Ted Leo / Pharmacists - The Tyranny of Distance	3.50 stars
4.00 stars	The Shins - Oh, Inverted World	4.00 stars
3.50 stars	Pig Destroyer - Prowler in the Yard	3.50 stars
3.00 stars	Björk - Vespertine	4.00 stars
3.00 stars	Sparklehorse - It's a Wonderful Life	4.00 stars
4.00 stars	Converge - Jane Doe	4.00 stars
3.00 stars	Aesop Rock - Labor Days	4.00 stars
3.50 stars	Fugazi - The Argument	4.00 stars
3.50 stars	Liars - They Threw Us All in a Trench and Stuck a Monument on Top	3.00 stars
3.50 stars	Hood - Cold House	3.50 stars
3.00 stars	Tim Hecker - Haunt Me, Haunt Me Do It Again	3.00 stars
4.00 stars	Indian Summer - Science 1994	4.00 stars
3.50 stars	...And You Will Know Us by the Trail of Dead - Source Tags & Codes	4.50 stars
4.50 stars	Wilco - Yankee Hotel Foxtrot	4.50 stars
4.00 stars	The Books - Thought for Food	4.00 stars
3.00 stars	Sonic Youth - Murray Street	4.00 stars
3.50 stars	Interpol - Turn On the Bright Lights	4.00 stars
3.50 stars	Queens of the Stone Age - Songs for the Deaf	4.00 stars
4.00 stars	Broken Social Scene - You Forgot It in People	4.50 stars
3.00 stars	Bohren & der Club of Gore - Black Earth	3.50 stars
3.00 stars	Sigur Rós - ( )	4.00 stars
3.50 stars	The Mountain Goats - Tallahassee	3.00 stars
3.50 stars	The Microphones - Mount Eerie	4.00 stars
4.50 stars	Xiu Xiu - A Promise	3.50 stars
3.50 stars	Lightning Bolt - Wonderful Rainbow	3.50 stars
3.00 stars	Cursive - The Ugly Organ	4.00 stars
4.00 stars	Magnolia Electric Co. - The Magnolia Electric Co.	4.00 stars
3.50 stars	M. Ward - Transfiguration of Vincent	4.00 stars
3.00 stars	Manitoba - Up in Flames	3.50 stars
3.00 stars	Sleep - Dopesmoker	3.50 stars
3.50 stars	Yeah Yeah Yeahs - Fever to Tell	4.00 stars
3.50 stars	Four Tet - Rounds	4.50 stars
3.50 stars	British Sea Power - The Decline of British Sea Power	4.00 stars
3.00 stars	Boris - あくまのうた (Akuma no Uta)	4.00 stars
3.50 stars	Mew - Frengers	4.00 stars
3.00 stars	Sweet Trip - Velocity : Design : Comfort	4.00 stars
3.50 stars	Broadcast - Haha Sound	3.50 stars
4.00 stars	Boris - Boris at Last -Feedbacker-	4.00 stars
3.00 stars	Max Richter - The Blue Notebooks	3.50 stars
4.50 stars	Madvillain - Madvillainy	4.50 stars
4.00 stars	of Montreal - Satanic Panic in the Attic	3.50 stars
3.50 stars	Animal Collective - Sung Tongs	3.00 stars
3.50 stars	Junior Boys - Last Exit	4.00 stars
3.50 stars	Mastodon - Leviathan	3.50 stars
3.50 stars	John Frusciante - Curtains	3.00 stars
2.50 stars	Bloc Party - Silent Alarm	3.50 stars
3.00 stars	Mount Eerie - No Flashlight: Songs of the Fulfilled Night	3.00 stars
4.00 stars	Sufjan Stevens - Illinois	4.50 stars
4.00 stars	The Psychic Paramount - Gamelan Into the Mink Supernatural	3.50 stars
4.00 stars	WHY? - Elephant Eyelash	3.50 stars
3.50 stars	Mew - And the Glass Handed Kites	4.00 stars
4.00 stars	Earth - Hex; or Printing in the Infernal Method	3.00 stars
3.50 stars	Lightning Bolt - Hypermagic Mountain	3.00 stars
4.00 stars	Animal Collective - Feels	4.00 stars
4.00 stars	Boris - Pink	3.00 stars
4.50 stars	Coil - The Ape of Naples	4.00 stars
3.50 stars	Sibylle Baier - Colour Green	3.00 stars
5.00 stars	J Dilla - Donuts	4.50 stars
3.50 stars	Belong - October Language	3.50 stars
4.00 stars	The Goslings - Grandeur of Hair	3.50 stars
3.00 stars	Grizzly Bear - Yellow House	4.00 stars
3.00 stars	Ben Frost - Theory of Machines	3.50 stars
3.50 stars	Panda Bear - Person Pitch	4.50 stars
3.50 stars	Stars of the Lid - And Their Refinement of the Decline	4.00 stars
4.00 stars	Blonde Redhead - 23	3.00 stars
3.50 stars	Battles - Mirrored	3.50 stars
3.00 stars	The Angelic Process - Weighing Souls With Sand	4.00 stars
4.00 stars	The National - Boxer	4.50 stars
3.00 stars	Spoon - Ga Ga Ga Ga Ga	4.00 stars
4.00 stars	Andrew Jackson Jihad - People Who Can Eat People Are the Luckiest People in the World	4.00 stars
3.50 stars	Jens Lekman - Night Falls Over Kortedala	4.00 stars
4.00 stars	Animal Collective - Strawberry Jam	4.00 stars
4.00 stars	Radiohead - In Rainbows	4.00 stars
4.00 stars	Burial - Untrue	4.00 stars
4.00 stars	MGMT - Oracular Spectacular	4.00 stars
4.00 stars	Have a Nice Life - Deathconsciousness	4.50 stars
3.50 stars	Beach House - Devotion	4.00 stars
4.00 stars	Portishead - Third	4.00 stars
3.50 stars	The Caretaker - Persistent Repetition of Phrases	3.50 stars
4.00 stars	Fleet Foxes - Fleet Foxes	4.00 stars
3.00 stars	DJ Sprinkles - Midtown 120 Blues	4.00 stars
3.50 stars	Mount Eerie with Julie Doiron & Fred Squire - Lost Wisdom	3.00 stars
4.50 stars	Deerhunter - Microcastle / Weird Era Continued	4.50 stars
5.00 stars	Animal Collective - Merriweather Post Pavilion	4.00 stars
3.00 stars	Fever Ray - Fever Ray	3.00 stars
3.50 stars	Japandroids - Post-Nothing	4.00 stars
3.50 stars	The Horrors - Primary Colours	2.50 stars
3.50 stars	A Place to Bury Strangers - Exploding Head	4.00 stars
4.00 stars	The Flaming Lips - Embryonic	3.00 stars
3.00 stars	Converge - Axe to Fall	3.50 stars
3.00 stars	Vampire Weekend - Contra	3.00 stars
3.00 stars	Four Tet - There Is Love in You	3.50 stars
4.50 stars	Beach House - Teen Dream	4.50 stars
3.00 stars	Daughters - Daughters	3.00 stars
3.00 stars	Titus Andronicus - The Monitor	4.00 stars
4.50 stars	MGMT - Congratulations	3.50 stars
3.50 stars	Flying Lotus - Cosmogramma	4.00 stars
4.00 stars	Ariel Pink's Haunted Graffiti - Before Today	3.50 stars
3.00 stars	Nails - Unsilent Death	3.50 stars
4.50 stars	Deerhunter - Halcyon Digest	4.00 stars
3.50 stars	Kanye West - My Beautiful Dark Twisted Fantasy	4.50 stars
3.00 stars	Shinsei Kamattechan - つまんね (Tsumanne)	4.00 stars
4.00 stars	Iceage - New Brigade	3.00 stars
3.50 stars	Destroyer - Kaputt	3.50 stars
3.00 stars	The Psychic Paramount - II	3.00 stars
4.00 stars	Colin Stetson - New History Warfare Vol. 2: Judges	3.00 stars
4.00 stars	Grouper - A I A: Alien Observer	4.50 stars
4.00 stars	Death Grips - Exmilitary	4.00 stars
3.00 stars	Giles Corey - Giles Corey	4.00 stars
3.50 stars	Fleet Foxes - Helplessness Blues	4.00 stars
4.00 stars	The Caretaker - An Empty Bliss Beyond This World	4.00 stars
4.00 stars	John Maus - We Must Become the Pitiless Censors of Ourselves	3.00 stars
3.00 stars	Shabazz Palaces - Black Up	4.00 stars
4.00 stars	Kendrick Lamar - Section.80	4.00 stars
4.00 stars	Danny Brown - XXX	3.00 stars
3.50 stars	Real Estate - Days	4.00 stars
4.00 stars	Car Seat Headrest - Twin Fantasy	4.00 stars
4.00 stars	Lil Ugly Mane - Mista Thug Isolation	4.00 stars
3.50 stars	Burial - Kindred EP	4.00 stars
3.50 stars	Death Grips - The Money Store	4.50 stars
4.00 stars	Beach House - Bloom	4.00 stars
3.00 stars	Japandroids - Celebration Rock	3.50 stars
4.50 stars	Fiona Apple - The Idler Wheel Is Wiser Than the Driver of the Screw and Whipping Cords Will Serve You More Than Ropes Will Ever Do	3.50 stars
3.50 stars	Frank Ocean - channel ORANGE	4.00 stars
3.00 stars	Wild Nothing - Nocturne	3.00 stars
3.00 stars	Swans - The Seer	4.00 stars
4.00 stars	Teen Suicide - I Will Be My Own Hell Because There Is a Devil Inside My Body	3.50 stars
4.00 stars	Tame Impala - Lonerism	3.50 stars
3.50 stars	Converge - All We Love We Leave Behind	3.50 stars
4.00 stars	Mac DeMarco - 2	3.50 stars
4.00 stars	Kendrick Lamar - good kid, m.A.A.d city	4.00 stars
3.50 stars	Lil Ugly Mane - Uneven Compromise	3.50 stars
3.50 stars	Alex G - Trick	3.50 stars
3.50 stars	My Bloody Valentine - m b v	4.00 stars
4.50 stars	Iceage - You're Nothing	3.50 stars
3.50 stars	Vampire Weekend - Modern Vampires of the City	3.50 stars
3.50 stars	Deafheaven - Sunbather	4.50 stars
3.00 stars	Kanye West - Yeezus	3.50 stars
3.00 stars	Run the Jewels - Run the Jewels	3.50 stars
3.50 stars	Julia Holter - Loud City Song	4.50 stars
3.50 stars	Lil Ugly Mane - Prelude to Panopticon: "On Doing an Evil Deed Blues"	4.00 stars
3.50 stars	Chelsea Wolfe - Pain Is Beauty	3.50 stars
4.00 stars	Oneohtrix Point Never - R Plus Seven	3.50 stars
4.00 stars	Melt-Banana - Fetch	3.00 stars
3.50 stars	Darkside - Psychic	2.50 stars
4.00 stars	Freddie Gibbs & Madlib - Piñata	4.50 stars
3.50 stars	Cloud Nothings - Here and Nowhere Else	3.00 stars
4.00 stars	Mac DeMarco - Salad Days	3.50 stars
3.50 stars	Sharon Van Etten - Are We There	4.00 stars
3.50 stars	Iceage - Plowing Into the Field of Love	3.50 stars
3.00 stars	Run the Jewels - Run the Jewels 2	3.50 stars
4.00 stars	Dean Blunt - Black Metal	3.50 stars
4.00 stars	Mitski - Bury Me at Makeout Creek	3.00 stars
3.00 stars	D'Angelo and The Vanguard - Black Messiah	3.50 stars
3.00 stars	２８１４ - 新しい日の誕生 (Atarashī hi no tanjō)	3.50 stars
3.50 stars	Clarence Clarity - No Now	3.50 stars
4.00 stars	Earl Sweatshirt - I Don't Like Shit, I Don't Go Outside	3.50 stars
3.50 stars	Courtney Barnett - Sometimes I Sit and Think, and Sometimes I Just Sit	3.50 stars
3.50 stars	Earl Sweatshirt - Solace	3.50 stars
3.50 stars	Lil Ugly Mane - Third Side of Tape	4.00 stars
3.50 stars	Hop Along - Painted Shut	3.00 stars
3.00 stars	Carly Rae Jepsen - E·MO·TION	2.50 stars
3.50 stars	Chelsea Wolfe - Abyss	4.00 stars
4.50 stars	Beach House - Depression Cherry	3.50 stars
4.00 stars	Travis Scott - Rodeo	3.00 stars
4.00 stars	Julia Holter - Have You in My Wilderness	4.00 stars
3.00 stars	Deafheaven - New Bermuda	3.50 stars
3.50 stars	Joanna Newsom - Divers	3.50 stars
3.50 stars	Julien Baker - Sprained Ankle	4.00 stars
3.50 stars	Oneohtrix Point Never - Garden of Delete	3.50 stars
4.50 stars	Lil Ugly Mane - Oblivion Access	3.50 stars
4.00 stars	David Bowie - ★ [Blackstar]	4.00 stars
3.50 stars	Kendrick Lamar - untitled unmastered.	4.00 stars
4.50 stars	Denzel Curry - Imperial	3.50 stars
3.50 stars	Deakin - Sleep Cycle	4.00 stars
3.50 stars	Aesop Rock - The Impossible Kid	3.50 stars
4.00 stars	King Gizzard and the Lizard Wizard - Nonagon Infinity	3.00 stars
3.50 stars	Death Grips - Bottomless Pit	3.50 stars
3.50 stars	Radiohead - A Moon Shaped Pool	4.00 stars
4.00 stars	Car Seat Headrest - Teens of Denial	4.50 stars
3.50 stars	PUP - The Dream Is Over	3.00 stars
3.50 stars	Big Thief - Masterpiece	3.00 stars
3.50 stars	The Avalanches - Wildflower	3.50 stars
4.00 stars	Angel Olsen - MY WOMAN	4.00 stars
4.00 stars	Danny Brown - Atrocity Exhibition	3.50 stars
3.50 stars	Jeff Rosenstock - WORRY.	3.00 stars
3.50 stars	A Tribe Called Quest - We got it from Here… Thank You 4 Your service	3.50 stars
4.00 stars	Furia - Księżyc milczy luty	3.00 stars
3.00 stars	King Gizzard and the Lizard Wizard - Flying Microtonal Banana	2.50 stars
3.50 stars	Blanck Mass - World Eater	4.00 stars
4.00 stars	Idles - Brutalism	4.00 stars
3.00 stars	Mount Eerie - A Crow Looked at Me	3.00 stars
3.50 stars	Mac DeMarco - This Old Dog	3.00 stars
4.50 stars	(Sandy) Alex G - Rocket	3.50 stars
4.00 stars	Death Grips - Steroids (Crouching Tiger Hidden Gabber Megamix)	4.00 stars
4.00 stars	Richard Dawson - Peasant	3.50 stars
3.50 stars	Lingua Ignota - All Bitches Die	4.00 stars
4.00 stars	Big Thief - Capacity	3.50 stars
4.00 stars	Brockhampton - Saturation	4.00 stars
3.00 stars	Vince Staples - Big Fish Theory	3.50 stars
4.50 stars	Tyler, the Creator - Flower Boy	4.00 stars
3.50 stars	Milo - Who Told You to Think​?​?​!​!​?​!​?​!​?​!	3.50 stars
3.50 stars	Denzel Curry - 13	3.50 stars
5.00 stars	Brockhampton - Saturation II	4.00 stars
3.50 stars	Chelsea Wolfe - Hiss Spun	4.50 stars
4.50 stars	Protomartyr - Relatives in Descent	4.00 stars
4.00 stars	Brockhampton - Saturation III	4.00 stars
4.00 stars	JPEGMAFIA - Veteran	4.00 stars
3.50 stars	Car Seat Headrest - Twin Fantasy	4.00 stars
3.50 stars	Haley Heynderickx - I Need to Start a Garden	3.50 stars
3.00 stars	The Voidz - Virtue	3.50 stars
3.00 stars	Frank Ocean - Endless	3.50 stars
3.00 stars	Haru Nemuri - 春と修羅 (Haru to Shura)	3.00 stars
3.50 stars	Iceage - Beyondless	3.00 stars
4.00 stars	Tropical Fuck Storm - A Laughing Death in Meatspace	3.00 stars
3.50 stars	Playboi Carti - Die Lit	3.50 stars
4.00 stars	Beach House - 7	4.00 stars
4.00 stars	Pusha T - DAYTONA	4.00 stars
3.00 stars	Kids See Ghosts - Kids See Ghosts	3.00 stars
3.00 stars	Death Grips - Year of the Snitch	4.00 stars
3.50 stars	Deafheaven - Ordinary Corrupt Human Love	4.00 stars
4.00 stars	Denzel Curry - TA13OO	3.00 stars
3.00 stars	Mid-Air Thief - 무너지기 (Crumbling)	4.00 stars
4.00 stars	Mitski - Be the Cowboy	3.00 stars
3.50 stars	Idles - Joy as an Act of Resistance.	3.50 stars
3.50 stars	Yves Tumor - Safe in the Hands of Love	3.50 stars
3.50 stars	Low - Double Negative	4.00 stars
3.00 stars	Tim Hecker - Konoyo	3.00 stars
3.50 stars	Kero Kero Bonito - Time 'n' Place	3.00 stars
3.00 stars	Julia Holter - Aviary	4.00 stars
3.50 stars	Daughters - You Won't Get What You Want	4.00 stars
4.50 stars	Earl Sweatshirt - Some Rap Songs	4.00 stars
3.00 stars	Sharon Van Etten - Remind Me Tomorrow	3.50 stars
3.50 stars	Xiu Xiu - Girl With Basket of Fruit	3.50 stars
4.00 stars	Weyes Blood - Titanic Rising	4.50 stars
2.50 stars	Otoboke Beaver - いてこまヒッツ (Itekoma Hits)	3.50 stars
4.00 stars	Weatherday - Come In	4.00 stars
3.00 stars	Vampire Weekend - Father of the Bride	3.50 stars
3.50 stars	Big Thief - U.F.O.F.	4.00 stars
3.00 stars	Carly Rae Jepsen - Dedicated	3.50 stars
3.50 stars	Tyler, the Creator - Igor	4.00 stars
3.00 stars	Hatchie - Keepsake	3.00 stars
4.00 stars	black midi - Schlagenheim	3.50 stars
4.00 stars	Freddie Gibbs & Madlib - Bandana	4.00 stars
4.00 stars	Purple Mountains - Purple Mountains	4.00 stars
3.00 stars	Lingua Ignota - Caligula	3.50 stars
3.00 stars	Blanck Mass - Animated Violence Mild	3.50 stars
4.00 stars	Tropical Fuck Storm - Braindrops	3.50 stars
4.00 stars	(Sandy) Alex G - House of Sugar	4.00 stars
4.00 stars	JPEGMAFIA - All My Heroes Are Cornballs	4.00 stars
4.00 stars	Danny Brown - uknowhatimsayin¿	3.50 stars
4.00 stars	Angel Olsen - All Mirrors	4.00 stars
4.00 stars	Big Thief - Two Hands	3.50 stars
4.00 stars	Lightning Bolt - Sonic Citadel	4.00 stars
4.00 stars	Duster - Duster	4.00 stars
3.00 stars	Murmuüre - Murmuüre	3.50 stars
2.50 stars	Kacey Musgraves - Golden Hour	3.00 stars
4.00 stars	My Bloody Valentine - Loveless	5.00 stars
3.50 stars	Natural Snow Buildings - The Dance of the Moon and the Sun	4.50 stars
3.00 stars	Willie Nelson - Red Headed Stranger	3.00 stars
3.50 stars	The Nerves - The Nerves	3.50 stars
4.00 stars	Neutral Milk Hotel - In the Aeroplane Over the Sea	4.50 stars
3.50 stars	The New Pornographers - Twin Cinema	4.00 stars
4.00 stars	Joanna Newsom - Ys	4.50 stars
3.50 stars	Nirvana - In utero	3.50 stars
3.50 stars	Nivhek - After Its Own Death / Walking in a Spiral Towards the House	3.00 stars
4.00 stars	of Montreal - Hissing Fauna, Are You the Destroyer?	3.00 stars
3.50 stars	The Olivia Tremor Control - Music From the Unrealized Film Script, Dusk at Cubist Castle	4.00 stars
3.50 stars	The Olivia Tremor Control - Black Foliage: Animation Music Volume 1	3.00 stars
4.00 stars	Angel Olsen - Burn Your Fire for No Witness	3.50 stars
4.00 stars	Oneohtrix Point Never - Replica	4.00 stars
3.00 stars	Oranssi Pazuzu - Värähtelijä	4.00 stars
4.00 stars	OutKast - ATLiens	4.50 stars
3.00 stars	Owen Pallett - Heartland	3.50 stars
3.00 stars	Van Dyke Parks - Song Cycle	3.50 stars
3.50 stars	Jai Paul - Leak 04-13 (Bait Ones)	3.50 stars
3.50 stars	Pavement - Watery, Domestic	4.00 stars
3.50 stars	Pere Ubu - The Modern Dance	4.50 stars
3.50 stars	Perfume Genius - Put Your Back N 2 It	3.00 stars
3.50 stars	Linda Perhacs - Parallelograms	4.00 stars
4.00 stars	Ariel Pink - Pom Pom	3.50 stars
4.00 stars	Ariel Pink - Dedicated to Bobby Jameson	3.50 stars
4.00 stars	Pink Floyd - The Piper at the Gates of Dawn	4.00 stars
3.50 stars	Pink Floyd - The Dark Side of the Moon	4.00 stars
3.50 stars	Poison Idea - Feel the Darkness	3.50 stars
4.00 stars	Viet Cong - Viet Cong	3.50 stars
3.00 stars	Elvis Presley - Elvis Presley	4.00 stars
4.00 stars	Protomartyr - The Agent Intellect	3.50 stars
3.00 stars	Public Enemy - It Takes a Nation of Millions to Hold Us Back	4.00 stars
3.50 stars	Pylon - Gyrate	3.50 stars
4.00 stars	Radiohead - OK Computer	4.50 stars
4.00 stars	Radiohead - Kid A	4.50 stars
3.50 stars	The Raincoats - The Raincoats	4.50 stars
3.50 stars	Ramones - Ramones	4.50 stars
3.50 stars	Rapeman - Two Nuns and a Pack Mule	3.50 stars
3.50 stars	Jay Reatard - Blood Visions	3.00 stars
4.00 stars	The Red Crayola with The Familiar Ugly - The Parable of Arable Land	3.50 stars
3.00 stars	Lou Reed - Berlin	4.00 stars
3.50 stars	Steve Reich - Music for 18 Musicians	4.00 stars
3.50 stars	R.E.M. - Reckoning	4.50 stars
3.50 stars	R.E.M. - Lifes Rich Pageant	4.00 stars
3.50 stars	Residents - Meet the Residents	3.50 stars
3.00 stars	Catherine Ribeiro + Alpes - Paix	4.00 stars
3.00 stars	Terry Riley - A Rainbow in Curved Air	3.50 stars
4.50 stars	Rudimentary Peni - Death Church	4.00 stars
4.00 stars	Rudimentary Peni - Cacophony	4.00 stars
3.50 stars	The Saints - Eternally Yours	3.00 stars
3.50 stars	Shellac - 1000 Hurts	3.50 stars
3.00 stars	Skullflower - Form Destroyer	3.00 stars
4.00 stars	The Smiths - Hatful of Hollow	4.00 stars
4.00 stars	The Smiths - The Queen Is Dead	4.50 stars
4.00 stars	Soft Cell - The Art of Falling Apart	3.50 stars
3.50 stars	The Sonic Youth - Sister	4.50 stars
3.50 stars	Sonic Youth - Dirty	4.00 stars
3.50 stars	SOPHIE - Oil of Every Pearl's Un-Insides	3.50 stars
3.50 stars	The Sound - Jeopardy	4.00 stars
3.00 stars	The Specials - Specials	3.50 stars
3.00 stars	Spiritualized® - Ladies and Gentlemen We Are Floating in Space	4.00 stars
3.50 stars	Spoon - Kill the Moonlight	4.00 stars
4.00 stars	Stars of the Lid - The Tired Sounds Of	4.50 stars
4.00 stars	Steely Dan - Aja	4.00 stars
3.50 stars	Stereolab - Mars Audiac Quintet	3.50 stars
3.00 stars	Sufjan Stevens - The Age of Adz	3.50 stars
4.00 stars	Sufjan Stevens - Carrie & Lowell	4.50 stars
3.00 stars	Andy Stott - Faith in Strangers	3.00 stars
3.50 stars	Suede - Dog Man Star	4.00 stars
3.50 stars	Sunn O))) - Monoliths & Dimensions	3.00 stars
4.00 stars	Swell Maps - A Trip to Marineville	3.50 stars
4.00 stars	Swell Maps - ...In "Jane From Occupied Europe"	3.00 stars
3.50 stars	Talking Heads - Remain in Light	4.00 stars
4.00 stars	Talking Heads - The Name of This Band Is Talking Heads	4.00 stars
4.00 stars	Talk Talk - Spirit of Eden	4.50 stars
3.50 stars	The Tallest Man on Earth - The Wild Hunt	4.00 stars
3.50 stars	Teenage Fanclub - Grand Prix	4.00 stars
4.00 stars	Thinking Fellers Union Local 282 - Strangers From the Universe	3.50 stars
4.00 stars	This Heat - This Heat	4.00 stars
3.50 stars	This Heat - Health and Efficiency	3.50 stars
3.00 stars	Throbbing Gristle - The Second Annual Report	3.00 stars
3.50 stars	Throbbing Gristle - 20 Jazz Funk Greats	4.50 stars
3.50 stars	Throwing Muses - Throwing Muses	4.00 stars
3.00 stars	TV on the Radio - Return to Cookie Mountain	3.50 stars
3.00 stars	U.S. Girls - In a Poem Unlimited	3.00 stars
4.00 stars	U.S. Maple - Long Hair in Three Stages	3.00 stars
4.50 stars	The Velvet Underground - White Light / White Heat	4.00 stars
3.00 stars	The Velvet Underground - Loaded	4.00 stars
3.50 stars	Tom Waits - Swordfishtrombones	4.00 stars
3.50 stars	Tom Waits - Rain Dogs	4.50 stars
3.50 stars	Tom Waits - Bone Machine	4.00 stars
3.50 stars	Scott Walker - Scott 2	3.00 stars
4.00 stars	WHY? - Alopecia	4.00 stars
3.50 stars	Windy & Carl - Drawing of Sound	3.50 stars
3.50 stars	A Winged Victory for the Sullen - A Winged Victory for the Sullen	4.00 stars
4.50 stars	Wipers - Is This Real?	4.00 stars
4.00 stars	Wipers - Youth of America	4.50 stars
3.50 stars	Wolves in the Throne Room - Two Hunters	4.50 stars
3.00 stars	X - Under the Big Black Sun	3.50 stars
3.50 stars	Xiu Xiu - Plays the Music of Twin Peaks	3.50 stars
3.00 stars	Yeasayer - Odd Blood	3.00 stars
4.00 stars	Yo La Tengo - I Am Not Afraid of You and I Will Beat Your Ass	4.00 stars
4.00 stars	Neil Young - After the Gold Rush	4.00 stars
3.50 stars	Young Thug - Jeffery	3.00 stars
2.50 stars	Youth Lagoon - The Year of Hibernation	3.00 stars
3.00 stars	Sheena Ringo - 勝訴ストリップ (Shōso strip)	4.00 stars
rental and SonicSkin disagree: (68)
rental	Album	SonicSkin
3.00 stars	American Football - American Football	4.50 stars
3.00 stars	Nick Cave & The Bad Seeds - Skeleton Tree	4.50 stars
3.00 stars	The Church - Starfish	4.50 stars
2.50 stars	Circle Takes the Square - As the Roots Undo	4.00 stars
5.00 stars	Ornette Coleman - The Shape of Jazz to Come	3.50 stars
3.00 stars	The Field Mice - Snowball	5.00 stars
3.00 stars	Fishmans - 98.12.28 男達の別れ (98.12.28 Otokotachi no Wakare)	4.50 stars
3.00 stars	LCD Soundsystem - This Is Happening	4.50 stars
4.00 stars	Maanam - Nocny patrol	2.50 stars
2.50 stars	Magma - Mekanïk Destruktïw Kommandöh	4.00 stars
3.00 stars	Joni Mitchell - Blue	4.50 stars
3.00 stars	The Byrds - Younger Than Yesterday	4.50 stars
3.50 stars	The Pretty Things - S.F. Sorrow	5.00 stars
2.50 stars	Led Zeppelin - Led Zeppelin	4.50 stars
2.50 stars	Morgen - Morgen	4.00 stars
3.00 stars	Marvin Gaye - What's Going On	4.50 stars
3.00 stars	Big Star - #1 Record	4.50 stars
3.50 stars	Tuxedomoon - Half-Mute	2.00 stars
4.00 stars	Tuxedomoon - Desire	2.00 stars
3.00 stars	Orchestral Manœuvres in the Dark - Architecture & Morality	4.50 stars
2.50 stars	U2 - War	4.00 stars
3.50 stars	The Chameleons - Script of the Bridge	5.00 stars
3.50 stars	Butthole Surfers - Psychic...Powerless...Another Man's Sac	2.00 stars
3.00 stars	The Jesus and Mary Chain - Psychocandy	4.50 stars
4.00 stars	Big Black - Atomizer	2.50 stars
3.00 stars	XTC - Skylarking	4.50 stars
3.00 stars	Close Lobsters - Foxheads Stalk This Land	4.50 stars
2.50 stars	The Stone Roses - The Stone Roses	4.50 stars
3.00 stars	The Sundays - Reading, Writing and Arithmetic	4.50 stars
3.00 stars	Nick Cave & The Bad Seeds - The Good Son	4.50 stars
2.50 stars	Red Hot Chili Peppers - Blood Sugar Sex Magik	4.00 stars
3.50 stars	Red House Painters - Down Colorful Hill	5.00 stars
3.00 stars	Stereolab - Transient Random-Noise Bursts With Announcements	4.50 stars
3.00 stars	Seam - The Problem With Me	4.50 stars
3.00 stars	Eric's Trip - Love Tara	4.50 stars
2.50 stars	Supergrass - I Should Coco	4.00 stars
4.50 stars	Three-6 Mafia - Mystic Stylez	3.00 stars
3.50 stars	Cardiacs - Sing to God	2.00 stars
4.00 stars	Laddio Bolocko - Strange Warmings of Laddio Bolocko	2.00 stars
2.50 stars	AIR - Moon Safari	4.00 stars
2.50 stars	Bonnie 'Prince' Billy - I See a Darkness	4.00 stars
3.00 stars	Sigur Rós - Ágætis byrjun	4.50 stars
2.50 stars	Beulah - When Your Heartstrings Break	4.00 stars
3.00 stars	PJ Harvey - Stories From the City, Stories From the Sea	4.50 stars
3.00 stars	On the Might of Princes - Where You Are and Where You Want to Be	4.50 stars
4.50 stars	Fennesz - Endless Summer	3.00 stars
3.00 stars	maudlin of the Well - Bath	4.50 stars
4.50 stars	Xiu Xiu - Knife Play	3.00 stars
3.00 stars	Carissa's Wierd - Songs About Leaving	4.50 stars
4.00 stars	Melt-Banana - Cell-Scape	2.50 stars
2.00 stars	Editors - The Back Room	4.00 stars
2.50 stars	Cut Copy - In Ghost Colours	4.00 stars
2.50 stars	Midori - あらためまして、はじめまして、ミドリです。 (Aratamemashite, hajimemashite, Midori desu.)	4.00 stars
2.50 stars	The Antlers - Hospice	4.50 stars
5.00 stars	Women - Public Strain	3.50 stars
3.00 stars	Lil B - God's Father	4.50 stars
4.00 stars	Grizzly Bear - Shields	2.50 stars
4.50 stars	Deerhunter - Monomania	3.00 stars
2.00 stars	Swans - The Glowing Man	4.00 stars
5.00 stars	Mitski - Puberty 2	3.50 stars
5.00 stars	Frank Ocean - Blonde	3.00 stars
3.00 stars	Against All Logic - 2012 - 2017	4.50 stars
4.50 stars	Parquet Courts - Wide Awaaaaake!	2.50 stars
2.50 stars	The Pains of Being Pure at Heart - The Pains of Being Pure at Heart	4.00 stars
2.00 stars	Pink Floyd - Wish You Were Here	4.00 stars
3.00 stars	The Radio Dept. - Lesser Matters	4.50 stars
2.50 stars	Sun Kil Moon - Benji	4.00 stars
3.00 stars	The Waterboys - This Is the Sea	4.50 stars
