rental	Album	Spirkiroid
3.50 stars	Yapoos - ヤプーズ計画 (Yapoos Keikaku)	3.00 stars
3.50 stars	Adolescents - Adolescents	3.00 stars
3.50 stars	Agent Orange - Living in Darkness	4.00 stars
3.00 stars	American Football - American Football	2.00 stars
3.50 stars	Aphex Twin - Selected Ambient Works 85-92	3.50 stars
3.50 stars	Ausmuteants - Amusements	3.50 stars
3.50 stars	Ausmuteants - Order of Operation	4.00 stars
3.50 stars	Angelo Badalamenti - Twin Peaks: Limited Event Series Soundtrack	4.00 stars
3.50 stars	Bark Psychosis - Hex	3.50 stars
4.00 stars	William Basinski - The Disintegration Loops	3.50 stars
3.50 stars	Bauhaus - In the Flat Field	4.50 stars
4.00 stars	The Beach Boys - Pet Sounds	3.50 stars
3.50 stars	Big Blood - Space Gallery Jan. 27, 2007 / Sahara Club Jan. 28, 2007	3.00 stars
4.00 stars	black midi - Schlagenheim	3.50 stars
3.00 stars	James Blake - Assume Form	3.50 stars
3.50 stars	Boards of Canada - The Campfire Headphase	3.00 stars
4.00 stars	The Books - The Lemon of Pink	4.00 stars
3.50 stars	Boris - flood	4.00 stars
3.50 stars	David Bowie - Station to Station	4.00 stars
3.50 stars	David Bowie - "Heroes"	4.00 stars
4.00 stars	David Thomas Broughton - The Complete Guide to Insufficiency	4.50 stars
4.00 stars	Tim Buckley - Starsailor	3.50 stars
4.00 stars	Burial - Street Halo	3.00 stars
3.50 stars	Kate Bush - Hounds of Love	3.50 stars
4.00 stars	Can - Soundtracks	3.50 stars
3.00 stars	The Cars - The Cars	3.00 stars
3.50 stars	Frantz Casseus - Haitian Dances	3.00 stars
3.00 stars	Nick Cave & The Bad Seeds - Skeleton Tree	3.50 stars
3.50 stars	A Certain Ratio - To Each...	2.50 stars
3.50 stars	Chuck Person - Chuck Person's Eccojams Vol. 1	2.50 stars
3.00 stars	Clarence Clarity - Think: Peace	4.00 stars
3.50 stars	Cocteau Twins - Head Over Heels	3.50 stars
4.00 stars	Cocteau Twins - Heaven or Las Vegas	3.50 stars
4.50 stars	Coil - Horse Rotorvator	3.50 stars
4.00 stars	Coil - Musick to Play in the Dark	3.50 stars
3.50 stars	Ornette Coleman - Change of the Century	3.00 stars
4.00 stars	Comus - First Utterance	3.00 stars
4.50 stars	Crack Cloud - Crack Cloud	3.50 stars
4.00 stars	Crass - Penis Envy	3.00 stars
3.00 stars	Dadawah - Peace and Love	4.00 stars
3.50 stars	Daughters - Daughters	3.50 stars
4.00 stars	Miles Davis - Get Up With It	3.00 stars
4.00 stars	Richard Dawson - 2020	4.00 stars
3.50 stars	Death Grips - Government Plates	2.50 stars
4.00 stars	Reinbert de Leeuw - Gnossiennes; Gymnopédies; Ogives; Trois sarabandes; Petite ouverture à danser	3.50 stars
3.00 stars	Disco Inferno - Technicolour	4.00 stars
4.00 stars	DJ Screw - Bigtyme Vol II: All Screwed Up	3.50 stars
3.50 stars	DNA - DNA on DNA	3.00 stars
3.50 stars	The Doors - The Doors	3.50 stars
3.50 stars	D/P/I - MN.ROY	3.50 stars
3.50 stars	Nick Drake - Five Leaves Left	3.50 stars
4.00 stars	The Durutti Column - LC	3.00 stars
4.00 stars	Earth - The Bees Made Honey in the Lion's Skull	3.50 stars
3.00 stars	Delroy Edwards - 4 Club Use Only	3.00 stars
3.50 stars	Delroy Edwards - Rio Grande	2.50 stars
3.50 stars	John Fahey - Fare Forward Voyagers (Soldier's Choice)	4.00 stars
3.50 stars	The Fall - Live at the Witch Trials	3.50 stars
4.00 stars	The Fall - Perverted by Language	3.50 stars
3.00 stars	Fishmans - 98.12.28 男達の別れ (98.12.28 Otokotachi no Wakare)	4.00 stars
3.50 stars	Flipper - Album: Generic Flipper	3.00 stars
4.00 stars	Fontaines D.C. - Dogrel	3.50 stars
3.50 stars	Ben Frost - By the Throat	3.50 stars
3.50 stars	Fuck Buttons - Tarot Sport	4.00 stars
3.50 stars	Fugazi - Repeater	3.50 stars
4.00 stars	Gang of Four - Entertainment!	3.50 stars
3.00 stars	Girl Band - Holding Hands With Jamie	3.00 stars
4.00 stars	Philip Glass - Glassworks	3.50 stars
4.00 stars	Philip Glass - Koyaanisqatsi	3.50 stars
3.00 stars	Godspeed You Black Emperor! - Slow Riot for New Zerø Kanada E.P.	4.00 stars
3.50 stars	Grouper - Dragging a Dead Deer Up a Hill	3.00 stars
4.00 stars	Guided by Voices - Alien Lanes	3.00 stars
3.50 stars	Anna von Hausswolff - Dead Magic	4.00 stars
3.00 stars	Have a Nice Life - The Unnatural World	2.50 stars
4.00 stars	Tim Hecker - Harmony in Ultraviolet	4.00 stars
3.50 stars	Tim Hecker - Virgins	3.50 stars
3.00 stars	Henry Cow - In Praise of Learning	3.50 stars
3.50 stars	Holy Toy - Warszawa	3.50 stars
3.50 stars	Jon Hopkins - Immunity	3.50 stars
3.50 stars	Rowland S. Howard - Teenage Snuff Film	3.00 stars
4.00 stars	Hüsker Dü - New Day Rising	3.00 stars
3.50 stars	Jackie-O Motherfucker - Fig. 5	3.50 stars
3.50 stars	Joy Division - Closer	3.50 stars
3.50 stars	Kuedo - Severant	3.00 stars
3.00 stars	LCD Soundsystem - This Is Happening	3.00 stars
3.50 stars	Little Nemo - Sounds in the Attic	2.50 stars
4.00 stars	Love - Forever Changes	3.50 stars
3.50 stars	Lowlife - Permanent Sleep	3.00 stars
3.50 stars	Macha - See It Another Way	3.00 stars
4.00 stars	Machinedrum - Room(s)	3.50 stars
2.50 stars	Magma - Mekanïk Destruktïw Kommandöh	3.00 stars
3.50 stars	mclusky - The Difference Between Me and You Is That I'm Not on Fire	2.50 stars
4.00 stars	Metallica - Ride the Lightning	3.00 stars
4.00 stars	MGMT - Little Dark Age	3.50 stars
3.50 stars	The Microphones - The Glow Pt. 2	3.50 stars
3.00 stars	Joni Mitchell - Blue	2.50 stars
3.50 stars	Mobb Deep - The Infamous	4.00 stars
3.50 stars	Janelle Monáe - The ArchAndroid	3.00 stars
4.50 stars	Moondog - Moondog	4.00 stars
3.50 stars	Miles Davis - Kind of Blue	2.50 stars
4.00 stars	The Ornette Coleman Double Quartet - Free Jazz	3.50 stars
4.00 stars	Mingus - The Black Saint and the Sinner Lady	3.50 stars
3.50 stars	Albert Ayler Trio - Spiritual Unity	3.50 stars
4.00 stars	John Coltrane - A Love Supreme	3.50 stars
3.50 stars	The Sonics - Here Are The Sonics!!!	2.50 stars
3.50 stars	Bob Dylan - Highway 61 Revisited	2.50 stars
4.50 stars	Jackson C. Frank - Jackson C. Frank	3.50 stars
3.50 stars	Bob Dylan - Blonde on Blonde	3.00 stars
3.50 stars	Komeda Quintet - Astigmatic	3.50 stars
3.00 stars	The Byrds - Younger Than Yesterday	2.50 stars
4.50 stars	The Velvet Underground & Nico - The Velvet Underground & Nico	3.50 stars
3.00 stars	The Jimi Hendrix Experience - Are You Experienced	2.00 stars
3.50 stars	The Beatles - Sgt. Pepper's Lonely Hearts Club Band	2.50 stars
3.00 stars	Captain Beefheart and His Magic Band - Safe as Milk	2.50 stars
3.50 stars	The Kinks - Something Else by The Kinks	3.00 stars
3.50 stars	Leonard Cohen - Songs of Leonard Cohen	2.50 stars
3.00 stars	The Peter Brötzmann Octet - Machine Gun	3.50 stars
4.00 stars	The Zombies - Odessey and Oracle	4.50 stars
3.50 stars	The Millennium - Begin	3.00 stars
3.50 stars	Pearls Before Swine - Balaklava	3.00 stars
4.00 stars	The Kinks - The Kinks Are the Village Green Preservation Society	3.00 stars
3.50 stars	Van Morrison - Astral Weeks	3.00 stars
4.00 stars	The Velvet Underground - The Velvet Underground	3.00 stars
3.50 stars	Tim Buckley - Happy Sad	3.00 stars
3.50 stars	Pharoah Sanders - Karma	2.50 stars
3.50 stars	Miles Davis - In a Silent Way	2.50 stars
4.00 stars	Townes Van Zandt - Townes Van Zandt	3.50 stars
4.50 stars	Scott Engel - Scott 4	5.00 stars
3.00 stars	Frank Zappa - Hot Rats	3.00 stars
4.00 stars	Exuma - Exuma	3.00 stars
3.50 stars	Syd Barrett - The Madcap Laughs	2.50 stars
3.50 stars	Miles Davis - Bitches Brew	3.50 stars
4.00 stars	Creedence Clearwater Revival - Cosmo's Factory	3.00 stars
3.50 stars	The Stooges - Fun House	3.50 stars
3.50 stars	Tim Buckley - Lorca	3.50 stars
3.00 stars	Amon Düül II - Yeti	3.50 stars
3.50 stars	Nick Drake - Bryter Layter	2.50 stars
3.50 stars	Faust - Faust	4.00 stars
3.00 stars	Black Sabbath - Master of Reality	3.50 stars
3.50 stars	The Who - Who's Next	3.50 stars
4.00 stars	Can - Tago Mago	4.00 stars
4.00 stars	David Bowie - Hunky Dory	3.50 stars
3.50 stars	Popol Vuh - Hosianna Mantra	4.00 stars
4.00 stars	Nick Drake - Pink Moon	3.50 stars
3.00 stars	Big Star - #1 Record	3.00 stars
4.00 stars	Milton Nascimento & Lô Borges - Clube da Esquina	3.50 stars
4.00 stars	David Bowie - The Rise and Fall of Ziggy Stardust and the Spiders From Mars	4.50 stars
4.50 stars	Can - Ege Bamyasi	3.50 stars
4.00 stars	Novos Baianos - Acabou chorare	3.00 stars
3.50 stars	Lou Reed - Transformer	3.00 stars
4.00 stars	Iggy and The Stooges - Raw Power	4.00 stars
4.00 stars	Todd Rundgren - A Wizard, A True Star	3.50 stars
4.00 stars	Steely Dan - Countdown to Ecstasy	3.50 stars
3.50 stars	Stevie Wonder - Innervisions	3.50 stars
3.50 stars	Can - Future Days	4.50 stars
3.50 stars	Eno - Here Come the Warm Jets	4.50 stars
3.50 stars	Sparks - Kimono My House	4.50 stars
3.50 stars	Eno - Taking Tiger Mountain (By Strategy)	3.00 stars
3.00 stars	NEU! - NEU! '75	3.00 stars
3.50 stars	Eno - Another Green World	4.50 stars
3.00 stars	Patti Smith - Horses	2.50 stars
3.50 stars	Fela Anikulapo Kuti and Afrika 70 - Zombie	3.50 stars
3.50 stars	Chrome - Alien Soundtracks	4.50 stars
4.00 stars	David Bowie - Low	3.50 stars
3.50 stars	Fleetwood Mac - Rumours	3.50 stars
4.00 stars	Television - Marquee Moon	3.50 stars
3.50 stars	Kraftwerk - Trans Europa Express	3.00 stars
3.50 stars	Iggy Pop - The Idiot	2.50 stars
3.50 stars	The Stranglers - Stranglers IV (Rattus Norvegicus)	3.50 stars
3.50 stars	The Clash - The Clash	2.50 stars
4.00 stars	Suicide - Suicide	4.50 stars
4.00 stars	Robbie Basho - Visions of the Country	3.50 stars
3.00 stars	Elvis Costello - This Year's Model	3.00 stars
3.50 stars	Kraftwerk - Die Mensch-Maschine	3.50 stars
4.00 stars	Talking Heads - More Songs About Buildings and Food	3.00 stars
4.00 stars	Wire - Chairs Missing	3.50 stars
4.00 stars	Devo - Q: Are We Not Men? A: We Are Devo!	3.50 stars
3.50 stars	Blondie - Parallel Lines	3.00 stars
3.50 stars	Pere Ubu - Dub Housing	2.50 stars
4.00 stars	Public Image Ltd - Public Image	3.00 stars
4.00 stars	Chrome - Half Machine Lip Moves	4.00 stars
3.50 stars	Stiff Little Fingers - Inflammable Material	4.00 stars
3.50 stars	Contortions - Buy	4.00 stars
4.00 stars	The Pop Group - Y	4.50 stars
3.50 stars	Joy Division - Unknown Pleasures	3.50 stars
3.50 stars	Talking Heads - Fear of Music	3.50 stars
4.50 stars	The Slits - Cut	3.50 stars
3.50 stars	Buzzcocks - Singles Going Steady	3.00 stars
4.00 stars	Wire - 154	4.50 stars
4.00 stars	The Damned - Machine Gun Etiquette	3.50 stars
4.00 stars	PiL - Metal Box	3.50 stars
3.50 stars	Germs - (GI)	3.50 stars
3.00 stars	R.L. Crutchfield's Dark Day - Exterminating Angel	3.50 stars
4.00 stars	Suicide - Alan Vega · Martin Rev	4.00 stars
3.50 stars	Young Marble Giants - Colossal Youth	3.50 stars
3.50 stars	The Feelies - Crazy Rhythms	3.50 stars
3.50 stars	Tuxedomoon - Half-Mute	4.00 stars
4.00 stars	X - Los Angeles	3.50 stars
4.00 stars	The Soft Boys - Underwater Moonlight	3.00 stars
3.50 stars	Dead Kennedys - Fresh Fruit for Rotting Vegetables	4.00 stars
3.00 stars	Circle Jerks - Group Sex	3.50 stars
4.00 stars	Tuxedomoon - Desire	5.00 stars
3.50 stars	The Cure - Faith	2.50 stars
3.00 stars	Kraftwerk - Computerwelt	4.00 stars
3.50 stars	Au Pairs - Playing With a Different Sex	3.50 stars
4.50 stars	Mission of Burma - Signals, Calls, and Marches	4.00 stars
4.00 stars	The Gun Club - Fire of Love	3.00 stars
4.00 stars	This Heat - Deceit	5.00 stars
3.50 stars	Rip Rig + Panic - God	3.00 stars
3.50 stars	Einstürzende Neubauten - Kollaps	3.00 stars
4.00 stars	Glenn Branca - The Ascension	3.50 stars
3.00 stars	Orchestral Manœuvres in the Dark - Architecture & Morality	3.50 stars
3.50 stars	Soft Cell - Non-Stop Erotic Cabaret	2.50 stars
3.50 stars	Solid Space - Space Museum	3.00 stars
3.00 stars	23 Skidoo - Seven Songs	3.00 stars
3.50 stars	Misfits - Walk Among Us	2.50 stars
4.50 stars	The Fall - Hex Enduction Hour	3.50 stars
4.00 stars	Discharge - Hear Nothing See Nothing Say Nothing	3.50 stars
3.50 stars	Savage Republic - Tragic Figures	4.00 stars
3.50 stars	The Faith / Void - The Faith / Void	4.00 stars
4.00 stars	Wall of Voodoo - Call of the West	3.50 stars
3.50 stars	Dead Kennedys - Plastic Surgery Disasters	3.50 stars
3.00 stars	Michael Jackson - Thriller	3.00 stars
4.00 stars	Psychic TV - Force the Hand of Chance	4.00 stars
3.50 stars	Djeli Moussa Diawara - Yasimika	3.00 stars
3.50 stars	Sonic-Youth - Confusion Is Sex	3.50 stars
3.50 stars	Violent Femmes - Violent Femmes	3.50 stars
3.50 stars	R.E.M. - Murmur	3.00 stars
3.00 stars	New Order - Power, Corruption & Lies	4.00 stars
3.50 stars	The Chameleons - Script of the Bridge	4.50 stars
3.50 stars	The The - Soul Mining	3.50 stars
3.50 stars	Butthole Surfers - Psychic...Powerless...Another Man's Sac	4.00 stars
4.00 stars	Black Flag - My War	3.00 stars
3.50 stars	Prince and The Revolution - Purple Rain	3.50 stars
4.00 stars	Hüsker Dü - Zen Arcade	3.00 stars
4.00 stars	The Replacements - Let It Be	3.50 stars
3.00 stars	Pale Cocoon - 繭 (Mayu)	3.50 stars
4.00 stars	Cocteau Twins - Treasure	3.50 stars
3.50 stars	Tears for Fears - Songs From the Big Chair	3.00 stars
3.50 stars	Sonic-Youth - Bad Moon Rising	3.00 stars
3.50 stars	Killing Joke - Night Time	4.00 stars
4.00 stars	The Fall - This Nation's Saving Grace	4.00 stars
3.50 stars	The Jesus and Mary Chain - Psychocandy	2.50 stars
4.00 stars	Big Black - Atomizer	3.50 stars
3.00 stars	Talk Talk - The Colour of Spring	3.00 stars
4.00 stars	Metallica - Master of Puppets	3.00 stars
3.50 stars	Sonic Youth - EVOL	4.00 stars
3.50 stars	Felt - Forever Breathes the Lonely Word	2.50 stars
4.00 stars	The Chameleons - Strange Times	3.50 stars
3.50 stars	Slayer - Reign in Blood	3.50 stars
3.50 stars	XTC - Skylarking	3.50 stars
3.00 stars	Close Lobsters - Foxheads Stalk This Land	3.00 stars
3.50 stars	Big Black - Songs About Fucking	3.50 stars
4.00 stars	The Bats - Daddy's Highway	3.00 stars
3.00 stars	Psychick TV - Allegory and Self	4.00 stars
3.00 stars	Nuno Canavarro - Plux Quba	4.00 stars
3.50 stars	Pixies - Surfer Rosa	2.50 stars
4.50 stars	Joy Division - Substance 1977-1980	4.00 stars
4.00 stars	Sonic Youth - Daydream Nation	3.50 stars
3.50 stars	My Bloody Valentine - Isn't Anything	3.00 stars
4.00 stars	Fushitsusha - 1st	3.50 stars
2.50 stars	The Stone Roses - The Stone Roses	3.50 stars
4.50 stars	Pixies - Doolittle	3.50 stars
3.50 stars	The Cure - Disintegration	4.00 stars
4.00 stars	NoMeansNo - Wrong	3.00 stars
3.50 stars	Godflesh - Streetcleaner	3.00 stars
3.00 stars	The Sundays - Reading, Writing and Arithmetic	2.50 stars
4.00 stars	Sun City Girls - Torch of the Mystics	3.00 stars
3.00 stars	Nick Cave & The Bad Seeds - The Good Son	3.50 stars
3.50 stars	Ride - Nowhere	2.50 stars
4.00 stars	The Jesus Lizard - Goat	3.00 stars
5.00 stars	Slint - Spiderland	4.00 stars
3.50 stars	The Ex + Tom Cora - Scrabbling at the Lock	3.50 stars
3.50 stars	Nirvana - Nevermind	3.00 stars
3.50 stars	A Tribe Called Quest - The Low End Theory	3.00 stars
4.00 stars	Talk Talk - Laughing Stock	3.50 stars
3.50 stars	God - Possession	3.50 stars
3.50 stars	Red House Painters - Down Colorful Hill	3.50 stars
3.50 stars	Slowdive - Souvlaki	3.00 stars
4.00 stars	Unwound - Fake Train	3.50 stars
3.00 stars	Smashing Pumpkins - Siamese Dream	3.50 stars
3.00 stars	Autechre - Incunabula	3.00 stars
4.00 stars	Low - I Could Live in Hope	4.00 stars
3.50 stars	Unwound - New Plastic Ideas	3.00 stars
3.50 stars	Nas - Illmatic	3.00 stars
3.50 stars	Nick Cave and The Bad Seeds - Let Love In	3.50 stars
3.50 stars	Weezer - Weezer [Blue Album]	2.50 stars
3.50 stars	Portishead - Dummy	4.00 stars
4.00 stars	Shellac - At Action Park	3.00 stars
3.00 stars	Slowdive - Pygmalion	3.50 stars
3.50 stars	Death - Symbolic	3.50 stars
3.50 stars	Pavement - Wowee Zowee	3.50 stars
3.50 stars	Fugazi - Red Medicine	2.50 stars
3.50 stars	Don Caballero - Don Caballero 2	3.00 stars
3.50 stars	Autechre - Tri repetae	3.00 stars
3.50 stars	Księżyc - Księżyc	3.50 stars
3.50 stars	Ground-Zero - 革命京劇 Revolutionary Pekinese Opera Ver.1.28 (Kakumeikyōgeki)	4.00 stars
4.00 stars	Tortoise - Millions Now Living Will Never Die	3.00 stars
3.00 stars	Burzum - Filosofem	3.00 stars
3.50 stars	Sixteen Horsepower - Sackcloth 'n' Ashes	3.00 stars
3.50 stars	Stereolab - Emperor Tomato Ketchup	4.00 stars
4.00 stars	Brainiac - Hissing Prigs in Static Couture	3.50 stars
3.50 stars	Unwound - Repetition	3.50 stars
4.00 stars	Cul de Sac - China Gate	3.00 stars
2.50 stars	Black Tape for a Blue Girl - Remnants of a Deeper Purity	2.50 stars
3.50 stars	Swans - Soundtracks for the Blind	3.50 stars
3.00 stars	Fishmans - Long Season	3.00 stars
4.00 stars	Aphex Twin - Richard D. James Album	4.00 stars
3.50 stars	Labradford - Labradford	3.50 stars
4.00 stars	Belle and Sebastian - If You're Feeling Sinister	4.00 stars
3.50 stars	DJ Shadow - Endtroducing.....	3.00 stars
4.00 stars	Laddio Bolocko - Strange Warmings of Laddio Bolocko	3.50 stars
3.50 stars	Built to Spill - Perfect From Now On	4.50 stars
3.00 stars	Elliott Smith - Either / Or	3.00 stars
4.00 stars	Yo La Tengo - I Can Hear the Heart Beating as One	3.00 stars
3.00 stars	Squarepusher - Hard Normal Daddy	3.00 stars
3.00 stars	Spiritualized® - Ladies and Gentlemen We Are Floating in Space	3.00 stars
3.00 stars	µ-Ziq - Lunatic Harness	3.00 stars
3.50 stars	Prodigy - The Fat of the Land	4.00 stars
3.00 stars	Björk - Homogenic	3.50 stars
3.50 stars	Modest Mouse - The Lonesome Crowded West	3.50 stars
3.50 stars	Labradford - Mi media naranja	3.50 stars
3.00 stars	AIR - Moon Safari	3.50 stars
3.50 stars	GAS - Zauberberg	3.50 stars
3.50 stars	Duster - Stratosphere	4.50 stars
3.50 stars	Tortoise - TNT	2.50 stars
3.50 stars	Boards of Canada - Music Has the Right to Children	4.50 stars
4.00 stars	Don Caballero - What Burns Never Returns	3.00 stars
3.00 stars	Gorguts - Obscura	2.50 stars
3.00 stars	Mercury Rev - Deserter's Songs	3.50 stars
3.50 stars	GAS - Königsforst	4.00 stars
2.50 stars	Bonnie 'Prince' Billy - I See a Darkness	2.50 stars
3.00 stars	Smog - Knock Knock	3.00 stars
3.00 stars	Built to Spill - Keep It Like a Secret	3.50 stars
4.00 stars	Triple Six Mafia - Underground Vol. 1: 1991-1994	3.50 stars
4.00 stars	Black Tambourine - Complete Recordings	3.00 stars
3.00 stars	Sigur Rós - Ágætis byrjun	3.00 stars
3.50 stars	The Flaming Lips - The Soft Bulletin	2.50 stars
3.50 stars	The Dismemberment Plan - Emergency & I	3.50 stars
3.00 stars	Lambchop - Nixon	3.00 stars
3.50 stars	Yo La Tengo - And Then Nothing Turned Itself Inside-Out	3.50 stars
3.00 stars	Clinic - Internal Wrangler	3.50 stars
3.50 stars	Luomo - Vocalcity	3.50 stars
4.00 stars	Modest Mouse - The Moon & Antarctica	3.50 stars
3.50 stars	Avey Tare and Panda Bear - Spirit They're Gone Spirit They've Vanished	3.50 stars
3.50 stars	Electric Wizard - Dopethrone	3.00 stars
3.50 stars	Godspeed You Black Emperor! - Lift Yr. Skinny Fists Like Antennas to Heaven!	4.50 stars
3.50 stars	Jan Jelinek - Loop-finding-jazz-records	2.50 stars
4.00 stars	Unwound - Leaves Turn Inside You	5.00 stars
3.00 stars	Cannibal Ox - The Cold Vein	3.00 stars
3.00 stars	maudlin of the Well - Bath	4.00 stars
3.00 stars	Björk - Vespertine	4.00 stars
3.00 stars	Sparklehorse - It's a Wonderful Life	3.00 stars
4.00 stars	Converge - Jane Doe	3.00 stars
3.50 stars	Fugazi - The Argument	3.50 stars
3.50 stars	Liars - They Threw Us All in a Trench and Stuck a Monument on Top	3.50 stars
3.50 stars	Hood - Cold House	3.00 stars
3.50 stars	Jim O'Rourke - Insignificance	3.50 stars
3.00 stars	Tim Hecker - Haunt Me, Haunt Me Do It Again	3.50 stars
3.50 stars	Jay Munly - Jimmy Carter Syndrome	3.50 stars
4.50 stars	Xiu Xiu - Knife Play	3.50 stars
4.00 stars	The Books - Thought for Food	4.00 stars
3.00 stars	Sonic Youth - Murray Street	3.00 stars
3.50 stars	Spoon - Kill the Moonlight	3.00 stars
4.00 stars	Interpol - Turn On the Bright Lights	4.00 stars
3.50 stars	Queens of the Stone Age - Songs for the Deaf	3.00 stars
4.00 stars	Broken Social Scene - You Forgot It in People	3.00 stars
3.00 stars	Bohren & der Club of Gore - Black Earth	2.50 stars
3.00 stars	Sigur Rós - ( )	3.50 stars
4.50 stars	Xiu Xiu - A Promise	4.00 stars
3.50 stars	Lightning Bolt - Wonderful Rainbow	3.00 stars
4.00 stars	Magnolia Electric Co. - The Magnolia Electric Co.	3.00 stars
4.00 stars	Four Tet - Rounds	3.00 stars
3.50 stars	Boris - あくまのうた (Akuma no Uta)	3.50 stars
3.50 stars	Broadcast - Haha Sound	3.50 stars
3.00 stars	Gridlock - Formless	3.00 stars
4.00 stars	Boris - Boris at Last -Feedbacker-	3.50 stars
2.50 stars	Sachiko M, Toshimaru Nakamura & Otomo Yoshihide - Good Morning Good Night	2.00 stars
3.50 stars	Liars - They Were Wrong, So We Drowned	3.00 stars
4.00 stars	Madvillain - Madvillainy	3.00 stars
3.50 stars	Animal Collective - Sung Tongs	2.50 stars
3.50 stars	Mastodon - Leviathan	3.00 stars
2.50 stars	Bloc Party - Silent Alarm	2.50 stars
3.00 stars	Akron/Family - Akron/Family	3.50 stars
3.00 stars	Mount Eerie - No Flashlight: Songs of the Fulfilled Night	2.50 stars
4.00 stars	Sufjan Stevens - Illinois	3.00 stars
2.00 stars	Editors - The Back Room	2.50 stars
4.00 stars	Earth - Hex; or Printing in the Infernal Method	3.50 stars
4.00 stars	Animal Collective - Feels	3.00 stars
4.00 stars	Boris - Pink	3.50 stars
3.50 stars	Ryoji Ikeda - dataplex	3.00 stars
4.50 stars	Coil - The Ape of Naples	4.50 stars
3.50 stars	Sibylle Baier - Colour Green	3.50 stars
3.50 stars	Klaxons - Myths of the Near Future	2.50 stars
3.50 stars	Stars of the Lid - And Their Refinement of the Decline	3.50 stars
3.50 stars	Battles - Mirrored	3.00 stars
3.50 stars	The National - Boxer	2.50 stars
4.00 stars	Andrew Jackson Jihad - People Who Can Eat People Are the Luckiest People in the World	3.00 stars
3.50 stars	Jens Lekman - Night Falls Over Kortedala	3.50 stars
4.00 stars	Animal Collective - Strawberry Jam	3.50 stars
4.00 stars	Burial - Untrue	3.50 stars
4.00 stars	Have a Nice Life - Deathconsciousness	3.50 stars
3.50 stars	Fuck Buttons - Street Horrrsing	2.50 stars
2.50 stars	Cut Copy - In Ghost Colours	3.00 stars
3.00 stars	DJ Sprinkles - Midtown 120 Blues	4.00 stars
3.50 stars	Mount Eerie with Julie Doiron & Fred Squire - Lost Wisdom	3.00 stars
4.00 stars	Animal Collective - Merriweather Post Pavilion	3.00 stars
2.50 stars	The Antlers - Hospice	2.50 stars
3.00 stars	Fever Ray - Fever Ray	3.00 stars
3.50 stars	Burial + Four Tet - Moth / Wolf Cub	3.00 stars
3.50 stars	The Horrors - Primary Colours	3.50 stars
3.00 stars	ROME - Flowers From Exile	4.00 stars
3.50 stars	HEALTH - Get Color	3.50 stars
3.50 stars	A Place to Bury Strangers - Exploding Head	3.50 stars
4.00 stars	The Flaming Lips - Embryonic	3.50 stars
3.00 stars	Converge - Axe to Fall	3.50 stars
3.00 stars	Four Tet - There Is Love in You	2.50 stars
4.50 stars	Beach House - Teen Dream	3.50 stars
3.50 stars	Factory Floor - Lying / A Wooden Box	3.50 stars
3.50 stars	Titus Andronicus - The Monitor	3.00 stars
3.50 stars	Flying Lotus - Cosmogramma	3.50 stars
3.50 stars	Zs - New Slaves	3.50 stars
3.50 stars	Tonetta - 777	2.50 stars
3.00 stars	OPN - Returnal	3.50 stars
3.00 stars	Nails - Unsilent Death	3.50 stars
4.50 stars	Deerhunter - Halcyon Digest	4.00 stars
3.50 stars	Kanye West - My Beautiful Dark Twisted Fantasy	2.50 stars
3.00 stars	Sandwell District - Feed-Forward	3.50 stars
4.00 stars	Colin Stetson - New History Warfare Vol. 2: Judges	3.00 stars
4.00 stars	Death Grips - Exmilitary	3.00 stars
3.00 stars	Giles Corey - Giles Corey	3.00 stars
3.50 stars	Keaton Henson - Dear	3.50 stars
4.00 stars	The Caretaker - An Empty Bliss Beyond This World	3.50 stars
3.00 stars	Shabazz Palaces - Black Up	4.00 stars
4.00 stars	Danny Brown - XXX	3.50 stars
4.00 stars	Lil Ugly Mane - Mista Thug Isolation	4.00 stars
4.00 stars	Dean Blunt & Inga Copeland - Black Is Beautiful	3.50 stars
3.50 stars	Death Grips - The Money Store	3.00 stars
3.50 stars	Shackleton - Music for the Quiet Hour / The Drawbar Organ EPs	3.00 stars
4.00 stars	Beach House - Bloom	3.00 stars
3.00 stars	Wild Nothing - Nocturne	3.00 stars
3.00 stars	Swans - The Seer	4.00 stars
4.00 stars	Death Grips - NO LOVE DEEP WEB	3.00 stars
3.50 stars	Converge - All We Love We Leave Behind	2.50 stars
4.00 stars	Kendrick Lamar - good kid, m.A.A.d city	3.50 stars
4.00 stars	Lil Ugly Mane - Uneven Compromise	4.50 stars
3.00 stars	Fire! Orchestra - Exit!	4.00 stars
3.00 stars	FIDLAR - FIDLAR	2.00 stars
3.00 stars	Slow Warm Death - Slow Warm Death	3.50 stars
3.00 stars	James Blake - Overgrown	3.00 stars
4.00 stars	Dean Blunt - The Redeemer	3.00 stars
3.00 stars	Pharmakon - Abandon	2.50 stars
3.50 stars	Dirty Beaches - Drifters / Love Is the Devil	3.00 stars
3.00 stars	Kanye West - Yeezus	2.00 stars
3.00 stars	Run the Jewels - Run the Jewels	2.50 stars
4.00 stars	Fuck Buttons - Slow Focus	3.50 stars
3.50 stars	Julia Holter - Loud City Song	3.50 stars
3.50 stars	Forest Swords - Engravings	4.50 stars
3.50 stars	Chelsea Wolfe - Pain Is Beauty	3.00 stars
3.50 stars	Machinedrum - Vapor City	2.50 stars
3.50 stars	Oneohtrix Point Never - R Plus Seven	4.00 stars
3.00 stars	Daniel Avery - Drone Logic	3.50 stars
3.50 stars	Darkside - Psychic	3.00 stars
3.50 stars	DJ Rashad - Double Cup	3.50 stars
3.00 stars	Guerilla Toss - Gay Disco	3.00 stars
3.50 stars	##### - #####	3.00 stars
3.00 stars	The Body - I Shall Die Here	3.00 stars
3.50 stars	HTRK - Psychic 9-5 Club	3.00 stars
4.00 stars	Ought - More Than Any Other Day	3.00 stars
3.00 stars	Ben Frost - A U R O R A	4.00 stars
2.50 stars	Ty Segall - Manipulator	3.50 stars
4.00 stars	Iceage - Plowing Into the Field of Love	3.50 stars
3.50 stars	Run the Jewels - Run the Jewels 2	2.50 stars
3.50 stars	Jun Konagaya - Travel	2.50 stars
3.50 stars	Richard Dawson - Nothing Important	3.50 stars
4.00 stars	Dean Blunt - Black Metal	3.00 stars
3.00 stars	D'Angelo and The Vanguard - Black Messiah	2.50 stars
3.00 stars	Soichi Terada - Sounds From the Far East	3.00 stars
4.00 stars	Levon Vincent - Levon Vincent	3.50 stars
4.00 stars	Tzusing - A Name Out of Place Pt. II	4.00 stars
3.50 stars	Clarence Clarity - NO NOW	4.50 stars
3.50 stars	Lightning Bolt - Fantasy Empire	3.50 stars
3.50 stars	Colin Stetson and Sarah Neufeld - Never Were the Way She Was	2.50 stars
3.50 stars	Earl Sweatshirt - Solace	3.50 stars
3.50 stars	Thee Oh Sees - Mutilator Defeated at Last	3.00 stars
3.50 stars	Holly Herndon - Platform	3.50 stars
3.00 stars	Algiers - Algiers	3.00 stars
3.50 stars	Carly Rae Jepsen - E·MO·TION	3.00 stars
3.50 stars	Chelsea Wolfe - Abyss	3.50 stars
4.00 stars	Julia Holter - Have You in My Wilderness	3.50 stars
3.50 stars	Floating Points - Elaenia	3.00 stars
3.50 stars	SOPHIE - Product	3.50 stars
4.50 stars	Lil Ugly Mane - Oblivion Access	4.00 stars
4.00 stars	David Bowie - ★ [Blackstar]	3.00 stars
3.50 stars	Big Ups - Before a Million Universes	2.50 stars
4.50 stars	Denzel Curry - Imperial	3.50 stars
3.50 stars	Deakin - Sleep Cycle	3.00 stars
3.50 stars	Xiu Xiu - Plays the Music of Twin Peaks	4.00 stars
4.00 stars	King Gizzard and the Lizard Wizard - Nonagon Infinity	3.50 stars
3.50 stars	Death Grips - Bottomless Pit	4.00 stars
3.50 stars	Radiohead - A Moon Shaped Pool	3.50 stars
3.00 stars	Jessy Lanza - Oh No	3.00 stars
3.50 stars	The Avalanches - Wildflower	3.00 stars
3.50 stars	DJ Earl - Open Your Eyes	3.00 stars
3.50 stars	Preoccupations - Preoccupations	3.50 stars
3.50 stars	The Caretaker - Everywhere at the End of Time - Stage 1	3.00 stars
4.00 stars	Danny Brown - Atrocity Exhibition	4.00 stars
3.50 stars	Powell - Sport	3.00 stars
3.50 stars	GFOTY - Call Him a Doctor	3.50 stars
3.50 stars	Lorenzo Senni - Persona	3.50 stars
4.00 stars	Furia - Księżyc milczy luty	3.50 stars
3.50 stars	Bedwetter - Volume 1: Flick Your Tongue Against Your Teeth and Describe the Present.	4.00 stars
3.00 stars	King Gizzard and the Lizard Wizard - Flying Microtonal Banana	3.00 stars
3.50 stars	Schwefelgelb - Dahinter das Gesicht	3.50 stars
4.00 stars	Xiu Xiu - FORGET	3.50 stars
3.50 stars	Tzusing - 東方不敗	3.50 stars
3.50 stars	Blanck Mass - World Eater	4.50 stars
4.00 stars	IDLES - Brutalism	3.50 stars
3.00 stars	Mount Eerie - A Crow Looked at Me	3.00 stars
3.50 stars	Forest Swords - Compassion	4.00 stars
4.00 stars	Richard Dawson - Peasant	4.50 stars
3.50 stars	LINGUA IGNOTA - All Bitches Die	4.00 stars
3.50 stars	Love Theme - Love Theme	3.00 stars
3.50 stars	Algiers - The Underside of Power	4.00 stars
4.50 stars	Tyler, the Creator - Flower Boy	3.50 stars
4.00 stars	Housewives - FF061116	3.00 stars
3.50 stars	Denzel Curry - 13	3.00 stars
3.50 stars	Yves Tumor - Experiencing the Deposit of Faith	3.00 stars
3.00 stars	JASSS - Weightless	4.00 stars
4.00 stars	Protomartyr - Relatives in Descent	3.50 stars
4.00 stars	Iglooghost - Neō Wax Bloom	4.00 stars
4.00 stars	GFOTY - GFOTYBUCKS	3.50 stars
4.00 stars	Brockhampton - Saturation III	3.00 stars
3.00 stars	Pendant - Make Me Know You Sweet	3.00 stars
4.00 stars	JPEGMAFIA - Veteran	3.00 stars
3.00 stars	Against All Logic - 2012 - 2017	3.50 stars
3.50 stars	Park Jiha - Communion	3.00 stars
3.00 stars	Ed Schrader's Music Beat - Riddles	3.50 stars
3.50 stars	Preoccupations - New Material	4.00 stars
3.00 stars	The Voidz - Virtue	4.00 stars
4.00 stars	The Garden - Mirror Might Steal Your Charm	3.00 stars
3.50 stars	DJ Healer - Nothing 2 Loose	2.50 stars
3.00 stars	Frank Ocean - Endless	3.00 stars
4.00 stars	Tropical Fuck Storm - A Laughing Death in Meatspace	4.00 stars
4.00 stars	Beach House - 7	3.00 stars
4.50 stars	Parquet Courts - Wide Awaaaaake!	3.50 stars
3.50 stars	Oneohtrix Point Never - Age Of	4.00 stars
3.00 stars	Kids See Ghosts - Kids See Ghosts	2.00 stars
3.50 stars	Death Grips - Year of the Snitch	4.00 stars
3.50 stars	Denzel Curry - TA13OO	3.50 stars
3.50 stars	Mid-Air Thief - 무너지기 (Crumbling)	3.00 stars
3.50 stars	Yves Tumor - Safe in the Hands of Love	4.50 stars
3.50 stars	Low - Double Negative	4.00 stars
3.00 stars	Tim Hecker - Konoyo	3.50 stars
3.50 stars	Viagra Boys - Street Worms	3.50 stars
3.50 stars	Kero Kero Bonito - Time 'n' Place	3.00 stars
3.50 stars	Eli Keszler - Stadium	3.50 stars
3.50 stars	Julia Holter - Aviary	3.50 stars
3.50 stars	Malibu Ken - Malibu Ken	3.00 stars
3.50 stars	Black to Comm - Seven Horses for Seven Kings	3.50 stars
3.50 stars	Xiu Xiu - Girl With Basket of Fruit	3.50 stars
3.50 stars	Jessica Pratt - Quiet Signs	3.50 stars
3.50 stars	Spellling - Mazy Fly	4.00 stars
4.00 stars	Little Simz - Grey Area	3.50 stars
3.50 stars	The Caretaker - Everywhere at the End of Time - Stage 6	4.00 stars
4.00 stars	The Comet Is Coming - Trust in the Lifeforce of the Deep Mystery	3.00 stars
3.50 stars	Fennesz - Agora	3.00 stars
4.00 stars	Weyes Blood - Titanic Rising	3.50 stars
3.50 stars	Tyler, the Creator - Igor	3.00 stars
3.50 stars	Injury Reserve - Injury Reserve	4.00 stars
4.00 stars	Freddie Gibbs & Madlib - Bandana	3.00 stars
3.00 stars	LINGUA IGNOTA - Caligula	4.00 stars
4.00 stars	Tropical Fuck Storm - Braindrops	3.50 stars
3.00 stars	Murcof - Martes	2.50 stars
3.00 stars	Murmuüre - Murmuüre	4.00 stars
4.00 stars	My Bloody Valentine - Loveless	3.00 stars
3.50 stars	Le Mystère des voix bulgares - Le mystère des voix bulgares : volume 1	4.50 stars
3.50 stars	Natural Snow Buildings - The Dance of the Moon and the Sun	4.50 stars
4.00 stars	Neutral Milk Hotel - In the Aeroplane Over the Sea	4.00 stars
4.00 stars	Joanna Newsom - Ys	3.00 stars
3.50 stars	Nivhek - After Its Own Death / Walking in a Spiral Towards the House	3.00 stars
3.50 stars	Áine O'Dwyer - Music for Church Cleaners Vol. I and II	3.50 stars
4.00 stars	of Montreal - Hissing Fauna, Are You the Destroyer?	3.00 stars
4.00 stars	Oneohtrix Point Never - Replica	5.00 stars
4.00 stars	Ought - Sun Coming Down	3.00 stars
3.50 stars	Oxbow - Thin Black Duke	3.50 stars
3.50 stars	Owen Pallett - Heartland	3.50 stars
4.00 stars	Pere Ubu - The Modern Dance	3.50 stars
3.50 stars	Perfume Genius - Put Your Back N 2 It	3.50 stars
3.50 stars	Linda Perhacs - Parallelograms	3.50 stars
4.00 stars	Ariel Pink - Pom Pom	3.50 stars
4.00 stars	Pink Floyd - The Piper at the Gates of Dawn	3.50 stars
3.50 stars	Pink Floyd - The Dark Side of the Moon	3.00 stars
4.00 stars	Viet Cong - Cassette	3.00 stars
4.00 stars	Viet Cong - Viet Cong	4.00 stars
4.00 stars	Protomartyr - Consolation E.P.	3.00 stars
3.00 stars	Public Enemy - It Takes a Nation of Millions to Hold Us Back	4.00 stars
3.50 stars	Pylon - Gyrate	3.50 stars
4.00 stars	Radiohead - OK Computer	3.50 stars
4.00 stars	Radiohead - Kid A	4.00 stars
3.50 stars	The Raincoats - The Raincoats	3.50 stars
4.00 stars	Ramones - Ramones	3.00 stars
3.50 stars	Jay Reatard - Blood Visions	3.50 stars
4.00 stars	The Red Crayola with The Familiar Ugly - The Parable of Arable Land	5.00 stars
3.50 stars	Steve Reich - Music for 18 Musicians	3.50 stars
3.50 stars	R.E.M. - Reckoning	3.00 stars
3.00 stars	Catherine Ribeiro + Alpes - Paix	4.00 stars
3.00 stars	Terry Riley - A Rainbow in Curved Air	3.50 stars
3.00 stars	Route 8 - This Raw Feeling	3.00 stars
3.50 stars	Royal Headache - High	3.50 stars
4.00 stars	Rudimentary Peni - Death Church	3.50 stars
4.00 stars	Rudimentary Peni - Cacophony	3.00 stars
3.00 stars	Skee Mask - Compro	3.50 stars
3.50 stars	The Smiths - Hatful of Hollow	3.50 stars
4.00 stars	The Smiths - The Queen Is Dead	3.50 stars
3.50 stars	The Sonic Youth - Sister	4.00 stars
3.50 stars	SOPHIE - Oil of Every Pearl's Un-Insides	4.00 stars
4.00 stars	The Sound - Jeopardy	4.50 stars
3.00 stars	Spring Heel Jack - Amassed	3.00 stars
4.00 stars	Stars of the Lid - The Tired Sounds Of	3.50 stars
4.00 stars	Steely Dan - Aja	3.50 stars
4.00 stars	Sufjan Stevens - Carrie & Lowell	4.00 stars
3.50 stars	Andy Stott - Faith in Strangers	4.50 stars
3.50 stars	Studio - West Coast	3.50 stars
4.00 stars	Swell Maps - A Trip to Marineville	3.50 stars
4.00 stars	Swell Maps - ...In "Jane From Occupied Europe"	3.00 stars
3.50 stars	Talking Heads - Remain in Light	4.00 stars
4.00 stars	Talking Heads - The Name of This Band Is Talking Heads	4.00 stars
4.00 stars	Talk Talk - Spirit of Eden	3.50 stars
3.50 stars	The Tallest Man on Earth - The Wild Hunt	4.00 stars
3.50 stars	Thinking Fellers Union Local 282 - Mother of All Saints	3.00 stars
4.00 stars	Thinking Fellers Union Local 282 - Strangers From the Universe	3.50 stars
4.00 stars	This Heat - This Heat	5.00 stars
3.50 stars	This Heat - Health and Efficiency	3.00 stars
4.50 stars	Total Control - Henge Beat	3.50 stars
3.00 stars	U.S. Girls - In a Poem Unlimited	3.00 stars
4.00 stars	U.S. Maple - Long Hair in Three Stages	4.00 stars
3.50 stars	Various Artists - Mono no aware	3.50 stars
4.00 stars	The Velvet Underground - White Light / White Heat	4.00 stars
3.50 stars	Tom Waits - Swordfishtrombones	3.50 stars
3.50 stars	Tom Waits - Rain Dogs	3.50 stars
3.50 stars	Tom Waits - Bone Machine	3.00 stars
3.50 stars	Scott Walker - Scott 2	3.50 stars
3.50 stars	Windy & Carl - Drawing of Sound	3.50 stars
4.00 stars	Wipers - Youth of America	4.00 stars
rental and Spirkiroid disagree: (93)
rental	Album	Spirkiroid
4.00 stars	Beat Happening - You Turn Me On	2.00 stars
4.00 stars	The Beatles - Abbey Road	2.50 stars
4.00 stars	Art Blakey and The Jazz Messengers - Art Blakey and The Jazz Messengers [Moanin']	2.50 stars
3.50 stars	Boards of Canada - Geogaddi	5.00 stars
5.00 stars	Ornette Coleman - The Shape of Jazz to Come	3.50 stars
4.00 stars	Richard Dawson - The Magic Bridge	2.50 stars
4.00 stars	Descendents - Milo Goes to College	2.50 stars
2.50 stars	Matt Elliott - Drinking Songs	4.00 stars
3.00 stars	Fad Gadget - Fireside Favourites	4.50 stars
3.00 stars	The Human League - Reproduction	4.50 stars
4.00 stars	Kendrick Lamar - DAMN.	2.00 stars
3.50 stars	Low - Things We Lost in the Fire	5.00 stars
4.00 stars	Modest Mouse - This Is a Long Drive for Someone With Nothing to Think About	2.50 stars
4.00 stars	Morphine - Cure for Pain	2.50 stars
4.00 stars	Captain Beefheart & His Magic Band - Trout Mask Replica	2.50 stars
4.00 stars	The Can - Monster Movie	2.50 stars
4.00 stars	Serge Gainsbourg - Histoire de Melody Nelson	2.50 stars
3.50 stars	Neil Young - On the Beach	2.00 stars
4.00 stars	Talking Heads - Talking Heads: 77	2.50 stars
4.50 stars	Wire - Pink Flag	3.00 stars
3.00 stars	Magazine - Real Life	5.00 stars
3.50 stars	Yellow Magic Orchestra - Solid State Survivor	5.00 stars
3.50 stars	Andie Oppenheimer - New Mexico	5.00 stars
4.00 stars	The Gun Club - Miami	2.50 stars
4.50 stars	Mission of Burma - Vs.	3.00 stars
5.00 stars	Wipers - Over the Edge	3.00 stars
3.50 stars	Manuel Göttsching - E2-E4	2.00 stars
4.00 stars	The Smiths - The Smiths	2.50 stars
4.50 stars	Staatsorchester Stuttgart / Lithuanian Chamber Orchestra / The 12 Cellists of the Berlin Philharmonic Orchestra / Dennis Russell Davies / Saulius Sondeckis / Gidon Kremer / Keith Jarrett / Tatjana Grindenko / Alfred Schnittke - Tabula rasa	3.00 stars
5.00 stars	Minutemen - Double Nickels on the Dime	3.00 stars
4.00 stars	Prefab Sprout - Steve McQueen	2.50 stars
4.50 stars	Dinosaur - You're Living All Over Me	2.50 stars
4.50 stars	Les Rallizes dénudés - '77 Live	3.00 stars
4.00 stars	Scratch Acid - The Greatest Gift	2.50 stars
5.00 stars	Pavement - Slanted and Enchanted	2.50 stars
4.00 stars	Cows - 'Cunning Stunts'	2.50 stars
4.50 stars	Yo La Tengo - Painful	2.50 stars
4.00 stars	Wu-Tang Clan - Enter the Wu-Tang (36 Chambers)	2.50 stars
4.00 stars	Ata Kak - Obaa Sima	2.50 stars
4.50 stars	Pavement - Crooked Rain, Crooked Rain	2.50 stars
4.00 stars	Disco Inferno - D. I. Go Pop	2.50 stars
5.00 stars	Guided by Voices - Bee Thousand	3.50 stars
3.50 stars	Autechre - Amber	2.00 stars
4.50 stars	Three-6 Mafia - Mystic Stylez	2.50 stars
4.00 stars	Weezer - Pinkerton	2.50 stars
5.00 stars	Life Without Buildings - Any Other City	3.00 stars
4.50 stars	Fennesz - Endless Summer	3.00 stars
4.50 stars	Wilco - Yankee Hotel Foxtrot	3.00 stars
3.00 stars	Carissa's Wierd - Songs About Leaving	4.50 stars
4.00 stars	the Mountain Goats - Tallahassee	2.50 stars
3.50 stars	The Microphones - Mount Eerie	5.00 stars
3.50 stars	Yeah Yeah Yeahs - Fever to Tell	2.00 stars
3.00 stars	Sweet Trip - Velocity : Design : Comfort	4.50 stars
4.00 stars	John Frusciante - Shadows Collide With People	2.50 stars
4.00 stars	WHY? - Elephant Eyelash	2.50 stars
3.50 stars	Mew - And the Glass Handed Kites	2.00 stars
5.00 stars	J Dilla - Donuts	3.50 stars
4.50 stars	Deerhunter - Microcastle / Weird Era Continued	3.00 stars
5.00 stars	Women - Public Strain	3.50 stars
4.00 stars	The Soft Moon - The Soft Moon	2.50 stars
4.00 stars	Grouper - A I A: Alien Observer	2.50 stars
4.50 stars	John Maus - We Must Become the Pitiless Censors of Ourselves	3.00 stars
3.50 stars	Real Estate - Days	2.00 stars
3.50 stars	Car Seat Headrest - Twin Fantasy	2.00 stars
3.50 stars	Burial - Kindred EP	5.00 stars
4.50 stars	Fiona Apple - The Idler Wheel Is Wiser Than the Driver of the Screw and Whipping Cords Will Serve You More Than Ropes Will Ever Do	3.00 stars
3.50 stars	Frank Ocean - channel ORANGE	2.00 stars
4.00 stars	Tame Impala - Lonerism	2.00 stars
3.50 stars	My Bloody Valentine - m b v	2.00 stars
4.00 stars	Deerhunter - Monomania	2.00 stars
4.00 stars	Vampire Weekend - Modern Vampires of the City	2.00 stars
5.00 stars	Holden - The Inheritors	3.50 stars
4.50 stars	Total Control - Typical System	3.00 stars
4.00 stars	Kendrick Lamar - To Pimp a Butterfly	2.00 stars
3.00 stars	Prurient - Frozen Niagara Falls	4.50 stars
4.50 stars	Beach House - Depression Cherry	2.50 stars
4.50 stars	Diät - Positive Energy	3.00 stars
2.00 stars	Swans - The Glowing Man	3.50 stars
5.00 stars	Frank Ocean - Blonde	2.00 stars
5.00 stars	Brockhampton - Saturation II	3.50 stars
5.00 stars	Alex Cameron - Forced Witness	3.00 stars
3.50 stars	Car Seat Headrest - Twin Fantasy	2.00 stars
3.50 stars	Playboi Carti - Die Lit	2.00 stars
4.00 stars	Pusha T - DAYTONA	2.50 stars
3.50 stars	IDLES - Joy as an Act of Resistance.	2.00 stars
3.50 stars	Daughters - You Won't Get What You Want	5.00 stars
4.50 stars	Earl Sweatshirt - Some Rap Songs	3.00 stars
4.00 stars	Nice Face - Immer Etwas	2.50 stars
2.00 stars	Pink Floyd - Wish You Were Here	4.00 stars
2.50 stars	Sun Kil Moon - Benji	4.50 stars
4.50 stars	Uranium Club - All of Them Naturals	3.00 stars
3.50 stars	The UV Race - Homo	2.00 stars
4.50 stars	WHY? - Alopecia	2.50 stars