rental	Album	tfreitas06
3.50 stars	Adolescents - Adolescents	3.00 stars
3.50 stars	Agent Orange - Living in Darkness	3.50 stars
3.00 stars	American Football - American Football	3.50 stars
4.00 stars	Animal Collective - Fall Be Kind	3.50 stars
3.50 stars	Aphex Twin - Selected Ambient Works 85-92	4.50 stars
3.50 stars	Bark Psychosis - Hex	4.00 stars
3.50 stars	Bauhaus - In the Flat Field	4.00 stars
4.00 stars	The Beach Boys - Pet Sounds	5.00 stars
4.00 stars	Beat Happening - You Turn Me On	3.00 stars
4.00 stars	The Beatles - Abbey Road	5.00 stars
4.00 stars	Belle & Sebastian - Dear Catastrophe Waitress	3.50 stars
3.50 stars	Chuck Berry - The Great Twenty-Eight	4.00 stars
4.00 stars	black midi - Schlagenheim	3.50 stars
4.00 stars	Art Blakey and The Jazz Messengers - Art Blakey and The Jazz Messengers [Moanin']	4.00 stars
3.50 stars	Boards of Canada - Geogaddi	4.50 stars
3.50 stars	Boards of Canada - The Campfire Headphase	3.00 stars
3.00 stars	Boredoms - Super æ	3.50 stars
3.50 stars	Boris - flood	4.50 stars
3.50 stars	David Bowie - Station to Station	4.50 stars
3.50 stars	David Bowie - "Heroes"	4.50 stars
4.00 stars	David Thomas Broughton - The Complete Guide to Insufficiency	3.00 stars
3.00 stars	Tim Buckley - Goodbye and Hello	3.50 stars
4.00 stars	Tim Buckley - Starsailor	4.00 stars
4.00 stars	Butthole Surfers - Rembrandt Pussyhorse	3.00 stars
4.00 stars	Butthole Surfers - Locust Abortion Technician	3.00 stars
4.00 stars	Can - Soundtracks	3.00 stars
3.00 stars	The Cars - The Cars	4.00 stars
3.00 stars	Nick Cave & The Bad Seeds - Skeleton Tree	4.00 stars
3.00 stars	The Church - Starfish	3.00 stars
3.50 stars	Cocteau Twins - Head Over Heels	4.00 stars
4.00 stars	Cocteau Twins - Heaven or Las Vegas	5.00 stars
4.50 stars	Coil - Horse Rotorvator	4.00 stars
4.00 stars	Coil - Musick to Play in the Dark	4.00 stars
4.00 stars	Lloyd Cole and The Commotions - Rattlesnakes	3.50 stars
5.00 stars	Ornette Coleman - The Shape of Jazz to Come	4.50 stars
3.50 stars	Ornette Coleman - Change of the Century	3.00 stars
4.00 stars	Comus - First Utterance	4.00 stars
3.50 stars	Converge - The Dusk in Us	3.00 stars
4.00 stars	Crass - Penis Envy	3.00 stars
3.00 stars	Dadawah - Peace and Love	3.50 stars
3.50 stars	The Damned - Damned Damned Damned	3.50 stars
4.00 stars	Miles Davis - Get Up With It	4.00 stars
4.00 stars	Descendents - Milo Goes to College	3.00 stars
3.50 stars	Dirty Three - Ocean Songs	3.50 stars
3.50 stars	DNA - DNA on DNA	3.00 stars
3.50 stars	Nick Drake - Five Leaves Left	4.50 stars
3.50 stars	The Drones - Wait Long by the River and the Bodies of Your Enemies Will Float By	3.00 stars
4.00 stars	The Durutti Column - LC	3.00 stars
4.00 stars	Earth - The Bees Made Honey in the Lion's Skull	3.50 stars
3.50 stars	John Fahey - Fare Forward Voyagers (Soldier's Choice)	4.00 stars
3.50 stars	The Fall - Live at the Witch Trials	3.00 stars
4.00 stars	The Fall - Slates	3.00 stars
4.00 stars	The Fall - Perverted by Language	3.50 stars
4.00 stars	Fleet Foxes - Crack-Up	3.00 stars
3.50 stars	Flipper - Album: Generic Flipper	3.50 stars
3.50 stars	Fugazi - Repeater	4.00 stars
4.00 stars	Gang of Four - Entertainment!	4.50 stars
4.00 stars	Philip Glass - Glassworks	4.00 stars
4.00 stars	The Go-Betweens - Liberty Belle and the Black Diamond Express	3.00 stars
4.50 stars	The Go-Betweens - 16 Lovers Lane	3.50 stars
3.00 stars	Dexter Gordon - Go	3.00 stars
4.00 stars	Glenn Gould - The Goldberg Variations	4.50 stars
3.50 stars	Grouper - Dragging a Dead Deer Up a Hill	3.00 stars
4.00 stars	Guided by Voices - Alien Lanes	4.00 stars
3.00 stars	Françoise Hardy - Françoise Hardy [La question]	3.00 stars
3.50 stars	Anna von Hausswolff - Dead Magic	3.50 stars
4.00 stars	Tim Hecker - Harmony in Ultraviolet	4.00 stars
3.50 stars	Tim Hecker - Virgins	3.50 stars
3.50 stars	Jon Hopkins - Immunity	3.50 stars
3.50 stars	Rowland S. Howard - Teenage Snuff Film	4.00 stars
4.00 stars	Hüsker Dü - New Day Rising	4.00 stars
3.00 stars	Jesu - Jesu	3.50 stars
3.50 stars	Joy Division - Closer	4.50 stars
3.00 stars	LCD Soundsystem - This Is Happening	3.50 stars
4.00 stars	Love - Forever Changes	4.50 stars
3.50 stars	Low - Things We Lost in the Fire	3.00 stars
2.50 stars	Magma - Mekanïk Destruktïw Kommandöh	3.50 stars
3.50 stars	Curtis Mayfield - Superfly	4.50 stars
3.50 stars	Lizzy Mercier Descloux - Mambo Nassau	3.50 stars
4.00 stars	Metallica - Ride the Lightning	4.50 stars
3.50 stars	The Microphones - The Glow Pt. 2	4.00 stars
3.00 stars	Charlie Mingus - Blues & Roots	4.00 stars
3.50 stars	Mobb Deep - The Infamous	4.50 stars
4.00 stars	Modest Mouse - This Is a Long Drive for Someone With Nothing to Think About	3.50 stars
3.50 stars	Janelle Monáe - The ArchAndroid	4.00 stars
4.00 stars	Morphine - Cure for Pain	3.00 stars
3.00 stars	Morrissey - Viva Hate	3.00 stars
3.50 stars	Little Richard - Here's Little Richard	3.00 stars
3.50 stars	The Crickets - The "Chirping" Crickets	3.00 stars
3.00 stars	Buddy Holly - Buddy Holly	3.00 stars
3.50 stars	Marty Robbins - Gunfighter Ballads and Trail Songs	3.50 stars
3.50 stars	John Coltrane - My Favorite Things	4.00 stars
4.00 stars	The Ornette Coleman Double Quartet - Free Jazz	4.00 stars
4.00 stars	Mingus - The Black Saint and the Sinner Lady	5.00 stars
3.50 stars	Albert Ayler Trio - Spiritual Unity	3.50 stars
4.00 stars	John Coltrane - A Love Supreme	5.00 stars
3.50 stars	The Sonics - Here Are The Sonics!!!	4.00 stars
3.50 stars	Bob Dylan - Bringing It All Back Home	4.50 stars
3.50 stars	Nina Simone - Pastel Blues	4.50 stars
3.50 stars	Junior Wells' Chicago Blues Band - Hoodoo Man Blues	3.50 stars
4.50 stars	Jackson C. Frank - Jackson C. Frank	3.50 stars
3.50 stars	Bob Dylan - Blonde on Blonde	4.50 stars
3.00 stars	Love - Da Capo	3.00 stars
3.50 stars	Komeda Quintet - Astigmatic	3.50 stars
3.00 stars	The Byrds - Younger Than Yesterday	4.00 stars
4.50 stars	The Velvet Underground & Nico - The Velvet Underground & Nico	5.00 stars
3.50 stars	Albert King - Born Under a Bad Sign	3.50 stars
3.00 stars	Captain Beefheart and His Magic Band - Safe as Milk	4.00 stars
3.50 stars	The Kinks - Something Else by The Kinks	4.00 stars
3.50 stars	Leonard Cohen - Songs of Leonard Cohen	4.50 stars
4.00 stars	Dr. John, The Night Tripper - Gris-Gris	3.50 stars
4.00 stars	The Zombies - Odessey and Oracle	4.50 stars
3.50 stars	Os Mutantes - Os Mutantes	3.50 stars
3.50 stars	The Millennium - Begin	3.50 stars
3.50 stars	Big Brother & The Holding Company - Cheap Thrills	3.50 stars
4.00 stars	The Kinks - The Kinks Are the Village Green Preservation Society	4.50 stars
3.50 stars	Van Morrison - Astral Weeks	4.50 stars
3.50 stars	The Pretty Things - S.F. Sorrow	3.50 stars
4.00 stars	The Velvet Underground - The Velvet Underground	4.50 stars
3.50 stars	Tim Buckley - Happy Sad	3.50 stars
3.50 stars	Pharoah Sanders - Karma	4.50 stars
4.00 stars	Captain Beefheart & His Magic Band - Trout Mask Replica	4.00 stars
3.50 stars	Miles Davis - In a Silent Way	4.50 stars
4.00 stars	The Can - Monster Movie	3.50 stars
3.00 stars	The Stooges - The Stooges	4.00 stars
4.00 stars	Townes Van Zandt - Townes Van Zandt	4.00 stars
4.50 stars	Scott Engel - Scott 4	4.00 stars
3.50 stars	The Kinks - Arthur or the Decline and Fall of the British Empire	4.50 stars
3.50 stars	Fairport Convention - Liege & Lief	4.00 stars
3.50 stars	Lee Hazlewood - Cowboy in Sweden	3.50 stars
4.00 stars	Exuma - Exuma	4.00 stars
3.50 stars	Syd Barrett - The Madcap Laughs	3.50 stars
3.00 stars	Crosby, Stills, Nash & Young - Déjà vu	4.00 stars
3.50 stars	Miles Davis - Bitches Brew	4.50 stars
4.00 stars	Creedence Clearwater Revival - Cosmo's Factory	4.50 stars
3.50 stars	Tim Buckley - Lorca	3.00 stars
3.00 stars	Amon Düül II - Yeti	4.00 stars
3.50 stars	Nick Drake - Bryter Layter	4.00 stars
3.50 stars	Captain Beefheart & The Magic Band - Lick My Decals Off, Baby	3.50 stars
3.50 stars	Chico Buarque - Construção	3.50 stars
3.50 stars	Faust - Faust	4.00 stars
4.00 stars	Serge Gainsbourg - Histoire de Melody Nelson	4.00 stars
3.50 stars	The Who - Who's Next	4.50 stars
3.50 stars	T. Rex - Electric Warrior	4.50 stars
4.00 stars	Can - Tago Mago	5.00 stars
4.00 stars	David Bowie - Hunky Dory	4.50 stars
3.50 stars	Popol Vuh - Hosianna Mantra	4.00 stars
4.00 stars	Fela & The Africa 70 - Roforofo Fight	4.00 stars
3.50 stars	Pharoah Sanders - Black Unity	3.50 stars
4.00 stars	Nick Drake - Pink Moon	5.00 stars
3.00 stars	Big Star - #1 Record	3.50 stars
4.00 stars	Milton Nascimento & Lô Borges - Clube da Esquina	4.00 stars
4.00 stars	David Bowie - The Rise and Fall of Ziggy Stardust and the Spiders From Mars	5.00 stars
3.00 stars	T. Rex - The Slider	4.00 stars
3.50 stars	Steely Dan - Can't Buy a Thrill	3.50 stars
4.50 stars	Can - Ege Bamyasi	4.50 stars
4.00 stars	Novos Baianos - Acabou chorare	4.00 stars
3.50 stars	Lou Reed - Transformer	4.00 stars
4.00 stars	Iggy and The Stooges - Raw Power	5.00 stars
4.00 stars	Todd Rundgren - A Wizard, A True Star	4.00 stars
3.50 stars	David Bowie - Aladdin Sane	4.00 stars
4.00 stars	Steely Dan - Countdown to Ecstasy	3.50 stars
3.50 stars	Stevie Wonder - Innervisions	4.50 stars
3.50 stars	Can - Future Days	4.50 stars
3.50 stars	Eno - Here Come the Warm Jets	4.00 stars
3.00 stars	Steely Dan - Pretzel Logic	3.50 stars
3.50 stars	Sparks - Kimono My House	3.50 stars
3.50 stars	Neil Young - On the Beach	4.50 stars
3.50 stars	Velvet Underground - 1969 Velvet Underground Live With Lou Reed	3.50 stars
3.50 stars	Eno - Taking Tiger Mountain (By Strategy)	4.00 stars
3.00 stars	NEU! - NEU! '75	4.00 stars
3.50 stars	Bob Dylan - Blood on the Tracks	4.50 stars
3.00 stars	Harmonium - Les cinq saisons	3.00 stars
3.50 stars	Eno - Another Green World	4.50 stars
3.50 stars	Tom Zé - Estudando o samba	3.50 stars
3.50 stars	Thin Lizzy - Jailbreak	3.50 stars
4.00 stars	Stevie Wonder - Songs in the Key of Life	4.50 stars
3.50 stars	Fela Anikulapo Kuti and Afrika 70 - Zombie	4.50 stars
4.00 stars	David Bowie - Low	5.00 stars
3.50 stars	Fleetwood Mac - Rumours	4.50 stars
4.00 stars	Television - Marquee Moon	5.00 stars
3.50 stars	Kraftwerk - Trans Europa Express	4.50 stars
3.50 stars	Iggy Pop - The Idiot	4.00 stars
3.50 stars	The Stranglers - Stranglers IV (Rattus Norvegicus)	3.50 stars
3.50 stars	The Clash - The Clash	4.00 stars
4.00 stars	Talking Heads - Talking Heads: 77	4.00 stars
4.00 stars	Ramones - Rocket to Russia	4.50 stars
4.00 stars	Suicide - Suicide	4.00 stars
4.50 stars	Wire - Pink Flag	4.50 stars
4.00 stars	Robbie Basho - Visions of the Country	4.00 stars
3.50 stars	Brian Eno - Ambient 1: Music for Airports	4.00 stars
3.00 stars	Elvis Costello - This Year's Model	4.00 stars
3.50 stars	Kraftwerk - Die Mensch-Maschine	4.50 stars
3.00 stars	Magazine - Real Life	4.00 stars
4.00 stars	Talking Heads - More Songs About Buildings and Food	4.00 stars
4.00 stars	Wire - Chairs Missing	4.50 stars
4.00 stars	Devo - Q: Are We Not Men? A: We Are Devo!	4.00 stars
3.50 stars	Blondie - Parallel Lines	4.00 stars
3.50 stars	Pere Ubu - Dub Housing	3.50 stars
4.00 stars	Public Image Ltd - Public Image	3.50 stars
3.50 stars	Lizzy Mercier Descloux - Press Color	3.00 stars
4.00 stars	Chrome - Half Machine Lip Moves	3.00 stars
4.00 stars	Black Flag - Nervous Breakdown	3.50 stars
3.50 stars	Stiff Little Fingers - Inflammable Material	4.00 stars
3.50 stars	Contortions - Buy	3.50 stars
4.00 stars	The Pop Group - Y	3.50 stars
3.50 stars	Joy Division - Unknown Pleasures	4.50 stars
3.50 stars	Talking Heads - Fear of Music	4.50 stars
4.50 stars	The Slits - Cut	3.50 stars
3.50 stars	Buzzcocks - Singles Going Steady	4.00 stars
4.00 stars	Wire - 154	3.50 stars
4.00 stars	The Damned - Machine Gun Etiquette	3.50 stars
4.00 stars	PiL - Metal Box	4.00 stars
3.50 stars	Germs - (GI)	3.00 stars
4.00 stars	Suicide - Alan Vega · Martin Rev	3.00 stars
3.50 stars	Young Marble Giants - Colossal Youth	3.50 stars
3.50 stars	The Feelies - Crazy Rhythms	4.00 stars
3.50 stars	Tuxedomoon - Half-Mute	3.00 stars
4.00 stars	The Cramps - Songs the Lord Taught Us	3.50 stars
4.00 stars	X - Los Angeles	4.00 stars
4.00 stars	The Soft Boys - Underwater Moonlight	3.50 stars
3.50 stars	Dead Kennedys - Fresh Fruit for Rotting Vegetables	4.50 stars
3.00 stars	Circle Jerks - Group Sex	3.00 stars
3.00 stars	Prince - Dirty Mind	4.00 stars
3.50 stars	The Jam - Sound Affects	4.00 stars
3.50 stars	The Cure - Faith	4.00 stars
3.00 stars	Kraftwerk - Computerwelt	4.00 stars
4.50 stars	Mission of Burma - Signals, Calls, and Marches	3.50 stars
4.00 stars	The Gun Club - Fire of Love	3.50 stars
4.00 stars	This Heat - Deceit	4.50 stars
4.00 stars	Glenn Branca - The Ascension	4.50 stars
3.00 stars	Orchestral Manœuvres in the Dark - Architecture & Morality	3.00 stars
3.50 stars	Soft Cell - Non-Stop Erotic Cabaret	3.00 stars
3.50 stars	Misfits - Walk Among Us	4.00 stars
4.50 stars	The Fall - Hex Enduction Hour	4.00 stars
4.00 stars	Discharge - Hear Nothing See Nothing Say Nothing	3.50 stars
4.00 stars	The Gun Club - Miami	3.00 stars
4.50 stars	Mission of Burma - Vs.	3.50 stars
3.50 stars	Dead Kennedys - Plastic Surgery Disasters	4.00 stars
3.00 stars	Michael Jackson - Thriller	4.00 stars
3.50 stars	Minutemen - What Makes a Man Start Fires?	3.50 stars
3.50 stars	Djeli Moussa Diawara - Yasimika	4.00 stars
2.50 stars	U2 - War	3.50 stars
3.50 stars	Violent Femmes - Violent Femmes	4.00 stars
3.50 stars	R.E.M. - Murmur	4.00 stars
3.00 stars	New Order - Power, Corruption & Lies	4.00 stars
3.50 stars	The Chameleons - Script of the Bridge	4.00 stars
3.50 stars	The The - Soul Mining	3.50 stars
3.50 stars	Butthole Surfers - Psychic...Powerless...Another Man's Sac	3.00 stars
3.50 stars	Manuel Göttsching - E2-E4	4.00 stars
4.00 stars	The Smiths - The Smiths	4.00 stars
4.50 stars	Meat Puppets - Meat Puppets II	4.00 stars
3.50 stars	Prince and The Revolution - Purple Rain	4.50 stars
4.00 stars	Hüsker Dü - Zen Arcade	4.50 stars
3.00 stars	Robyn Hitchcock - I Often Dream of Trains	3.00 stars
4.00 stars	The Replacements - Let It Be	4.00 stars
4.50 stars	Staatsorchester Stuttgart / Lithuanian Chamber Orchestra / The 12 Cellists of the Berlin Philharmonic Orchestra / Dennis Russell Davies / Saulius Sondeckis / Gidon Kremer / Keith Jarrett / Tatjana Grindenko / Alfred Schnittke - Tabula rasa	4.50 stars
5.00 stars	Minutemen - Double Nickels on the Dime	4.50 stars
4.00 stars	Cocteau Twins - Treasure	4.50 stars
3.50 stars	Tears for Fears - Songs From the Big Chair	3.50 stars
3.50 stars	The Smiths - Meat Is Murder	4.00 stars
3.50 stars	Killing Joke - Night Time	3.50 stars
4.00 stars	Meat Puppets - Up on the Sun	3.50 stars
4.00 stars	Prefab Sprout - Steve McQueen	3.50 stars
3.50 stars	Hüsker Dü - Flip Your Wig	3.00 stars
4.00 stars	The Fall - This Nation's Saving Grace	4.00 stars
3.50 stars	The Jesus and Mary Chain - Psychocandy	4.50 stars
4.00 stars	Big Black - Atomizer	4.50 stars
3.00 stars	Talk Talk - The Colour of Spring	3.50 stars
4.00 stars	Metallica - Master of Puppets	5.00 stars
3.50 stars	Sonic Youth - EVOL	4.00 stars
4.00 stars	The Chameleons - Strange Times	3.50 stars
3.50 stars	Slayer - Reign in Blood	4.50 stars
3.50 stars	XTC - Skylarking	4.00 stars
3.50 stars	Hüsker Dü - Warehouse: Songs and Stories	3.00 stars
4.50 stars	Dinosaur - You're Living All Over Me	4.00 stars
3.50 stars	Big Black - Songs About Fucking	4.00 stars
4.00 stars	The Bats - Daddy's Highway	3.00 stars
4.00 stars	Galaxie 500 - Today	3.00 stars
3.50 stars	Pixies - Surfer Rosa	4.50 stars
4.50 stars	Joy Division - Substance 1977-1980	4.50 stars
3.50 stars	Cocteau Twins - Blue Bell Knoll	4.00 stars
4.00 stars	Sonic Youth - Daydream Nation	5.00 stars
3.50 stars	Dinosaur Jr - Bug	3.50 stars
3.50 stars	My Bloody Valentine - Isn't Anything	4.00 stars
4.00 stars	Fushitsusha - 1st	3.50 stars
4.50 stars	Minor Threat - Complete Discography	4.50 stars
4.50 stars	Pixies - Doolittle	5.00 stars
3.50 stars	Beastie Boys - Paul's Boutique	4.50 stars
4.00 stars	NoMeansNo - Wrong	4.50 stars
3.50 stars	Godflesh - Streetcleaner	4.00 stars
3.00 stars	The Sundays - Reading, Writing and Arithmetic	3.50 stars
3.00 stars	Nick Cave & The Bad Seeds - The Good Son	3.50 stars
3.50 stars	Sonic Youth - Goo	4.00 stars
4.00 stars	Prefab Sprout - Jordan: The Comeback	3.00 stars
3.50 stars	Ride - Nowhere	4.00 stars
3.50 stars	Drive Like Jehu - Drive Like Jehu	3.00 stars
4.00 stars	The Jesus Lizard - Goat	4.00 stars
5.00 stars	Slint - Spiderland	5.00 stars
3.00 stars	Primus - Sailing the Seas of Cheese	3.00 stars
4.50 stars	Les Rallizes dénudés - '77 Live	4.50 stars
3.00 stars	Slowdive - Just for a Day	4.00 stars
2.50 stars	Red Hot Chili Peppers - Blood Sugar Sex Magik	3.00 stars
3.50 stars	Nirvana - Nevermind	4.50 stars
3.50 stars	A Tribe Called Quest - The Low End Theory	4.50 stars
3.00 stars	Superchunk - No Pocky for Kitty	3.00 stars
4.00 stars	Talk Talk - Laughing Stock	4.50 stars
3.50 stars	Unsane - Unsane	3.00 stars
3.50 stars	God - Possession	3.50 stars
5.00 stars	Pavement - Slanted and Enchanted	4.50 stars
3.50 stars	London Sinfonietta / David Zinman / Dawn Upshaw - Symphony No. 3	4.50 stars
3.50 stars	Red House Painters - Down Colorful Hill	4.00 stars
3.50 stars	ABBA - ABBA Gold: Greatest Hits	3.50 stars
4.00 stars	The Jesus Lizard - Liar	4.00 stars
3.00 stars	Rage Against the Machine - Rage Against the Machine	3.50 stars
3.00 stars	The Pharcyde - Bizarre Ride II the Pharcyde	4.00 stars
3.50 stars	Swirlies - Blonder Tongue Audio Baton	3.00 stars
3.00 stars	Fugazi - In on the Kill Taker	3.50 stars
4.00 stars	Unwound - Fake Train	3.50 stars
4.50 stars	Yo La Tengo - Painful	3.50 stars
3.00 stars	Tindersticks - Tindersticks	3.50 stars
4.00 stars	Wu-Tang Clan - Enter the Wu-Tang (36 Chambers)	5.00 stars
3.00 stars	Autechre - Incunabula	3.00 stars
4.50 stars	Pavement - Crooked Rain, Crooked Rain	4.50 stars
4.00 stars	Low - I Could Live in Hope	3.50 stars
4.00 stars	Disco Inferno - D. I. Go Pop	3.00 stars
3.50 stars	Unwound - New Plastic Ideas	3.50 stars
3.50 stars	Nick Cave and The Bad Seeds - Let Love In	4.50 stars
3.50 stars	Weezer - Weezer [Blue Album]	4.00 stars
3.00 stars	Lush - Split	3.00 stars
3.50 stars	Kyuss - Kyuss [Welcome to Sky Valley]	4.00 stars
5.00 stars	Guided by Voices - Bee Thousand	4.00 stars
4.00 stars	Sebadoh - Bakesale	3.00 stars
4.00 stars	Shellac - At Action Park	4.00 stars
3.50 stars	Autechre - Amber	3.50 stars
3.00 stars	Slowdive - Pygmalion	3.50 stars
4.00 stars	Tindersticks - Tindersticks [II]	3.00 stars
3.50 stars	Pavement - Wowee Zowee	3.50 stars
3.50 stars	Unwound - The Future of What	3.00 stars
4.50 stars	Three-6 Mafia - Mystic Stylez	3.50 stars
3.50 stars	Fugazi - Red Medicine	3.50 stars
3.50 stars	Sonic Youth - Washing Machine	3.50 stars
3.00 stars	The Magnetic Fields - Get Lost	3.50 stars
3.50 stars	Autechre - Tri repetae	4.00 stars
3.50 stars	Mainliner - Mellow Out	3.00 stars
3.50 stars	Księżyc - Księżyc	3.00 stars
3.50 stars	Ground-Zero - 革命京劇 Revolutionary Pekinese Opera Ver.1.28 (Kakumeikyōgeki)	3.50 stars
3.50 stars	Swirlies - They Spent Their Wild Youthful Days in the Glittering World of the Salons	3.00 stars
4.00 stars	Tortoise - Millions Now Living Will Never Die	4.00 stars
3.50 stars	Sixteen Horsepower - Sackcloth 'n' Ashes	3.50 stars
3.50 stars	Stereolab - Emperor Tomato Ketchup	4.00 stars
3.50 stars	Guided by Voices - Under the Bushes Under the Stars	3.50 stars
3.50 stars	Unwound - Repetition	4.00 stars
3.50 stars	Cardiacs - Sing to God	3.50 stars
3.00 stars	Beck - Odelay	3.50 stars
3.50 stars	Eels - Beautiful Freak	3.50 stars
4.00 stars	Weezer - Pinkerton	4.00 stars
4.00 stars	Aphex Twin - Richard D. James Album	4.00 stars
4.00 stars	Belle and Sebastian - If You're Feeling Sinister	4.50 stars
4.00 stars	Laddio Bolocko - Strange Warmings of Laddio Bolocko	3.00 stars
3.50 stars	Built to Spill - Perfect From Now On	4.50 stars
3.50 stars	Pavement - Brighten the Corners	3.50 stars
3.00 stars	Sleater-Kinney - Dig Me Out	3.50 stars
4.00 stars	Yo La Tengo - I Can Hear the Heart Beating as One	4.00 stars
3.00 stars	Squarepusher - Hard Normal Daddy	3.00 stars
3.00 stars	Spiritualized® - Ladies and Gentlemen We Are Floating in Space	4.00 stars
3.50 stars	Prodigy - The Fat of the Land	3.50 stars
3.50 stars	Modest Mouse - The Lonesome Crowded West	4.00 stars
3.00 stars	AIR - Moon Safari	4.00 stars
3.50 stars	GAS - Zauberberg	3.50 stars
3.50 stars	Duster - Stratosphere	3.50 stars
3.50 stars	Tortoise - TNT	3.50 stars
4.00 stars	Don Caballero - What Burns Never Returns	3.50 stars
3.00 stars	Gorguts - Obscura	4.00 stars
3.00 stars	Mercury Rev - Deserter's Songs	3.50 stars
3.50 stars	GAS - Königsforst	3.50 stars
3.00 stars	Built to Spill - Keep It Like a Secret	4.00 stars
4.00 stars	Blur - 13	3.50 stars
4.00 stars	Black Tambourine - Complete Recordings	3.50 stars
3.50 stars	Pavement - Terror Twilight	3.00 stars
3.50 stars	The Flaming Lips - The Soft Bulletin	4.50 stars
4.00 stars	The Magnetic Fields - 69 Love Songs	4.00 stars
3.50 stars	The Dismemberment Plan - Emergency & I	4.00 stars
3.50 stars	Yo La Tengo - And Then Nothing Turned Itself Inside-Out	3.50 stars
3.00 stars	Dirty Three - Whatever You Love, You Are	3.00 stars
3.50 stars	Luomo - Vocalcity	3.00 stars
4.00 stars	Modest Mouse - The Moon & Antarctica	4.00 stars
3.50 stars	Avey Tare and Panda Bear - Spirit They're Gone Spirit They've Vanished	3.00 stars
3.50 stars	Electric Wizard - Dopethrone	4.00 stars
3.00 stars	PJ Harvey - Stories From the City, Stories From the Sea	4.00 stars
3.50 stars	The Clientele - Suburban Light	3.00 stars
3.50 stars	Jan Jelinek - Loop-finding-jazz-records	3.00 stars
4.00 stars	Unwound - Leaves Turn Inside You	4.50 stars
3.00 stars	Cannibal Ox - The Cold Vein	4.00 stars
3.00 stars	maudlin of the Well - Bath	3.50 stars
3.00 stars	Sparklehorse - It's a Wonderful Life	3.50 stars
4.00 stars	Converge - Jane Doe	4.00 stars
3.00 stars	Aesop Rock - Labor Days	3.50 stars
3.50 stars	Fugazi - The Argument	4.00 stars
3.00 stars	Tim Hecker - Haunt Me, Haunt Me Do It Again	3.00 stars
3.50 stars	...And You Will Know Us by the Trail of Dead - Source Tags & Codes	3.50 stars
4.50 stars	Wilco - Yankee Hotel Foxtrot	4.00 stars
3.00 stars	Sonic Youth - Murray Street	3.50 stars
3.00 stars	Carissa's Wierd - Songs About Leaving	3.00 stars
4.00 stars	Interpol - Turn On the Bright Lights	4.00 stars
3.50 stars	Queens of the Stone Age - Songs for the Deaf	4.00 stars
4.00 stars	Broken Social Scene - You Forgot It in People	4.00 stars
3.00 stars	Bohren & der Club of Gore - Black Earth	3.50 stars
3.00 stars	Sigur Rós - ( )	4.00 stars
4.00 stars	the Mountain Goats - Tallahassee	3.50 stars
4.00 stars	Supersilent - 6	3.00 stars
3.50 stars	The Microphones - Mount Eerie	4.00 stars
3.50 stars	Lightning Bolt - Wonderful Rainbow	3.00 stars
4.00 stars	Magnolia Electric Co. - The Magnolia Electric Co.	3.50 stars
3.50 stars	Yeah Yeah Yeahs - Fever to Tell	3.00 stars
4.00 stars	Four Tet - Rounds	3.00 stars
3.50 stars	Boris - あくまのうた (Akuma no Uta)	4.00 stars
3.00 stars	Sweet Trip - Velocity : Design : Comfort	4.00 stars
4.00 stars	Boris - Boris at Last -Feedbacker-	5.00 stars
3.00 stars	Max Richter - The Blue Notebooks	3.50 stars
4.00 stars	Madvillain - Madvillainy	5.00 stars
3.50 stars	Animal Collective - Sung Tongs	3.00 stars
3.50 stars	Junior Boys - Last Exit	3.00 stars
3.50 stars	The Fiery Furnaces - Blueberry Boat	3.00 stars
3.50 stars	Mastodon - Leviathan	4.00 stars
2.50 stars	Bloc Party - Silent Alarm	3.00 stars
4.00 stars	Sufjan Stevens - Illinois	4.50 stars
4.00 stars	Earth - Hex; or Printing in the Infernal Method	3.00 stars
3.50 stars	Lightning Bolt - Hypermagic Mountain	3.00 stars
4.00 stars	Animal Collective - Feels	3.50 stars
4.00 stars	Boris - Pink	4.00 stars
4.50 stars	Coil - The Ape of Naples	4.50 stars
5.00 stars	J Dilla - Donuts	4.50 stars
3.00 stars	Grizzly Bear - Yellow House	3.00 stars
3.50 stars	Stars of the Lid - And Their Refinement of the Decline	4.00 stars
3.50 stars	Battles - Mirrored	3.50 stars
3.50 stars	The Angelic Process - Weighing Souls With Sand	3.50 stars
3.50 stars	The National - Boxer	4.00 stars
3.00 stars	Spoon - Ga Ga Ga Ga Ga	3.00 stars
4.00 stars	Animal Collective - Strawberry Jam	3.50 stars
4.00 stars	Burial - Untrue	4.00 stars
4.00 stars	Have a Nice Life - Deathconsciousness	4.00 stars
2.50 stars	Midori - あらためまして、はじめまして、ミドリです。 (Aratamemashite, hajimemashite, Midori desu.)	3.00 stars
4.50 stars	Fleet Foxes - Fleet Foxes	3.50 stars
3.00 stars	DJ Sprinkles - Midtown 120 Blues	3.00 stars
4.50 stars	Deerhunter - Microcastle / Weird Era Continued	3.50 stars
4.00 stars	Animal Collective - Merriweather Post Pavilion	4.00 stars
2.50 stars	The Antlers - Hospice	3.00 stars
3.00 stars	Fever Ray - Fever Ray	3.50 stars
3.50 stars	A Place to Bury Strangers - Exploding Head	3.50 stars
4.00 stars	The Flaming Lips - Embryonic	3.50 stars
3.00 stars	Converge - Axe to Fall	3.00 stars
4.50 stars	Beach House - Teen Dream	4.00 stars
3.50 stars	Flying Lotus - Cosmogramma	4.00 stars
3.00 stars	Nails - Unsilent Death	3.00 stars
4.50 stars	Deerhunter - Halcyon Digest	3.50 stars
3.50 stars	Destroyer - Kaputt	3.00 stars
4.00 stars	Colin Stetson - New History Warfare Vol. 2: Judges	3.50 stars
4.00 stars	Grouper - A I A: Alien Observer	3.00 stars
3.00 stars	Giles Corey - Giles Corey	3.00 stars
4.00 stars	The Caretaker - An Empty Bliss Beyond This World	3.50 stars
3.00 stars	Shabazz Palaces - Black Up	3.50 stars
4.00 stars	Thee Oh Sees - Carrion Crawler / The Dream EP	3.50 stars
3.50 stars	Burial - Kindred EP	4.00 stars
3.50 stars	Death Grips - The Money Store	4.00 stars
4.00 stars	Beach House - Bloom	3.50 stars
4.50 stars	Fiona Apple - The Idler Wheel Is Wiser Than the Driver of the Screw and Whipping Cords Will Serve You More Than Ropes Will Ever Do	3.50 stars
4.00 stars	Tame Impala - Lonerism	3.50 stars
3.50 stars	Converge - All We Love We Leave Behind	3.00 stars
4.00 stars	Kendrick Lamar - good kid, m.A.A.d city	4.00 stars
3.50 stars	My Bloody Valentine - m b v	3.00 stars
3.50 stars	Deafheaven - Sunbather	3.50 stars
3.00 stars	Run the Jewels - Run the Jewels	3.50 stars
3.50 stars	Julia Holter - Loud City Song	3.50 stars
3.50 stars	Chelsea Wolfe - Pain Is Beauty	3.00 stars
3.50 stars	Oneohtrix Point Never - R Plus Seven	3.00 stars
4.00 stars	Melt-Banana - Fetch	3.00 stars
4.00 stars	Freddie Gibbs & Madlib - Piñata	3.00 stars
3.50 stars	Run the Jewels - Run the Jewels 2	3.50 stars
3.00 stars	D'Angelo and The Vanguard - Black Messiah	4.00 stars
4.00 stars	Kendrick Lamar - To Pimp a Butterfly	4.50 stars
3.50 stars	Chelsea Wolfe - Abyss	3.50 stars
4.00 stars	Julia Holter - Have You in My Wilderness	3.50 stars
4.00 stars	Joanna Newsom - Divers	4.00 stars
4.00 stars	David Bowie - ★ [Blackstar]	4.50 stars
4.00 stars	King Gizzard and the Lizard Wizard - Nonagon Infinity	3.50 stars
3.50 stars	Radiohead - A Moon Shaped Pool	3.50 stars
4.00 stars	A Tribe Called Quest - We got it from Here... Thank You 4 Your service	3.50 stars
3.00 stars	King Gizzard and the Lizard Wizard - Flying Microtonal Banana	3.00 stars
3.00 stars	Mount Eerie - A Crow Looked at Me	3.50 stars
3.50 stars	Car Seat Headrest - Twin Fantasy	3.00 stars
3.00 stars	Against All Logic - 2012 - 2017	3.50 stars
4.00 stars	Beach House - 7	3.50 stars
4.50 stars	Parquet Courts - Wide Awaaaaake!	3.50 stars
3.50 stars	Mid-Air Thief - 무너지기 (Crumbling)	3.00 stars
3.50 stars	Julia Holter - Aviary	3.50 stars
3.50 stars	Daughters - You Won't Get What You Want	4.50 stars
4.00 stars	Little Simz - Grey Area	3.50 stars
3.50 stars	The Caretaker - Everywhere at the End of Time - Stage 6	3.50 stars
4.00 stars	Weyes Blood - Titanic Rising	4.00 stars
4.00 stars	Freddie Gibbs & Madlib - Bandana	3.50 stars
3.00 stars	LINGUA IGNOTA - Caligula	3.50 stars
4.00 stars	My Bloody Valentine - Loveless	5.00 stars
3.50 stars	Le Mystère des voix bulgares - Le mystère des voix bulgares : volume 1	3.50 stars
3.50 stars	Natural Snow Buildings - The Dance of the Moon and the Sun	3.50 stars
3.00 stars	Willie Nelson - Red Headed Stranger	4.00 stars
3.00 stars	Neutral Milk Hotel - On Avery Island	3.00 stars
4.00 stars	Neutral Milk Hotel - In the Aeroplane Over the Sea	5.00 stars
3.50 stars	The New Pornographers - Twin Cinema	3.00 stars
4.00 stars	Joanna Newsom - Ys	4.50 stars
4.00 stars	of Montreal - Hissing Fauna, Are You the Destroyer?	3.50 stars
3.50 stars	The Olivia Tremor Control - Music From the Unrealized Film Script, Dusk at Cubist Castle	3.50 stars
4.00 stars	Oneohtrix Point Never - Replica	3.00 stars
4.00 stars	OutKast - ATLiens	4.00 stars
3.50 stars	Jai Paul - Leak 04-13 (Bait Ones)	3.00 stars
3.50 stars	Pavement - Watery, Domestic	3.50 stars
4.00 stars	Pere Ubu - The Modern Dance	4.50 stars
3.50 stars	Linda Perhacs - Parallelograms	3.00 stars
4.00 stars	Pink Floyd - The Piper at the Gates of Dawn	4.00 stars
4.00 stars	Poison Idea - Feel the Darkness	3.00 stars
3.00 stars	Elvis Presley - Elvis Presley	3.50 stars
4.00 stars	Radiohead - OK Computer	5.00 stars
4.00 stars	Radiohead - Kid A	5.00 stars
3.50 stars	The Raincoats - The Raincoats	3.00 stars
4.00 stars	Ramones - Ramones	4.50 stars
3.50 stars	Rapeman - Two Nuns and a Pack Mule	3.50 stars
3.50 stars	Jay Reatard - Blood Visions	3.00 stars
4.00 stars	Otis Redding - Otis Blue: Otis Redding Sings Soul	4.50 stars
3.00 stars	Lou Reed - Berlin	3.50 stars
3.50 stars	Steve Reich - Music for 18 Musicians	4.50 stars
3.50 stars	R.E.M. - Reckoning	4.00 stars
3.50 stars	R.E.M. - Lifes Rich Pageant	3.50 stars
3.50 stars	Residents - Meet the Residents	3.00 stars
3.00 stars	Terry Riley - A Rainbow in Curved Air	3.00 stars
3.50 stars	Matana Roberts - Coin Coin Chapter One: Gens de couleur libres	3.50 stars
3.50 stars	Artur Rubinstein - The Nocturnes	4.50 stars
4.00 stars	Rudimentary Peni - Death Church	3.50 stars
3.00 stars	Shit and Shine - Ladybird	3.50 stars
3.50 stars	The Smiths - Hatful of Hollow	4.50 stars
4.00 stars	The Smiths - The Queen Is Dead	5.00 stars
3.50 stars	The Sonic Youth - Sister	4.50 stars
3.50 stars	Sonic Youth - Dirty	3.50 stars
4.00 stars	The Sound - Jeopardy	3.50 stars
3.00 stars	The Specials - Specials	4.00 stars
4.00 stars	Stars of the Lid - The Tired Sounds Of	4.00 stars
4.00 stars	Steely Dan - Aja	4.00 stars
3.50 stars	Stereolab - Mars Audiac Quintet	3.50 stars
4.00 stars	Sufjan Stevens - Carrie & Lowell	4.50 stars
3.50 stars	Suede - Dog Man Star	3.50 stars
2.50 stars	Sun Kil Moon - Benji	3.50 stars
3.50 stars	Sunn O))) - Monoliths & Dimensions	3.00 stars
4.00 stars	Swell Maps - A Trip to Marineville	3.00 stars
4.00 stars	Swell Maps - ...In "Jane From Occupied Europe"	3.50 stars
4.00 stars	Talking Heads - The Name of This Band Is Talking Heads	4.50 stars
4.00 stars	Talk Talk - Spirit of Eden	4.50 stars
3.50 stars	The Tallest Man on Earth - The Wild Hunt	3.50 stars
4.00 stars	Thinking Fellers Union Local 282 - Strangers From the Universe	3.00 stars
4.00 stars	This Heat - This Heat	3.50 stars
3.00 stars	Throbbing Gristle - The Second Annual Report	3.00 stars
3.50 stars	Throbbing Gristle - 20 Jazz Funk Greats	3.50 stars
3.50 stars	Throwing Muses - Throwing Muses	3.00 stars
3.50 stars	TV on the Radio - Return to Cookie Mountain	3.00 stars
3.50 stars	Unsane - Scattered, Smothered & Covered	3.00 stars
3.50 stars	Townes Van Zandt - The Late Great Townes Van Zandt	3.00 stars
4.00 stars	Various Artists - No New York	4.00 stars
4.00 stars	The Velvet Underground - White Light / White Heat	4.50 stars
3.00 stars	The Velvet Underground - Loaded	3.50 stars
3.50 stars	Tom Waits - Swordfishtrombones	4.50 stars
3.50 stars	Tom Waits - Bone Machine	4.50 stars
3.50 stars	Scott Walker - Scott 2	3.00 stars
3.50 stars	Windy & Carl - Drawing of Sound	3.00 stars
4.00 stars	Wipers - Is This Real?	4.00 stars
4.00 stars	Wipers - Youth of America	4.50 stars
3.50 stars	Wolves in the Throne Room - Two Hunters	3.00 stars
3.50 stars	Sheena Ringo - 勝訴ストリップ (Shōso Strip)	3.50 stars
rental and tfreitas06 disagree: (46)
rental	Album	tfreitas06
3.50 stars	Kate Bush - Hounds of Love	5.00 stars
3.50 stars	The Doors - The Doors	5.00 stars
3.00 stars	Fishmans - 98.12.28 男達の別れ (98.12.28 Otokotachi no Wakare)	4.50 stars
3.00 stars	Godspeed You Black Emperor! - Slow Riot for New Zerø Kanada E.P.	4.50 stars
3.00 stars	Joni Mitchell - Blue	4.50 stars
4.50 stars	Moondog - Moondog	3.00 stars
3.50 stars	Miles Davis - Kind of Blue	5.00 stars
3.50 stars	Bob Dylan - Highway 61 Revisited	5.00 stars
3.00 stars	The Jimi Hendrix Experience - Are You Experienced	5.00 stars
3.50 stars	The Beatles - Sgt. Pepper's Lonely Hearts Club Band	5.00 stars
2.50 stars	Led Zeppelin - Led Zeppelin	4.50 stars
3.00 stars	Frank Zappa - Hot Rats	4.50 stars
3.50 stars	The Stooges - Fun House	5.00 stars
3.00 stars	Marvin Gaye - What's Going On	5.00 stars
3.00 stars	Black Sabbath - Master of Reality	5.00 stars
3.00 stars	Patti Smith - Horses	4.50 stars
5.00 stars	Wipers - Over the Edge	3.50 stars
3.00 stars	Prince - Sign "☮" the Times	4.50 stars
2.50 stars	The Stone Roses - The Stone Roses	4.00 stars
3.50 stars	The Cure - Disintegration	5.00 stars
3.50 stars	Slowdive - Souvlaki	5.00 stars
3.00 stars	Smashing Pumpkins - Siamese Dream	4.50 stars
3.50 stars	Nas - Illmatic	5.00 stars
3.50 stars	Portishead - Dummy	5.00 stars
3.50 stars	Death - Symbolic	5.00 stars
3.00 stars	Burzum - Filosofem	4.50 stars
3.50 stars	Swans - Soundtracks for the Blind	5.00 stars
3.00 stars	Fishmans - Long Season	4.50 stars
3.50 stars	DJ Shadow - Endtroducing.....	5.00 stars
3.00 stars	Elliott Smith - Either / Or	4.50 stars
3.00 stars	Björk - Homogenic	5.00 stars
3.00 stars	Swans - Swans Are Dead	4.50 stars
3.50 stars	Boards of Canada - Music Has the Right to Children	5.00 stars
2.50 stars	Bonnie 'Prince' Billy - I See a Darkness	4.00 stars
3.00 stars	Sigur Rós - Ágætis byrjun	4.50 stars
3.50 stars	Godspeed You Black Emperor! - Lift Yr. Skinny Fists Like Antennas to Heaven!	5.00 stars
4.50 stars	Fennesz - Endless Summer	3.00 stars
3.00 stars	Björk - Vespertine	4.50 stars
3.00 stars	Sleep - Dopesmoker	4.50 stars
3.00 stars	Swans - The Seer	4.50 stars
2.00 stars	Swans - The Glowing Man	3.50 stars
3.50 stars	Pink Floyd - The Dark Side of the Moon	5.00 stars
2.00 stars	Pink Floyd - Wish You Were Here	5.00 stars
3.00 stars	Public Enemy - It Takes a Nation of Millions to Hold Us Back	5.00 stars
3.50 stars	Talking Heads - Remain in Light	5.00 stars
3.50 stars	Tom Waits - Rain Dogs	5.00 stars
