rental	Album	tristansandler
3.00 stars	American Football - American Football	3.50 stars
3.50 stars	Bark Psychosis - Hex	3.50 stars
3.50 stars	Bauhaus - In the Flat Field	4.00 stars
4.00 stars	The Beach Boys - Pet Sounds	5.00 stars
4.00 stars	Beat Happening - You Turn Me On	4.50 stars
4.00 stars	The Beatles - Abbey Road	5.00 stars
4.00 stars	Belle & Sebastian - Dear Catastrophe Waitress	3.50 stars
3.50 stars	Chuck Berry - The Great Twenty-Eight	4.00 stars
4.00 stars	Black Eyes - Black Eyes	3.00 stars
4.00 stars	black midi - Schlagenheim	4.00 stars
4.00 stars	Art Blakey and The Jazz Messengers - Art Blakey and The Jazz Messengers [Moanin']	4.50 stars
3.50 stars	Boards of Canada - Geogaddi	3.50 stars
4.00 stars	The Books - The Lemon of Pink	3.50 stars
3.00 stars	Boredoms - Super æ	3.50 stars
3.50 stars	David Bowie - Station to Station	4.50 stars
3.00 stars	Tim Buckley - Goodbye and Hello	3.50 stars
4.00 stars	Tim Buckley - Starsailor	3.00 stars
3.50 stars	Kate Bush - Hounds of Love	4.50 stars
4.00 stars	Butthole Surfers - Locust Abortion Technician	3.50 stars
3.00 stars	The Cars - The Cars	4.00 stars
3.00 stars	Nick Cave & The Bad Seeds - Skeleton Tree	4.00 stars
3.50 stars	Chuck Person - Chuck Person's Eccojams Vol. 1	4.00 stars
4.00 stars	Cloud Nothings - Attack on Memory	4.00 stars
3.50 stars	Cocteau Twins - Head Over Heels	4.00 stars
4.00 stars	Cocteau Twins - Heaven or Las Vegas	5.00 stars
5.00 stars	Ornette Coleman - The Shape of Jazz to Come	4.00 stars
4.00 stars	Comus - First Utterance	4.50 stars
4.00 stars	Crass - Penis Envy	3.50 stars
3.50 stars	The Damned - Damned Damned Damned	3.50 stars
4.00 stars	Miles Davis - Get Up With It	4.50 stars
3.50 stars	Death Grips - Government Plates	3.50 stars
3.50 stars	Deerhunter - Fading Frontier	4.00 stars
4.00 stars	Lana Del Rey - Norman Fucking Rockwell!	4.00 stars
4.00 stars	Descendents - Milo Goes to College	3.50 stars
3.50 stars	Dinosaur Jr. - Beyond	3.50 stars
4.00 stars	DJ Screw - Bigtyme Vol II: All Screwed Up	4.00 stars
3.50 stars	Nick Drake - Five Leaves Left	3.50 stars
3.00 stars	Ekkehard Ehlers - Plays	3.50 stars
4.00 stars	The Fall - Perverted by Language	4.50 stars
4.00 stars	Fleet Foxes - Crack-Up	4.00 stars
3.50 stars	Flipper - Album: Generic Flipper	3.50 stars
4.00 stars	Fontaines D.C. - Dogrel	3.50 stars
4.00 stars	The Fresh & Onlys - Play It Strange	3.00 stars
3.50 stars	Fugazi - Repeater	4.00 stars
4.00 stars	Gang of Four - Entertainment!	5.00 stars
3.50 stars	Girlpool - Before the World Was Big	3.50 stars
3.50 stars	Girls - Album	4.50 stars
4.00 stars	Colleen Green - I Want to Grow Up	4.00 stars
3.00 stars	Grimes - Visions	4.00 stars
3.50 stars	Grouper - Dragging a Dead Deer Up a Hill	3.50 stars
4.00 stars	Guided by Voices - Alien Lanes	4.00 stars
3.00 stars	Françoise Hardy - Françoise Hardy [La question]	3.50 stars
3.50 stars	Tim Hecker - Virgins	3.50 stars
3.50 stars	Jon Hopkins - Immunity	3.50 stars
3.50 stars	Hüsker Dü - Everything Falls Apart	3.00 stars
4.00 stars	Hüsker Dü - New Day Rising	4.50 stars
3.00 stars	Kero Kero Bonito - Bonito Generation	4.00 stars
4.00 stars	Kendrick Lamar - DAMN.	5.00 stars
4.00 stars	Les Savy Fav - Inches	4.00 stars
3.50 stars	Lil Wayne - Da Drought 3	4.00 stars
4.00 stars	Love - Forever Changes	4.50 stars
3.50 stars	Low - Things We Lost in the Fire	4.00 stars
3.50 stars	Curtis Mayfield - Superfly	4.00 stars
4.00 stars	Metallica - Ride the Lightning	4.00 stars
3.00 stars	Charlie Mingus - Blues & Roots	4.00 stars
3.00 stars	Joni Mitchell - Blue	3.00 stars
4.00 stars	Modest Mouse - This Is a Long Drive for Someone With Nothing to Think About	4.00 stars
3.50 stars	Janelle Monáe - The ArchAndroid	3.50 stars
3.50 stars	Janelle Monáe - The Electric Lady	4.00 stars
3.50 stars	Miles Davis - Kind of Blue	4.50 stars
3.50 stars	John Coltrane - My Favorite Things	4.00 stars
4.00 stars	Mingus - The Black Saint and the Sinner Lady	4.00 stars
3.00 stars	The Ronettes - Presenting The Fabulous Ronettes Featuring Veronica	3.50 stars
3.50 stars	Albert Ayler Trio - Spiritual Unity	4.50 stars
4.00 stars	John Coltrane - A Love Supreme	4.50 stars
3.50 stars	Bob Dylan - Bringing It All Back Home	4.50 stars
3.50 stars	Nina Simone - Pastel Blues	4.50 stars
4.50 stars	The Velvet Underground & Nico - The Velvet Underground & Nico	5.00 stars
3.00 stars	Captain Beefheart and His Magic Band - Safe as Milk	4.00 stars
3.50 stars	Leonard Cohen - Songs of Leonard Cohen	4.50 stars
4.00 stars	Dr. John, The Night Tripper - Gris-Gris	3.50 stars
4.00 stars	The Zombies - Odessey and Oracle	4.50 stars
3.50 stars	Os Mutantes - Os Mutantes	4.00 stars
3.50 stars	The Millennium - Begin	3.50 stars
4.00 stars	The Kinks - The Kinks Are the Village Green Preservation Society	5.00 stars
3.50 stars	Van Morrison - Astral Weeks	4.50 stars
3.50 stars	The Pretty Things - S.F. Sorrow	4.00 stars
4.00 stars	The Velvet Underground - The Velvet Underground	5.00 stars
3.50 stars	Tim Buckley - Happy Sad	3.00 stars
3.50 stars	Pharoah Sanders - Karma	4.50 stars
4.00 stars	Captain Beefheart & His Magic Band - Trout Mask Replica	3.00 stars
3.50 stars	Miles Davis - In a Silent Way	4.50 stars
4.00 stars	The Can - Monster Movie	3.50 stars
3.00 stars	The Stooges - The Stooges	4.00 stars
4.00 stars	Townes Van Zandt - Townes Van Zandt	4.00 stars
4.50 stars	Scott Engel - Scott 4	4.00 stars
3.00 stars	Frank Zappa - Hot Rats	3.50 stars
3.50 stars	Fairport Convention - Liege & Lief	3.00 stars
4.00 stars	Exuma - Exuma	4.00 stars
3.50 stars	Syd Barrett - The Madcap Laughs	4.50 stars
3.00 stars	Crosby, Stills, Nash & Young - Déjà vu	3.00 stars
4.00 stars	Creedence Clearwater Revival - Cosmo's Factory	4.00 stars
3.00 stars	Amon Düül II - Yeti	3.50 stars
3.50 stars	Nick Drake - Bryter Layter	3.50 stars
3.50 stars	Chico Buarque - Construção	3.50 stars
3.50 stars	Faust - Faust	4.00 stars
4.00 stars	Serge Gainsbourg - Histoire de Melody Nelson	4.00 stars
3.00 stars	Marvin Gaye - What's Going On	4.00 stars
3.50 stars	The Who - Who's Next	4.50 stars
4.00 stars	Can - Tago Mago	4.50 stars
4.00 stars	David Bowie - Hunky Dory	5.00 stars
4.00 stars	Nick Drake - Pink Moon	4.00 stars
3.00 stars	Big Star - #1 Record	4.00 stars
4.00 stars	Milton Nascimento & Lô Borges - Clube da Esquina	4.00 stars
4.00 stars	David Bowie - The Rise and Fall of Ziggy Stardust and the Spiders From Mars	5.00 stars
3.50 stars	Steely Dan - Can't Buy a Thrill	4.00 stars
4.50 stars	Can - Ege Bamyasi	5.00 stars
3.50 stars	Lou Reed - Transformer	4.50 stars
4.00 stars	Iggy and The Stooges - Raw Power	4.50 stars
4.00 stars	Todd Rundgren - A Wizard, A True Star	4.00 stars
3.50 stars	David Bowie - Aladdin Sane	4.50 stars
4.00 stars	Steely Dan - Countdown to Ecstasy	4.00 stars
3.50 stars	Stevie Wonder - Innervisions	4.50 stars
3.50 stars	Can - Future Days	4.50 stars
3.00 stars	Steely Dan - Pretzel Logic	4.00 stars
3.50 stars	Sparks - Kimono My House	4.50 stars
3.00 stars	Patti Smith - Horses	3.50 stars
4.00 stars	Stevie Wonder - Songs in the Key of Life	4.50 stars
3.50 stars	Fela Anikulapo Kuti and Afrika 70 - Zombie	4.00 stars
4.00 stars	David Bowie - Low	5.00 stars
3.50 stars	Fleetwood Mac - Rumours	4.50 stars
4.00 stars	Television - Marquee Moon	5.00 stars
3.50 stars	Iggy Pop - The Idiot	4.50 stars
3.50 stars	The Clash - The Clash	4.50 stars
4.00 stars	Talking Heads - Talking Heads: 77	3.50 stars
4.00 stars	Ramones - Rocket to Russia	4.50 stars
4.00 stars	Suicide - Suicide	5.00 stars
4.50 stars	Wire - Pink Flag	5.00 stars
3.50 stars	Brian Eno - Ambient 1: Music for Airports	4.00 stars
3.50 stars	Kraftwerk - Die Mensch-Maschine	4.50 stars
3.00 stars	Magazine - Real Life	4.00 stars
4.00 stars	Talking Heads - More Songs About Buildings and Food	4.50 stars
4.00 stars	Wire - Chairs Missing	5.00 stars
4.00 stars	Devo - Q: Are We Not Men? A: We Are Devo!	5.00 stars
3.50 stars	Blondie - Parallel Lines	4.00 stars
3.50 stars	Pere Ubu - Dub Housing	3.50 stars
4.00 stars	The Pop Group - Y	3.50 stars
4.50 stars	The Slits - Cut	4.50 stars
3.50 stars	Buzzcocks - Singles Going Steady	4.50 stars
4.00 stars	Wire - 154	4.50 stars
4.00 stars	PiL - Metal Box	4.50 stars
3.50 stars	Germs - (GI)	3.50 stars
3.50 stars	Young Marble Giants - Colossal Youth	4.50 stars
3.50 stars	The Feelies - Crazy Rhythms	4.50 stars
4.00 stars	X - Los Angeles	4.00 stars
4.00 stars	The Soft Boys - Underwater Moonlight	4.00 stars
3.00 stars	Dexys Midnight Runners - Searching for the Young Soul Rebels	4.00 stars
3.50 stars	Dead Kennedys - Fresh Fruit for Rotting Vegetables	3.50 stars
3.00 stars	Circle Jerks - Group Sex	4.00 stars
4.00 stars	Television Personalities - ...And Don't the Kids Just Love It	4.00 stars
3.50 stars	Gang of Four - Solid Gold	3.50 stars
3.50 stars	The Cure - Faith	3.00 stars
4.50 stars	Mission of Burma - Signals, Calls, and Marches	3.50 stars
3.00 stars	The Replacements - Sorry Ma, Forgot to Take Out the Trash	3.00 stars
4.00 stars	The Gun Club - Fire of Love	3.50 stars
4.00 stars	This Heat - Deceit	4.00 stars
4.00 stars	Glenn Branca - The Ascension	3.50 stars
3.50 stars	Soft Cell - Non-Stop Erotic Cabaret	4.00 stars
3.50 stars	Misfits - Walk Among Us	3.50 stars
4.50 stars	The Fall - Hex Enduction Hour	5.00 stars
3.50 stars	The Faith / Void - The Faith / Void	4.00 stars
4.50 stars	Mission of Burma - Vs.	4.50 stars
3.50 stars	Dead Kennedys - Plastic Surgery Disasters	3.50 stars
2.50 stars	U2 - War	3.50 stars
3.50 stars	Sonic-Youth - Confusion Is Sex	3.00 stars
3.50 stars	R.E.M. - Murmur	4.50 stars
3.50 stars	Manuel Göttsching - E2-E4	3.00 stars
3.50 stars	Butthole Surfers - Psychic...Powerless...Another Man's Sac	3.50 stars
4.00 stars	The Smiths - The Smiths	4.00 stars
4.50 stars	Meat Puppets - Meat Puppets II	5.00 stars
4.00 stars	Hüsker Dü - Zen Arcade	5.00 stars
4.00 stars	The Replacements - Let It Be	5.00 stars
5.00 stars	Minutemen - Double Nickels on the Dime	5.00 stars
4.00 stars	Cocteau Twins - Treasure	4.50 stars
3.00 stars	Camper Van Beethoven - Telephone Free Landslide Victory	3.50 stars
3.50 stars	Tears for Fears - Songs From the Big Chair	3.50 stars
3.50 stars	The Smiths - Meat Is Murder	3.50 stars
3.50 stars	Sonic-Youth - Bad Moon Rising	3.00 stars
4.00 stars	Meat Puppets - Up on the Sun	5.00 stars
4.00 stars	Prefab Sprout - Steve McQueen	3.50 stars
4.00 stars	Mekons - Fear and Whiskey	4.50 stars
3.50 stars	Hüsker Dü - Flip Your Wig	4.00 stars
4.00 stars	The Fall - This Nation's Saving Grace	5.00 stars
3.00 stars	Talk Talk - The Colour of Spring	3.50 stars
4.00 stars	Metallica - Master of Puppets	5.00 stars
3.50 stars	Slayer - Reign in Blood	4.50 stars
3.50 stars	XTC - Skylarking	4.50 stars
3.50 stars	Hüsker Dü - Warehouse: Songs and Stories	4.00 stars
4.50 stars	Dinosaur - You're Living All Over Me	5.00 stars
4.00 stars	Galaxie 500 - Today	4.00 stars
3.50 stars	Cocteau Twins - Blue Bell Knoll	4.50 stars
4.00 stars	Sonic Youth - Daydream Nation	5.00 stars
3.50 stars	Dinosaur Jr - Bug	4.00 stars
3.50 stars	My Bloody Valentine - Isn't Anything	4.50 stars
2.50 stars	The Stone Roses - The Stone Roses	3.50 stars
4.50 stars	Pixies - Doolittle	5.00 stars
3.50 stars	The Wedding Present - Bizarro	3.50 stars
3.00 stars	The Sundays - Reading, Writing and Arithmetic	3.50 stars
3.00 stars	Nick Cave & The Bad Seeds - The Good Son	3.50 stars
3.50 stars	Ride - Nowhere	4.50 stars
4.00 stars	The Jesus Lizard - Goat	4.00 stars
5.00 stars	Slint - Spiderland	5.00 stars
3.00 stars	Slowdive - Just for a Day	3.50 stars
2.50 stars	Red Hot Chili Peppers - Blood Sugar Sex Magik	2.00 stars
3.50 stars	Nirvana - Nevermind	4.50 stars
3.50 stars	A Tribe Called Quest - The Low End Theory	4.50 stars
3.00 stars	Superchunk - No Pocky for Kitty	4.00 stars
4.00 stars	Talk Talk - Laughing Stock	3.50 stars
5.00 stars	Pavement - Slanted and Enchanted	5.00 stars
3.50 stars	Red House Painters - Down Colorful Hill	3.00 stars
4.00 stars	The Jesus Lizard - Liar	4.00 stars
3.00 stars	Rage Against the Machine - Rage Against the Machine	3.50 stars
3.00 stars	The Pharcyde - Bizarre Ride II the Pharcyde	4.00 stars
3.00 stars	Superchunk - On the Mouth	4.00 stars
3.50 stars	Swirlies - Blonder Tongue Audio Baton	4.00 stars
3.50 stars	Slowdive - Souvlaki	4.00 stars
3.00 stars	Fugazi - In on the Kill Taker	4.00 stars
3.00 stars	Smashing Pumpkins - Siamese Dream	4.00 stars
4.50 stars	Yo La Tengo - Painful	5.00 stars
4.00 stars	Wu-Tang Clan - Enter the Wu-Tang (36 Chambers)	5.00 stars
4.50 stars	Pavement - Crooked Rain, Crooked Rain	5.00 stars
4.00 stars	Low - I Could Live in Hope	4.00 stars
4.00 stars	Disco Inferno - D. I. Go Pop	4.00 stars
3.50 stars	Nick Cave and The Bad Seeds - Let Love In	4.50 stars
3.50 stars	Nas - Illmatic	4.50 stars
3.50 stars	Weezer - Weezer [Blue Album]	4.50 stars
3.00 stars	Lush - Split	4.00 stars
3.50 stars	Kyuss - Kyuss [Welcome to Sky Valley]	3.50 stars
5.00 stars	Guided by Voices - Bee Thousand	4.50 stars
3.50 stars	Portishead - Dummy	4.50 stars
4.00 stars	Sebadoh - Bakesale	4.00 stars
4.00 stars	Shellac - At Action Park	3.50 stars
4.00 stars	Oval - 94 Diskont	3.00 stars
3.50 stars	Death - Symbolic	4.00 stars
4.00 stars	Tindersticks - Tindersticks [II]	4.00 stars
3.50 stars	Fugazi - Red Medicine	4.00 stars
3.50 stars	Sonic Youth - Washing Machine	4.50 stars
3.00 stars	The Magnetic Fields - Get Lost	4.00 stars
3.50 stars	Autechre - Tri repetae	4.00 stars
4.00 stars	Tortoise - Millions Now Living Will Never Die	4.00 stars
3.00 stars	Burzum - Filosofem	4.00 stars
3.50 stars	Stereolab - Emperor Tomato Ketchup	4.00 stars
3.50 stars	Guided by Voices - Under the Bushes Under the Stars	3.50 stars
4.00 stars	Brainiac - Hissing Prigs in Static Couture	3.50 stars
4.00 stars	Weezer - Pinkerton	4.50 stars
3.50 stars	Swans - Soundtracks for the Blind	3.50 stars
4.00 stars	Aphex Twin - Richard D. James Album	5.00 stars
4.00 stars	Belle and Sebastian - If You're Feeling Sinister	4.00 stars
3.50 stars	DJ Shadow - Endtroducing.....	4.00 stars
3.50 stars	Pavement - Brighten the Corners	4.00 stars
3.00 stars	Sleater-Kinney - Dig Me Out	4.00 stars
4.00 stars	Yo La Tengo - I Can Hear the Heart Beating as One	5.00 stars
3.50 stars	Prodigy - The Fat of the Land	3.50 stars
3.00 stars	AIR - Moon Safari	3.00 stars
3.50 stars	Tortoise - TNT	3.50 stars
3.00 stars	Gorguts - Obscura	3.50 stars
3.00 stars	Mercury Rev - Deserter's Songs	4.00 stars
3.00 stars	Smog - Knock Knock	4.00 stars
4.00 stars	Blur - 13	3.50 stars
3.50 stars	Pavement - Terror Twilight	3.00 stars
4.00 stars	The Magnetic Fields - 69 Love Songs	5.00 stars
3.50 stars	The Dismemberment Plan - Emergency & I	3.00 stars
3.50 stars	Yo La Tengo - And Then Nothing Turned Itself Inside-Out	4.00 stars
3.00 stars	Eminem - The Marshall Mathers LP	3.50 stars
3.50 stars	Luomo - Vocalcity	3.50 stars
4.00 stars	Modest Mouse - The Moon & Antarctica	5.00 stars
3.50 stars	Avey Tare and Panda Bear - Spirit They're Gone Spirit They've Vanished	3.50 stars
3.50 stars	Godspeed You Black Emperor! - Lift Yr. Skinny Fists Like Antennas to Heaven!	4.50 stars
3.00 stars	PJ Harvey - Stories From the City, Stories From the Sea	4.00 stars
3.50 stars	The Clientele - Suburban Light	3.50 stars
4.00 stars	Unwound - Leaves Turn Inside You	4.00 stars
3.00 stars	Cannibal Ox - The Cold Vein	4.00 stars
3.50 stars	Ted Leo / Pharmacists - The Tyranny of Distance	4.50 stars
4.50 stars	Fennesz - Endless Summer	4.00 stars
4.00 stars	Converge - Jane Doe	3.50 stars
3.00 stars	Aesop Rock - Labor Days	4.00 stars
3.50 stars	Fugazi - The Argument	4.00 stars
3.50 stars	Liars - They Threw Us All in a Trench and Stuck a Monument on Top	4.50 stars
3.50 stars	Jim O'Rourke - Insignificance	4.00 stars
3.00 stars	Michael Mayer - Immer	3.50 stars
3.50 stars	...And You Will Know Us by the Trail of Dead - Source Tags & Codes	3.00 stars
4.50 stars	Wilco - Yankee Hotel Foxtrot	5.00 stars
4.00 stars	The Books - Thought for Food	4.00 stars
3.00 stars	Sonic Youth - Murray Street	4.00 stars
4.00 stars	Interpol - Turn On the Bright Lights	3.50 stars
3.50 stars	Queens of the Stone Age - Songs for the Deaf	3.00 stars
4.00 stars	Broken Social Scene - You Forgot It in People	5.00 stars
3.00 stars	Sigur Rós - ( )	3.50 stars
4.00 stars	the Mountain Goats - Tallahassee	3.50 stars
3.50 stars	The Microphones - Mount Eerie	4.00 stars
3.50 stars	Lightning Bolt - Wonderful Rainbow	3.50 stars
4.00 stars	Deerhoof - Apple O'	3.50 stars
3.00 stars	Manitoba - Up in Flames	4.00 stars
3.00 stars	Sleep - Dopesmoker	3.50 stars
3.50 stars	Yeah Yeah Yeahs - Fever to Tell	4.00 stars
4.00 stars	Four Tet - Rounds	4.00 stars
3.50 stars	Boris - あくまのうた (Akuma no Uta)	4.00 stars
3.50 stars	Broadcast - Haha Sound	3.50 stars
4.00 stars	The Fiery Furnaces - Gallowsbird's Bark	3.50 stars
4.00 stars	Boris - Boris at Last -Feedbacker-	4.00 stars
3.00 stars	Max Richter - The Blue Notebooks	3.50 stars
4.00 stars	Madvillain - Madvillainy	4.00 stars
3.50 stars	Devendra Banhart - Rejoicing in the Hands	3.50 stars
3.50 stars	Animal Collective - Sung Tongs	4.50 stars
3.50 stars	Junior Boys - Last Exit	4.00 stars
3.50 stars	Mastodon - Leviathan	4.50 stars
2.50 stars	Bloc Party - Silent Alarm	3.00 stars
3.50 stars	Art Brut - Bang Bang Rock & Roll	3.50 stars
4.00 stars	Sufjan Stevens - Illinois	3.00 stars
4.00 stars	Earth - Hex; or Printing in the Infernal Method	4.00 stars
4.00 stars	Animal Collective - Feels	5.00 stars
4.00 stars	Boris - Pink	4.00 stars
5.00 stars	J Dilla - Donuts	5.00 stars
3.00 stars	Grizzly Bear - Yellow House	4.00 stars
3.50 stars	Deerhoof - Friend Opportunity	4.00 stars
3.50 stars	Battles - Mirrored	4.00 stars
3.50 stars	The Angelic Process - Weighing Souls With Sand	3.50 stars
3.50 stars	The National - Boxer	3.50 stars
3.50 stars	Jens Lekman - Night Falls Over Kortedala	3.50 stars
4.00 stars	Animal Collective - Strawberry Jam	5.00 stars
4.00 stars	MGMT - Oracular Spectacular	4.00 stars
4.00 stars	Have a Nice Life - Deathconsciousness	4.00 stars
4.50 stars	Fleet Foxes - Fleet Foxes	5.00 stars
3.50 stars	Mount Eerie with Julie Doiron & Fred Squire - Lost Wisdom	4.00 stars
4.50 stars	Deerhunter - Microcastle / Weird Era Continued	4.50 stars
4.00 stars	Animal Collective - Merriweather Post Pavilion	5.00 stars
2.50 stars	The Antlers - Hospice	3.00 stars
3.50 stars	Japandroids - Post-Nothing	4.00 stars
4.00 stars	The Flaming Lips - Embryonic	3.50 stars
3.00 stars	Vampire Weekend - Contra	4.00 stars
3.00 stars	Four Tet - There Is Love in You	4.00 stars
4.50 stars	Beach House - Teen Dream	5.00 stars
3.50 stars	Flying Lotus - Cosmogramma	4.50 stars
3.00 stars	Emeralds - Does It Look Like I'm Here?	3.50 stars
4.00 stars	Ariel Pink's Haunted Graffiti - Before Today	4.50 stars
3.00 stars	OPN - Returnal	3.50 stars
4.50 stars	Deerhunter - Halcyon Digest	4.50 stars
3.50 stars	Destroyer - Kaputt	3.50 stars
3.50 stars	Frank Ocean - Nostalgia, Ultra.	3.50 stars
4.00 stars	Death Grips - Exmilitary	3.50 stars
4.00 stars	The Caretaker - An Empty Bliss Beyond This World	4.50 stars
4.00 stars	Kendrick Lamar - Section.80	3.50 stars
4.00 stars	Danny Brown - XXX	3.50 stars
3.50 stars	Real Estate - Days	3.50 stars
3.50 stars	James Ferraro - Far Side Virtual	3.50 stars
3.50 stars	Death Grips - The Money Store	4.50 stars
4.00 stars	Beach House - Bloom	4.50 stars
3.00 stars	Japandroids - Celebration Rock	3.50 stars
4.50 stars	Fiona Apple - The Idler Wheel Is Wiser Than the Driver of the Screw and Whipping Cords Will Serve You More Than Ropes Will Ever Do	4.00 stars
3.50 stars	Frank Ocean - channel ORANGE	4.50 stars
4.00 stars	Grizzly Bear - Shields	4.00 stars
4.00 stars	Death Grips - NO LOVE DEEP WEB	3.00 stars
4.00 stars	Tame Impala - Lonerism	5.00 stars
4.00 stars	Mac DeMarco - 2	3.50 stars
4.00 stars	Kendrick Lamar - good kid, m.A.A.d city	4.50 stars
3.00 stars	James Blake - Overgrown	3.00 stars
4.00 stars	Deerhunter - Monomania	4.00 stars
4.00 stars	Vampire Weekend - Modern Vampires of the City	5.00 stars
3.00 stars	Run the Jewels - Run the Jewels	4.00 stars
4.00 stars	Fuck Buttons - Slow Focus	3.50 stars
3.50 stars	Julia Holter - Loud City Song	3.00 stars
3.50 stars	Forest Swords - Engravings	3.50 stars
3.50 stars	Oneohtrix Point Never - R Plus Seven	4.00 stars
3.50 stars	Darkside - Psychic	3.50 stars
3.50 stars	DJ Rashad - Double Cup	4.00 stars
4.00 stars	Freddie Gibbs & Madlib - Piñata	3.50 stars
3.50 stars	Cloud Nothings - Here and Nowhere Else	4.00 stars
4.00 stars	Mac DeMarco - Salad Days	3.50 stars
3.00 stars	Todd Terje - It's Album Time	4.00 stars
4.00 stars	Ought - More Than Any Other Day	3.50 stars
3.50 stars	Sharon Van Etten - Are We There	3.50 stars
3.50 stars	Parquet Courts - Sunbathing Animal	4.00 stars
4.00 stars	Iceage - Plowing Into the Field of Love	4.00 stars
3.50 stars	Run the Jewels - Run the Jewels 2	4.50 stars
4.00 stars	Parkay Quarts - Content Nausea	3.50 stars
3.00 stars	２８１４ - 新しい日の誕生 (Atarashī hi no tanjō)	3.50 stars
4.00 stars	Levon Vincent - Levon Vincent	3.00 stars
4.00 stars	Kendrick Lamar - To Pimp a Butterfly	4.50 stars
4.00 stars	Earl Sweatshirt - I Don't Like Shit, I Don't Go Outside	3.00 stars
4.50 stars	Young Thug - Barter 6	4.00 stars
3.50 stars	Speedy Ortiz - Foil Deer	3.50 stars
3.50 stars	Hop Along - Painted Shut	3.50 stars
3.50 stars	Holly Herndon - Platform	3.00 stars
3.50 stars	Carly Rae Jepsen - E·MO·TION	4.00 stars
4.00 stars	Future - DS2	3.50 stars
4.50 stars	Beach House - Depression Cherry	4.00 stars
4.00 stars	Julia Holter - Have You in My Wilderness	3.50 stars
4.00 stars	Joanna Newsom - Divers	4.50 stars
3.50 stars	Floating Points - Elaenia	3.50 stars
4.00 stars	David Bowie - ★ [Blackstar]	4.50 stars
3.50 stars	Kendrick Lamar - untitled unmastered.	4.00 stars
4.50 stars	Denzel Curry - Imperial	3.50 stars
4.00 stars	Frankie Cosmos - Next Thing	3.00 stars
3.50 stars	Tim Hecker - Love Streams	3.00 stars
3.00 stars	White Lung - Paradise	3.00 stars
3.50 stars	Death Grips - Bottomless Pit	3.50 stars
3.50 stars	Radiohead - A Moon Shaped Pool	4.50 stars
3.50 stars	Car Seat Headrest - Teens of Denial	4.00 stars
3.50 stars	PUP - The Dream Is Over	3.50 stars
3.50 stars	Huerco S. - For Those of You Who Have Never (And Also Those Who Have)	3.00 stars
5.00 stars	Mitski - Puberty 2	4.00 stars
3.50 stars	The Avalanches - Wildflower	4.00 stars
5.00 stars	Frank Ocean - Blonde	5.00 stars
3.50 stars	Young Thug - JEFFERY	4.00 stars
4.00 stars	Angel Olsen - MY WOMAN	4.00 stars
4.00 stars	Danny Brown - Atrocity Exhibition	4.50 stars
4.00 stars	A Tribe Called Quest - We got it from Here... Thank You 4 Your service	4.00 stars
3.50 stars	Forest Swords - Compassion	3.50 stars
3.50 stars	Girlpool - Powerplant	3.50 stars
4.00 stars	(Sandy) Alex G - Rocket	3.00 stars
4.00 stars	Young Thug - Beautiful Thugger Girls	3.50 stars
3.50 stars	Sheer Mag - Need to Feel Your Love	4.00 stars
4.50 stars	Tyler, the Creator - Flower Boy	3.50 stars
4.00 stars	King Krule - The Ooz	4.00 stars
3.50 stars	Car Seat Headrest - Twin Fantasy	4.00 stars
3.50 stars	Iceage - Beyondless	4.00 stars
3.50 stars	Playboi Carti - Die Lit	4.00 stars
4.00 stars	Beach House - 7	4.50 stars
4.50 stars	Parquet Courts - Wide Awaaaaake!	4.00 stars
4.00 stars	Pusha T - DAYTONA	4.50 stars
3.50 stars	Oneohtrix Point Never - Age Of	4.00 stars
3.00 stars	Kids See Ghosts - Kids See Ghosts	4.00 stars
3.50 stars	Snail Mail - Lush	3.50 stars
4.00 stars	Mitski - Be the Cowboy	4.00 stars
3.50 stars	Blood Orange - Negro Swan	3.50 stars
3.50 stars	Yves Tumor - Safe in the Hands of Love	4.00 stars
3.50 stars	Low - Double Negative	3.50 stars
3.50 stars	Daughters - You Won't Get What You Want	3.50 stars
4.50 stars	Earl Sweatshirt - Some Rap Songs	4.00 stars
3.50 stars	Jessica Pratt - Quiet Signs	3.00 stars
3.00 stars	Vampire Weekend - Father of the Bride	3.00 stars
3.50 stars	Big Thief - U.F.O.F.	3.50 stars
2.50 stars	Kacey Musgraves - Golden Hour	3.50 stars
4.00 stars	My Bloody Valentine - Loveless	5.00 stars
3.00 stars	Neutral Milk Hotel - On Avery Island	4.00 stars
4.00 stars	Neutral Milk Hotel - In the Aeroplane Over the Sea	5.00 stars
3.50 stars	The New Pornographers - Twin Cinema	4.00 stars
4.00 stars	Joanna Newsom - Ys	5.00 stars
4.00 stars	of Montreal - Hissing Fauna, Are You the Destroyer?	4.00 stars
4.00 stars	Angel Olsen - Burn Your Fire for No Witness	4.00 stars
4.00 stars	Oneohtrix Point Never - Replica	4.00 stars
4.00 stars	Ought - Sun Coming Down	3.00 stars
4.00 stars	OutKast - ATLiens	4.50 stars
3.00 stars	The Pains of Being Pure at Heart - The Pains of Being Pure at Heart	3.50 stars
5.00 stars	Parquet Courts - Human Performance	4.50 stars
4.00 stars	Pere Ubu - The Modern Dance	4.00 stars
4.00 stars	Ariel Pink - Pom Pom	4.50 stars
3.50 stars	Ariel Pink - Dedicated to Bobby Jameson	4.00 stars
4.00 stars	Pink Floyd - The Piper at the Gates of Dawn	4.50 stars
3.50 stars	Pink Floyd - The Dark Side of the Moon	4.00 stars
2.00 stars	Pink Floyd - Wish You Were Here	2.50 stars
3.00 stars	Elvis Presley - Elvis Presley	4.00 stars
3.00 stars	Public Enemy - It Takes a Nation of Millions to Hold Us Back	4.00 stars
4.00 stars	Radiohead - OK Computer	5.00 stars
4.00 stars	Radiohead - Kid A	5.00 stars
3.50 stars	The Raincoats - The Raincoats	4.00 stars
4.00 stars	Ramones - Ramones	5.00 stars
3.50 stars	Jay Reatard - Blood Visions	4.00 stars
4.00 stars	Otis Redding - Otis Blue: Otis Redding Sings Soul	4.50 stars
3.50 stars	Steve Reich - Music for 18 Musicians	3.50 stars
3.50 stars	R.E.M. - Reckoning	4.00 stars
3.50 stars	Terry Riley - In C	3.50 stars
3.00 stars	Terry Riley - A Rainbow in Curved Air	3.00 stars
3.50 stars	Screaming Females - Rose Mountain	3.00 stars
4.00 stars	The Smiths - The Queen Is Dead	5.00 stars
3.00 stars	Soccer Mommy - Clean	3.50 stars
3.50 stars	Sonic Youth - Dirty	4.50 stars
4.00 stars	The Sound - Jeopardy	3.50 stars
4.00 stars	Steely Dan - Aja	4.50 stars
3.50 stars	Stereolab - Mars Audiac Quintet	4.00 stars
4.00 stars	Sufjan Stevens - Carrie & Lowell	3.50 stars
3.50 stars	Andy Stott - Faith in Strangers	3.50 stars
3.50 stars	Suede - Dog Man Star	4.00 stars
2.50 stars	Sun Kil Moon - Benji	3.50 stars
3.50 stars	Sunn O))) - Monoliths & Dimensions	4.50 stars
4.00 stars	Talk Talk - Spirit of Eden	4.00 stars
3.50 stars	Teenage Fanclub - Grand Prix	3.50 stars
3.50 stars	Throbbing Gristle - 20 Jazz Funk Greats	4.00 stars
3.50 stars	TV on the Radio - Return to Cookie Mountain	4.50 stars
4.00 stars	The Velvet Underground - White Light / White Heat	5.00 stars
3.50 stars	Tom Waits - Swordfishtrombones	4.00 stars
3.50 stars	Tom Waits - Rain Dogs	4.50 stars
3.50 stars	Tom Waits - Bone Machine	4.00 stars
3.50 stars	Whitney - Light Upon the Lake	3.50 stars
4.00 stars	Yo La Tengo - I Am Not Afraid of You and I Will Beat Your Ass	4.50 stars
rental and tristansandler disagree: (83)
rental	Album	tristansandler
3.50 stars	Aphex Twin - Selected Ambient Works 85-92	5.00 stars
3.50 stars	David Bowie - "Heroes"	5.00 stars
4.50 stars	Coil - Horse Rotorvator	3.00 stars
3.50 stars	Joy Division - Closer	5.00 stars
3.00 stars	LCD Soundsystem - This Is Happening	5.00 stars
3.50 stars	The Microphones - The Glow Pt. 2	5.00 stars
3.50 stars	Bob Dylan - Highway 61 Revisited	5.00 stars
3.50 stars	Bob Dylan - Blonde on Blonde	5.00 stars
3.00 stars	Ennio Morricone - Il buono, il brutto, il cattivo	4.50 stars
3.00 stars	The Byrds - Younger Than Yesterday	4.50 stars
3.00 stars	The Jimi Hendrix Experience - Are You Experienced	4.50 stars
3.50 stars	The Beatles - Sgt. Pepper's Lonely Hearts Club Band	5.00 stars
3.50 stars	The Kinks - Something Else by The Kinks	5.00 stars
2.50 stars	Led Zeppelin - Led Zeppelin	4.50 stars
3.50 stars	The Kinks - Arthur or the Decline and Fall of the British Empire	5.00 stars
3.50 stars	Miles Davis - Bitches Brew	5.00 stars
3.50 stars	The Stooges - Fun House	5.00 stars
3.00 stars	Black Sabbath - Master of Reality	4.50 stars
3.50 stars	T. Rex - Electric Warrior	5.00 stars
3.50 stars	Eno - Here Come the Warm Jets	5.00 stars
3.50 stars	Neil Young - On the Beach	5.00 stars
3.50 stars	Eno - Taking Tiger Mountain (By Strategy)	5.00 stars
3.50 stars	Bob Dylan - Blood on the Tracks	5.00 stars
3.50 stars	Eno - Another Green World	5.00 stars
3.50 stars	Kraftwerk - Trans Europa Express	5.00 stars
3.00 stars	Elvis Costello - This Year's Model	5.00 stars
3.50 stars	Joy Division - Unknown Pleasures	5.00 stars
3.50 stars	Talking Heads - Fear of Music	5.00 stars
3.00 stars	Prince - Dirty Mind	5.00 stars
3.00 stars	Kraftwerk - Computerwelt	5.00 stars
3.00 stars	Michael Jackson - Thriller	4.50 stars
3.50 stars	Violent Femmes - Violent Femmes	5.00 stars
3.50 stars	Prince and The Revolution - Purple Rain	5.00 stars
3.50 stars	The Jesus and Mary Chain - Psychocandy	5.00 stars
3.50 stars	Sonic Youth - EVOL	5.00 stars
3.00 stars	Prince - Sign "☮" the Times	5.00 stars
3.50 stars	Pixies - Surfer Rosa	5.00 stars
3.50 stars	The Cure - Disintegration	5.00 stars
3.50 stars	Beastie Boys - Paul's Boutique	5.00 stars
3.50 stars	Sonic Youth - Goo	5.00 stars
3.00 stars	Tindersticks - Tindersticks	4.50 stars
3.50 stars	Pavement - Wowee Zowee	5.00 stars
3.00 stars	Beck - Odelay	5.00 stars
3.50 stars	Built to Spill - Perfect From Now On	5.00 stars
3.00 stars	Elliott Smith - Either / Or	4.50 stars
3.00 stars	Spiritualized® - Ladies and Gentlemen We Are Floating in Space	4.50 stars
3.00 stars	Björk - Homogenic	5.00 stars
3.50 stars	Modest Mouse - The Lonesome Crowded West	5.00 stars
3.50 stars	Boards of Canada - Music Has the Right to Children	5.00 stars
2.50 stars	Bonnie 'Prince' Billy - I See a Darkness	5.00 stars
3.00 stars	Built to Spill - Keep It Like a Secret	5.00 stars
3.00 stars	Sigur Rós - Ágætis byrjun	4.50 stars
3.50 stars	The Flaming Lips - The Soft Bulletin	5.00 stars
3.00 stars	Clinic - Internal Wrangler	4.50 stars
5.00 stars	Life Without Buildings - Any Other City	3.50 stars
3.00 stars	Björk - Vespertine	4.50 stars
3.50 stars	Spoon - Kill the Moonlight	5.00 stars
3.50 stars	The Fiery Furnaces - Blueberry Boat	5.00 stars
3.00 stars	Spoon - Ga Ga Ga Ga Ga	5.00 stars
2.50 stars	Cut Copy - In Ghost Colours	4.00 stars
3.50 stars	Kanye West - My Beautiful Dark Twisted Fantasy	5.00 stars
5.00 stars	Parquet Courts - Light Up Gold	3.50 stars
3.50 stars	My Bloody Valentine - m b v	5.00 stars
3.50 stars	Deafheaven - Sunbather	5.00 stars
3.00 stars	Kanye West - Yeezus	5.00 stars
2.50 stars	Ty Segall - Manipulator	4.00 stars
3.00 stars	D'Angelo and The Vanguard - Black Messiah	5.00 stars
4.00 stars	Lower Dens - Escape From Evil	2.50 stars
3.00 stars	Deafheaven - New Bermuda	5.00 stars
2.00 stars	Swans - The Glowing Man	3.50 stars
3.00 stars	Blood Orange - Freetown Sound	4.50 stars
4.50 stars	Weyes Blood - Front Row Seat to Earth	3.00 stars
3.00 stars	Mount Eerie - A Crow Looked at Me	5.00 stars
3.50 stars	Deafheaven - Ordinary Corrupt Human Love	5.00 stars
3.50 stars	The Olivia Tremor Control - Music From the Unrealized Film Script, Dusk at Cubist Castle	5.00 stars
3.50 stars	Pavement - Watery, Domestic	5.00 stars
3.00 stars	Lou Reed - Berlin	4.50 stars
3.50 stars	The Smiths - Hatful of Hollow	5.00 stars
3.50 stars	The Sonic Youth - Sister	5.00 stars
3.00 stars	The Specials - Specials	4.50 stars
3.50 stars	Talking Heads - Remain in Light	5.00 stars
3.00 stars	The Velvet Underground - Loaded	5.00 stars
4.50 stars	WHY? - Alopecia	3.00 stars