rental	Album	vastell
3.50 stars	Adonis - Wiosenna ofensywa nie trwa dłużej niż do letnich wakacji	4.00 stars
3.00 stars	American Football - American Football	3.50 stars
4.00 stars	Animal Collective - Fall Be Kind	4.00 stars
4.00 stars	Antena - Camino del sol	4.00 stars
3.50 stars	Aphex Twin - Selected Ambient Works 85-92	4.00 stars
3.00 stars	Armand Hammer - Paraffin	3.50 stars
3.50 stars	Bark Psychosis - Hex	4.50 stars
4.00 stars	William Basinski - The Disintegration Loops	4.50 stars
3.50 stars	William Basinski - The Disintegration Loops II	4.00 stars
3.50 stars	William Basinski - The Disintegration Loops III	4.50 stars
3.50 stars	William Basinski - The Disintegration Loops IV	3.50 stars
3.50 stars	Bastarda - Promitat eterno	4.00 stars
3.50 stars	Bauhaus - In the Flat Field	3.50 stars
4.00 stars	The Beach Boys - Pet Sounds	5.00 stars
4.00 stars	Beat Happening - You Turn Me On	3.00 stars
4.00 stars	The Beatles - Abbey Road	4.50 stars
4.00 stars	Belle & Sebastian - Dear Catastrophe Waitress	3.50 stars
4.00 stars	Bibio - Ambivalence Avenue	3.00 stars
4.00 stars	Black Eyes - Black Eyes	4.00 stars
4.00 stars	black midi - Schlagenheim	3.50 stars
3.00 stars	James Blake - Assume Form	3.50 stars
4.00 stars	Art Blakey and The Jazz Messengers - Art Blakey and The Jazz Messengers [Moanin']	4.00 stars
3.50 stars	Boards of Canada - Geogaddi	4.00 stars
3.50 stars	Boards of Canada - The Campfire Headphase	4.00 stars
3.50 stars	Boris - flood	4.00 stars
3.50 stars	David Bowie - "Heroes"	4.00 stars
4.00 stars	David Thomas Broughton - The Complete Guide to Insufficiency	4.00 stars
3.00 stars	Tim Buckley - Goodbye and Hello	4.00 stars
4.00 stars	Tim Buckley - Starsailor	4.00 stars
4.00 stars	Burial - Street Halo	3.50 stars
4.00 stars	Can - Soundtracks	3.50 stars
3.00 stars	Jefre Cantu-Ledesma - On the Echoing Green	3.00 stars
3.00 stars	Nick Cave & The Bad Seeds - Skeleton Tree	3.00 stars
4.00 stars	Cloud Nothings - Attack on Memory	4.50 stars
3.50 stars	Cocteau Twins - Head Over Heels	4.00 stars
4.00 stars	Cocteau Twins - Heaven or Las Vegas	4.50 stars
4.50 stars	Coil - Horse Rotorvator	3.50 stars
4.00 stars	Coil - Musick to Play in the Dark	5.00 stars
5.00 stars	Ornette Coleman - The Shape of Jazz to Come	4.50 stars
4.00 stars	Comus - First Utterance	4.50 stars
3.50 stars	Converge - The Dusk in Us	4.00 stars
3.50 stars	Cool Kids of Death - Cool Kids of Death	3.50 stars
3.50 stars	Cul de Sac - Crashes to Light, Minutes to Its Fall	4.00 stars
3.50 stars	Daughters - Daughters	3.50 stars
4.00 stars	Miles Davis - Get Up With It	4.50 stars
3.50 stars	Death Grips - Government Plates	3.00 stars
3.50 stars	Deerhunter - Fading Frontier	3.50 stars
4.00 stars	Reinbert de Leeuw - Gnossiennes; Gymnopédies; Ogives; Trois sarabandes; Petite ouverture à danser	5.00 stars
4.00 stars	Lana Del Rey - Norman Fucking Rockwell!	4.00 stars
3.50 stars	The Doors - The Doors	4.00 stars
3.50 stars	Nick Drake - Five Leaves Left	3.50 stars
3.50 stars	The Drones - Wait Long by the River and the Bodies of Your Enemies Will Float By	3.50 stars
3.50 stars	The Drones - Feelin Kinda Free	3.50 stars
4.00 stars	The Durutti Column - LC	4.00 stars
3.00 stars	Fad Gadget - Fireside Favourites	3.50 stars
3.50 stars	John Fahey - Volume 5: The Transfiguration of Blind Joe Death	3.00 stars
4.00 stars	The Fall - Slates	4.00 stars
3.50 stars	The Field Mice - Snowball	3.50 stars
4.00 stars	Fleet Foxes - Crack-Up	3.00 stars
3.50 stars	Ben Frost - By the Throat	3.50 stars
3.50 stars	Fuck Buttons - Tarot Sport	3.00 stars
3.50 stars	Fugazi - Repeater	4.00 stars
4.00 stars	Gang of Four - Entertainment!	5.00 stars
3.50 stars	The Gerogerigegege - 燃えない灰 (Moenai Hai)	4.00 stars
4.00 stars	Philip Glass - Glassworks	5.00 stars
4.00 stars	Philip Glass - Koyaanisqatsi	3.50 stars
4.50 stars	The Go-Betweens - 16 Lovers Lane	4.00 stars
3.50 stars	Gołębie - Dachy	4.00 stars
3.00 stars	Grimes - Visions	3.50 stars
3.50 stars	Grouper - Dragging a Dead Deer Up a Hill	3.50 stars
4.00 stars	Guided by Voices - Alien Lanes	3.50 stars
3.00 stars	Françoise Hardy - Françoise Hardy [La question]	4.00 stars
3.00 stars	Have a Nice Life - The Unnatural World	4.00 stars
4.00 stars	Tim Hecker - Harmony in Ultraviolet	4.50 stars
3.50 stars	Tim Hecker - Virgins	4.00 stars
3.50 stars	Jon Hopkins - Immunity	3.50 stars
3.00 stars	HTRK - Nostalgia	3.50 stars
4.00 stars	Hüsker Dü - New Day Rising	4.00 stars
3.50 stars	Joy Division - Closer	4.50 stars
3.00 stars	Kero Kero Bonito - Bonito Generation	3.50 stars
3.00 stars	kIRk - Msza Święta w Brąswałdzie	3.50 stars
3.50 stars	Królestwo - Ćwiczenia repetytywne	3.00 stars
4.00 stars	Kendrick Lamar - DAMN.	3.00 stars
3.50 stars	Lenny Valentino - Uwaga! Jedzie tramwaj	4.50 stars
4.00 stars	Les Savy Fav - Inches	3.50 stars
4.00 stars	Love - Forever Changes	4.00 stars
3.50 stars	Low - Things We Lost in the Fire	3.00 stars
4.00 stars	Metallica - Ride the Lightning	3.50 stars
4.00 stars	MGMT - Little Dark Age	3.50 stars
3.50 stars	Minutemen - Buzz or Howl Under the Influence of Heat	4.50 stars
3.00 stars	Joni Mitchell - Blue	3.00 stars
3.00 stars	Młody π - zdycham powoli ale konsekwentnie ep	3.50 stars
3.50 stars	Mobb Deep - The Infamous	4.00 stars
4.00 stars	Modest Mouse - This Is a Long Drive for Someone With Nothing to Think About	3.50 stars
3.50 stars	Janelle Monáe - The ArchAndroid	3.00 stars
4.50 stars	Moondog - Moondog	4.00 stars
4.00 stars	Morphine - Cure for Pain	3.50 stars
3.00 stars	Muchy - Terroromans	3.50 stars
3.50 stars	Miles Davis - Kind of Blue	3.50 stars
3.50 stars	John Coltrane - My Favorite Things	4.00 stars
4.00 stars	The Ornette Coleman Double Quartet - Free Jazz	3.00 stars
4.00 stars	Mingus - The Black Saint and the Sinner Lady	5.00 stars
4.00 stars	John Coltrane - A Love Supreme	5.00 stars
3.50 stars	Bob Dylan - Bringing It All Back Home	4.00 stars
3.50 stars	Bob Dylan - Highway 61 Revisited	4.00 stars
3.50 stars	Junior Wells' Chicago Blues Band - Hoodoo Man Blues	4.00 stars
4.50 stars	Jackson C. Frank - Jackson C. Frank	4.50 stars
3.50 stars	Bob Dylan - Blonde on Blonde	3.50 stars
3.00 stars	Love - Da Capo	3.00 stars
3.50 stars	Komeda Quintet - Astigmatic	4.50 stars
3.00 stars	The Byrds - Younger Than Yesterday	3.50 stars
4.50 stars	The Velvet Underground & Nico - The Velvet Underground & Nico	4.50 stars
3.00 stars	The Jimi Hendrix Experience - Are You Experienced	3.50 stars
3.50 stars	The Beatles - Sgt. Pepper's Lonely Hearts Club Band	4.00 stars
3.00 stars	Captain Beefheart and His Magic Band - Safe as Milk	3.50 stars
3.50 stars	The Kinks - Something Else by The Kinks	3.50 stars
3.50 stars	Leonard Cohen - Songs of Leonard Cohen	4.50 stars
4.00 stars	The Zombies - Odessey and Oracle	4.00 stars
4.00 stars	The Kinks - The Kinks Are the Village Green Preservation Society	4.00 stars
3.50 stars	Van Morrison - Astral Weeks	3.00 stars
2.50 stars	Led Zeppelin - Led Zeppelin	3.50 stars
4.00 stars	The Velvet Underground - The Velvet Underground	4.50 stars
3.50 stars	Tim Buckley - Happy Sad	3.50 stars
3.50 stars	Pharoah Sanders - Karma	3.00 stars
4.00 stars	Captain Beefheart & His Magic Band - Trout Mask Replica	4.00 stars
3.50 stars	Miles Davis - In a Silent Way	4.00 stars
4.00 stars	The Can - Monster Movie	3.50 stars
3.00 stars	The Stooges - The Stooges	3.50 stars
4.50 stars	Scott Engel - Scott 4	4.50 stars
3.00 stars	Frank Zappa - Hot Rats	4.00 stars
4.00 stars	Exuma - Exuma	3.50 stars
3.50 stars	Syd Barrett - The Madcap Laughs	3.00 stars
3.50 stars	Miles Davis - Bitches Brew	4.50 stars
3.50 stars	The Stooges - Fun House	4.50 stars
3.50 stars	Nick Drake - Bryter Layter	4.00 stars
4.00 stars	Serge Gainsbourg - Histoire de Melody Nelson	4.50 stars
3.00 stars	Marvin Gaye - What's Going On	4.00 stars
3.00 stars	Black Sabbath - Master of Reality	3.50 stars
3.50 stars	The Who - Who's Next	2.50 stars
3.50 stars	T. Rex - Electric Warrior	3.50 stars
4.00 stars	Can - Tago Mago	4.50 stars
4.00 stars	David Bowie - Hunky Dory	4.00 stars
3.50 stars	Pharoah Sanders - Black Unity	4.00 stars
4.00 stars	Nick Drake - Pink Moon	4.50 stars
3.00 stars	Big Star - #1 Record	3.00 stars
4.00 stars	Milton Nascimento & Lô Borges - Clube da Esquina	4.50 stars
4.00 stars	David Bowie - The Rise and Fall of Ziggy Stardust and the Spiders From Mars	4.50 stars
3.00 stars	T. Rex - The Slider	3.50 stars
3.50 stars	Steely Dan - Can't Buy a Thrill	3.50 stars
4.50 stars	Can - Ege Bamyasi	4.50 stars
4.00 stars	Novos Baianos - Acabou chorare	3.50 stars
3.50 stars	Lou Reed - Transformer	4.00 stars
4.00 stars	Iggy and The Stooges - Raw Power	4.50 stars
4.00 stars	Todd Rundgren - A Wizard, A True Star	3.50 stars
3.50 stars	David Bowie - Aladdin Sane	4.00 stars
4.00 stars	Steely Dan - Countdown to Ecstasy	3.50 stars
3.50 stars	Stevie Wonder - Innervisions	4.00 stars
3.50 stars	Can - Future Days	4.00 stars
3.50 stars	Eno - Here Come the Warm Jets	3.50 stars
3.00 stars	Steely Dan - Pretzel Logic	3.00 stars
3.50 stars	Sparks - Kimono My House	3.00 stars
3.50 stars	Eno - Taking Tiger Mountain (By Strategy)	4.00 stars
3.00 stars	NEU! - NEU! '75	4.00 stars
3.50 stars	Bob Dylan - Blood on the Tracks	4.00 stars
3.50 stars	Eno - Another Green World	4.50 stars
3.00 stars	Patti Smith - Horses	3.00 stars
4.00 stars	Stevie Wonder - Songs in the Key of Life	4.00 stars
4.00 stars	David Bowie - Low	5.00 stars
3.50 stars	Fleetwood Mac - Rumours	4.00 stars
4.00 stars	Television - Marquee Moon	4.50 stars
3.50 stars	Kraftwerk - Trans Europa Express	4.50 stars
3.50 stars	Iggy Pop - The Idiot	3.50 stars
3.50 stars	The Stranglers - Stranglers IV (Rattus Norvegicus)	2.50 stars
3.50 stars	The Clash - The Clash	4.00 stars
4.00 stars	Talking Heads - Talking Heads: 77	4.00 stars
4.00 stars	Suicide - Suicide	3.50 stars
4.50 stars	Wire - Pink Flag	4.50 stars
3.50 stars	Brian Eno - Ambient 1: Music for Airports	4.00 stars
3.00 stars	Elvis Costello - This Year's Model	3.00 stars
3.50 stars	Kraftwerk - Die Mensch-Maschine	4.00 stars
4.00 stars	Talking Heads - More Songs About Buildings and Food	4.00 stars
4.00 stars	Wire - Chairs Missing	4.50 stars
4.00 stars	Devo - Q: Are We Not Men? A: We Are Devo!	3.00 stars
3.50 stars	Blondie - Parallel Lines	3.50 stars
3.50 stars	Pere Ubu - Dub Housing	4.00 stars
4.00 stars	Public Image Ltd - Public Image	3.50 stars
3.50 stars	Lizzy Mercier Descloux - Press Color	3.50 stars
4.00 stars	Chrome - Half Machine Lip Moves	3.50 stars
4.00 stars	Black Flag - Nervous Breakdown	4.00 stars
3.50 stars	Stiff Little Fingers - Inflammable Material	3.00 stars
3.50 stars	Contortions - Buy	3.50 stars
4.00 stars	The Pop Group - Y	3.50 stars
3.50 stars	Joy Division - Unknown Pleasures	4.00 stars
4.00 stars	Chic - Risqué	4.00 stars
3.50 stars	Talking Heads - Fear of Music	4.50 stars
3.50 stars	Buzzcocks - Singles Going Steady	4.00 stars
4.00 stars	Wire - 154	4.00 stars
4.00 stars	PiL - Metal Box	4.50 stars
3.50 stars	Maanam - Maanam	3.50 stars
3.50 stars	Young Marble Giants - Colossal Youth	4.00 stars
3.50 stars	The Feelies - Crazy Rhythms	3.50 stars
4.00 stars	X - Los Angeles	3.00 stars
3.50 stars	Dead Kennedys - Fresh Fruit for Rotting Vegetables	3.50 stars
3.00 stars	Prince - Dirty Mind	4.00 stars
3.50 stars	Yōran - Montparnasse	4.00 stars
4.00 stars	Tuxedomoon - Desire	3.50 stars
3.50 stars	The Cure - Faith	4.00 stars
3.00 stars	Kraftwerk - Computerwelt	3.50 stars
3.50 stars	Au Pairs - Playing With a Different Sex	3.50 stars
4.50 stars	Mission of Burma - Signals, Calls, and Marches	4.00 stars
4.00 stars	The Gun Club - Fire of Love	3.50 stars
4.00 stars	This Heat - Deceit	4.50 stars
3.50 stars	Rip Rig + Panic - God	4.00 stars
3.50 stars	Einstürzende Neubauten - Kollaps	3.50 stars
4.00 stars	Glenn Branca - The Ascension	4.50 stars
3.00 stars	Orchestral Manœuvres in the Dark - Architecture & Morality	4.00 stars
3.50 stars	Andie Oppenheimer - New Mexico	3.50 stars
3.50 stars	Solid Space - Space Museum	4.50 stars
4.50 stars	The Fall - Hex Enduction Hour	4.00 stars
4.50 stars	Mission of Burma - Vs.	3.50 stars
3.00 stars	Michael Jackson - Thriller	4.00 stars
3.50 stars	Minutemen - What Makes a Man Start Fires?	3.50 stars
3.50 stars	Djeli Moussa Diawara - Yasimika	4.00 stars
3.50 stars	Sonic-Youth - Confusion Is Sex	3.50 stars
3.50 stars	Violent Femmes - Violent Femmes	4.00 stars
3.50 stars	R.E.M. - Murmur	4.50 stars
3.00 stars	New Order - Power, Corruption & Lies	4.00 stars
3.50 stars	Butthole Surfers - Psychic...Powerless...Another Man's Sac	2.50 stars
4.00 stars	The Smiths - The Smiths	3.50 stars
3.50 stars	Prince and The Revolution - Purple Rain	4.50 stars
4.00 stars	Hüsker Dü - Zen Arcade	4.00 stars
4.00 stars	The Replacements - Let It Be	4.00 stars
4.50 stars	Staatsorchester Stuttgart / Lithuanian Chamber Orchestra / The 12 Cellists of the Berlin Philharmonic Orchestra / Dennis Russell Davies / Saulius Sondeckis / Gidon Kremer / Keith Jarrett / Tatjana Grindenko / Alfred Schnittke - Tabula rasa	4.50 stars
5.00 stars	Minutemen - Double Nickels on the Dime	4.00 stars
4.00 stars	Cocteau Twins - Treasure	4.50 stars
3.50 stars	Tears for Fears - Songs From the Big Chair	4.00 stars
3.50 stars	The Smiths - Meat Is Murder	3.50 stars
3.50 stars	Killing Joke - Night Time	4.00 stars
4.00 stars	Meat Puppets - Up on the Sun	3.50 stars
4.00 stars	Prefab Sprout - Steve McQueen	4.50 stars
4.00 stars	The Fall - This Nation's Saving Grace	4.00 stars
3.50 stars	The Jesus and Mary Chain - Psychocandy	3.50 stars
4.00 stars	Big Black - Atomizer	4.50 stars
3.50 stars	Sonic Youth - EVOL	4.00 stars
3.50 stars	Felt - Forever Breathes the Lonely Word	4.00 stars
3.50 stars	Slayer - Reign in Blood	4.00 stars
3.50 stars	XTC - Skylarking	4.00 stars
3.00 stars	Prince - Sign "☮" the Times	4.00 stars
4.50 stars	Dinosaur - You're Living All Over Me	4.00 stars
3.50 stars	Big Black - Songs About Fucking	4.00 stars
3.50 stars	Game Theory - Lolita Nation	2.50 stars
4.00 stars	Galaxie 500 - Today	3.50 stars
3.50 stars	Pixies - Surfer Rosa	4.00 stars
3.50 stars	Cocteau Twins - Blue Bell Knoll	4.00 stars
4.00 stars	Sonic Youth - Daydream Nation	4.00 stars
3.50 stars	My Bloody Valentine - Isn't Anything	4.00 stars
2.50 stars	The Stone Roses - The Stone Roses	3.00 stars
4.50 stars	Pixies - Doolittle	3.50 stars
3.50 stars	The Cure - Disintegration	4.00 stars
3.50 stars	Beastie Boys - Paul's Boutique	4.00 stars
4.00 stars	NoMeansNo - Wrong	4.50 stars
3.50 stars	Godflesh - Streetcleaner	2.50 stars
3.00 stars	The Sundays - Reading, Writing and Arithmetic	4.00 stars
4.00 stars	Sun City Girls - Torch of the Mystics	3.50 stars
3.00 stars	Nick Cave & The Bad Seeds - The Good Son	3.50 stars
3.50 stars	Sonic Youth - Goo	4.00 stars
4.00 stars	Prefab Sprout - Jordan: The Comeback	4.00 stars
3.50 stars	Ride - Nowhere	4.00 stars
3.00 stars	Ecstasy of St. Theresa - Pigment	3.50 stars
4.00 stars	The Jesus Lizard - Goat	3.50 stars
5.00 stars	Slint - Spiderland	4.00 stars
4.50 stars	Les Rallizes dénudés - '77 Live	3.50 stars
3.00 stars	Slowdive - Just for a Day	4.00 stars
3.50 stars	Nirvana - Nevermind	3.50 stars
3.50 stars	A Tribe Called Quest - The Low End Theory	4.00 stars
4.00 stars	Talk Talk - Laughing Stock	4.50 stars
3.50 stars	God - Possession	3.50 stars
5.00 stars	Pavement - Slanted and Enchanted	4.00 stars
3.50 stars	London Sinfonietta / David Zinman / Dawn Upshaw - Symphony No. 3	3.00 stars
3.50 stars	Red House Painters - Down Colorful Hill	4.00 stars
3.50 stars	ABBA - ABBA Gold: Greatest Hits	4.00 stars
4.00 stars	The Jesus Lizard - Liar	3.50 stars
3.00 stars	Rage Against the Machine - Rage Against the Machine	3.50 stars
3.00 stars	The Pharcyde - Bizarre Ride II the Pharcyde	3.50 stars
4.50 stars	Moss Icon - Lyburnum Wits End Liberation Fly	4.00 stars
3.50 stars	Swirlies - Blonder Tongue Audio Baton	3.50 stars
3.00 stars	Fugazi - In on the Kill Taker	4.00 stars
4.00 stars	Unwound - Fake Train	3.50 stars
3.00 stars	Smashing Pumpkins - Siamese Dream	3.00 stars
4.50 stars	Yo La Tengo - Painful	4.00 stars
3.00 stars	Tindersticks - Tindersticks	3.00 stars
4.00 stars	Wu-Tang Clan - Enter the Wu-Tang (36 Chambers)	5.00 stars
3.00 stars	Autechre - Incunabula	4.00 stars
3.50 stars	Auktyon - Птица	3.50 stars
4.00 stars	Ata Kak - Obaa Sima	3.50 stars
4.50 stars	Pavement - Crooked Rain, Crooked Rain	4.00 stars
4.00 stars	Low - I Could Live in Hope	4.00 stars
4.00 stars	Disco Inferno - D. I. Go Pop	4.00 stars
3.50 stars	Unwound - New Plastic Ideas	4.00 stars
3.50 stars	Nick Cave and The Bad Seeds - Let Love In	3.50 stars
3.50 stars	Nas - Illmatic	4.50 stars
3.50 stars	Weezer - Weezer [Blue Album]	3.50 stars
3.00 stars	Lush - Split	4.00 stars
3.50 stars	Kyuss - Kyuss [Welcome to Sky Valley]	3.50 stars
5.00 stars	Guided by Voices - Bee Thousand	4.00 stars
3.50 stars	Portishead - Dummy	4.50 stars
4.00 stars	Shellac - At Action Park	4.00 stars
3.50 stars	Autechre - Amber	4.00 stars
4.00 stars	Oval - 94 Diskont	4.00 stars
3.00 stars	Slowdive - Pygmalion	4.00 stars
3.50 stars	Pavement - Wowee Zowee	3.50 stars
3.50 stars	Unwound - The Future of What	3.50 stars
4.50 stars	Three-6 Mafia - Mystic Stylez	4.00 stars
3.50 stars	Fugazi - Red Medicine	4.00 stars
3.50 stars	Sonic Youth - Washing Machine	4.00 stars
3.00 stars	The Magnetic Fields - Get Lost	3.50 stars
3.50 stars	Autechre - Tri repetae	4.00 stars
3.50 stars	Księżyc - Księżyc	3.50 stars
3.50 stars	Ground-Zero - 革命京劇 Revolutionary Pekinese Opera Ver.1.28 (Kakumeikyōgeki)	4.00 stars
4.00 stars	Tortoise - Millions Now Living Will Never Die	4.00 stars
3.00 stars	Burzum - Filosofem	3.50 stars
3.50 stars	Stereolab - Emperor Tomato Ketchup	4.50 stars
3.50 stars	Unwound - Repetition	4.00 stars
4.00 stars	Cul de Sac - China Gate	3.50 stars
3.00 stars	Beck - Odelay	4.00 stars
4.00 stars	Weezer - Pinkerton	4.00 stars
4.00 stars	Aphex Twin - Richard D. James Album	3.50 stars
3.50 stars	Labradford - Labradford	3.00 stars
4.00 stars	Belle and Sebastian - If You're Feeling Sinister	4.00 stars
3.50 stars	DJ Shadow - Endtroducing.....	4.00 stars
3.50 stars	Built to Spill - Perfect From Now On	4.50 stars
3.50 stars	Pavement - Brighten the Corners	4.00 stars
3.00 stars	Sleater-Kinney - Dig Me Out	3.50 stars
4.00 stars	Yo La Tengo - I Can Hear the Heart Beating as One	4.00 stars
3.00 stars	Spiritualized® - Ladies and Gentlemen We Are Floating in Space	4.00 stars
3.00 stars	µ-Ziq - Lunatic Harness	2.50 stars
3.50 stars	Oxbow - Serenade in Red	3.50 stars
3.50 stars	Modest Mouse - The Lonesome Crowded West	4.50 stars
3.50 stars	Takács Quartet - The 6 String Quartets	4.50 stars
4.00 stars	Eliane Radigue - Trilogie de la mort	3.00 stars
3.00 stars	AIR - Moon Safari	3.50 stars
3.50 stars	Tortoise - TNT	4.00 stars
3.50 stars	Boards of Canada - Music Has the Right to Children	4.00 stars
3.00 stars	Gorguts - Obscura	3.50 stars
3.00 stars	Mercury Rev - Deserter's Songs	4.00 stars
2.50 stars	Bonnie 'Prince' Billy - I See a Darkness	3.50 stars
3.00 stars	Built to Spill - Keep It Like a Secret	4.00 stars
4.00 stars	Triple Six Mafia - Underground Vol. 1: 1991-1994	4.00 stars
4.00 stars	Blur - 13	4.00 stars
3.00 stars	The Black Heart Procession - 2	3.50 stars
3.00 stars	Sigur Rós - Ágætis byrjun	4.00 stars
4.00 stars	The Magnetic Fields - 69 Love Songs	4.00 stars
3.50 stars	The Dismemberment Plan - Emergency & I	4.50 stars
4.00 stars	Jim O'Rourke - Halfway to a Threeway	4.50 stars
3.50 stars	Yo La Tengo - And Then Nothing Turned Itself Inside-Out	4.00 stars
3.00 stars	Eminem - The Marshall Mathers LP	3.00 stars
3.50 stars	Luomo - Vocalcity	4.00 stars
4.00 stars	Modest Mouse - The Moon & Antarctica	4.50 stars
3.50 stars	Avey Tare and Panda Bear - Spirit They're Gone Spirit They've Vanished	4.00 stars
3.50 stars	Godspeed You Black Emperor! - Lift Yr. Skinny Fists Like Antennas to Heaven!	4.00 stars
3.50 stars	Electric Wizard - Dopethrone	4.00 stars
3.00 stars	PJ Harvey - Stories From the City, Stories From the Sea	2.50 stars
3.50 stars	The Clientele - Suburban Light	4.00 stars
3.50 stars	Jan Jelinek - Loop-finding-jazz-records	4.00 stars
5.00 stars	Life Without Buildings - Any Other City	4.50 stars
4.00 stars	Unwound - Leaves Turn Inside You	5.00 stars
3.00 stars	Cannibal Ox - The Cold Vein	4.00 stars
4.50 stars	Fennesz - Endless Summer	4.00 stars
3.00 stars	Björk - Vespertine	3.50 stars
3.00 stars	Sparklehorse - It's a Wonderful Life	3.50 stars
4.00 stars	Converge - Jane Doe	5.00 stars
3.00 stars	Aesop Rock - Labor Days	2.50 stars
3.50 stars	Fugazi - The Argument	4.00 stars
3.50 stars	Hood - Cold House	4.50 stars
3.50 stars	Jim O'Rourke - Insignificance	3.50 stars
3.00 stars	Tim Hecker - Haunt Me, Haunt Me Do It Again	4.00 stars
3.50 stars	Cody ChesnuTT - The Headphone Masterpiece	2.50 stars
4.50 stars	Ariel Pink's Haunted Graffiti - House Arrest + Lover Boy	3.50 stars
4.50 stars	Xiu Xiu - Knife Play	4.00 stars
3.50 stars	...And You Will Know Us by the Trail of Dead - Source Tags & Codes	4.50 stars
3.50 stars	Farben - Textstar	4.00 stars
4.50 stars	Wilco - Yankee Hotel Foxtrot	4.00 stars
3.50 stars	Akufen - My Way	4.00 stars
4.00 stars	The Books - Thought for Food	3.00 stars
3.00 stars	Sonic Youth - Murray Street	3.00 stars
3.00 stars	Carissa's Wierd - Songs About Leaving	3.50 stars
3.50 stars	Spoon - Kill the Moonlight	3.50 stars
4.00 stars	Interpol - Turn On the Bright Lights	4.00 stars
3.50 stars	Queens of the Stone Age - Songs for the Deaf	3.50 stars
4.00 stars	Broken Social Scene - You Forgot It in People	4.50 stars
3.00 stars	Sigur Rós - ( )	3.50 stars
3.00 stars	Bohren & der Club of Gore - Black Earth	3.50 stars
4.50 stars	Xiu Xiu - A Promise	3.50 stars
3.50 stars	Lightning Bolt - Wonderful Rainbow	2.50 stars
4.00 stars	Magnolia Electric Co. - The Magnolia Electric Co.	3.50 stars
3.00 stars	Manitoba - Up in Flames	3.50 stars
3.00 stars	Sleep - Dopesmoker	3.50 stars
3.50 stars	Yeah Yeah Yeahs - Fever to Tell	2.50 stars
4.00 stars	Four Tet - Rounds	3.50 stars
3.50 stars	British Sea Power - The Decline of British Sea Power	3.00 stars
3.00 stars	Sweet Trip - Velocity : Design : Comfort	4.00 stars
4.00 stars	Boris - Boris at Last -Feedbacker-	3.50 stars
4.00 stars	Madvillain - Madvillainy	4.50 stars
4.00 stars	of Montreal - Satanic Panic in the Attic	3.50 stars
3.50 stars	Animal Collective - Sung Tongs	3.00 stars
3.50 stars	Mastodon - Leviathan	3.50 stars
4.50 stars	Ariel Pink's Haunted Graffiti - The Doldrums	3.50 stars
3.00 stars	Mount Eerie - No Flashlight: Songs of the Fulfilled Night	3.50 stars
4.00 stars	Sufjan Stevens - Illinois	4.00 stars
4.00 stars	Animal Collective - Feels	3.50 stars
4.00 stars	Julius Eastman - Unjust Malaise	4.50 stars
3.50 stars	Ryoji Ikeda - dataplex	4.50 stars
4.50 stars	Coil - The Ape of Naples	4.50 stars
3.00 stars	Ben Frost - Theory of Machines	3.50 stars
3.50 stars	Stars of the Lid - And Their Refinement of the Decline	4.00 stars
3.50 stars	Battles - Mirrored	3.00 stars
3.50 stars	The Angelic Process - Weighing Souls With Sand	4.00 stars
3.50 stars	The National - Boxer	3.00 stars
3.00 stars	Spoon - Ga Ga Ga Ga Ga	3.50 stars
4.00 stars	Andrew Jackson Jihad - People Who Can Eat People Are the Luckiest People in the World	3.00 stars
3.50 stars	Jens Lekman - Night Falls Over Kortedala	3.50 stars
4.00 stars	Animal Collective - Strawberry Jam	4.00 stars
4.00 stars	Burial - Untrue	4.00 stars
4.00 stars	Have a Nice Life - Deathconsciousness	4.50 stars
2.50 stars	Cut Copy - In Ghost Colours	3.00 stars
3.00 stars	DJ Sprinkles - Midtown 120 Blues	4.00 stars
4.50 stars	Deerhunter - Microcastle / Weird Era Continued	4.00 stars
4.00 stars	Animal Collective - Merriweather Post Pavilion	4.00 stars
3.00 stars	Fever Ray - Fever Ray	2.50 stars
3.00 stars	ROME - Flowers From Exile	2.50 stars
3.50 stars	A Place to Bury Strangers - Exploding Head	3.50 stars
4.00 stars	The Flaming Lips - Embryonic	4.00 stars
3.00 stars	Converge - Axe to Fall	4.00 stars
3.00 stars	Vampire Weekend - Contra	2.50 stars
4.50 stars	Beach House - Teen Dream	3.50 stars
3.50 stars	Flying Lotus - Cosmogramma	4.00 stars
3.00 stars	Emeralds - Does It Look Like I'm Here?	3.50 stars
4.00 stars	Ariel Pink's Haunted Graffiti - Before Today	4.00 stars
4.50 stars	Deerhunter - Halcyon Digest	3.50 stars
3.50 stars	Kanye West - My Beautiful Dark Twisted Fantasy	3.50 stars
3.00 stars	Sandwell District - Feed-Forward	3.50 stars
3.50 stars	Destroyer - Kaputt	3.50 stars
4.00 stars	Colin Stetson - New History Warfare Vol. 2: Judges	3.50 stars
4.00 stars	Grouper - A I A: Alien Observer	3.50 stars
3.00 stars	Giles Corey - Giles Corey	3.50 stars
4.50 stars	Unknown Mortal Orchestra - Unknown Mortal Orchestra	3.50 stars
4.00 stars	Kendrick Lamar - Section.80	3.50 stars
4.00 stars	Danny Brown - XXX	3.00 stars
3.00 stars	Julia Holter - Tragedy	3.00 stars
3.50 stars	Real Estate - Days	4.00 stars
4.00 stars	Thee Oh Sees - Carrion Crawler / The Dream EP	3.00 stars
4.00 stars	Lil Ugly Mane - Mista Thug Isolation	4.00 stars
3.50 stars	Burial - Kindred EP	4.00 stars
4.00 stars	Dean Blunt & Inga Copeland - Black Is Beautiful	4.00 stars
3.50 stars	Death Grips - The Money Store	3.50 stars
4.00 stars	Beach House - Bloom	3.50 stars
3.00 stars	Japandroids - Celebration Rock	3.00 stars
3.50 stars	Frank Ocean - channel ORANGE	4.00 stars
3.50 stars	Goat - World Music	3.50 stars
3.00 stars	Swans - The Seer	3.00 stars
4.00 stars	Tame Impala - Lonerism	3.50 stars
3.50 stars	Converge - All We Love We Leave Behind	3.00 stars
4.00 stars	Mac DeMarco - 2	3.50 stars
4.00 stars	Kendrick Lamar - good kid, m.A.A.d city	4.50 stars
4.00 stars	Lil Ugly Mane - Uneven Compromise	3.50 stars
3.50 stars	Metá Metá - MetaL MetaL	4.00 stars
3.50 stars	Tim Hecker & Daniel Lopatin - Instrumental Tourist	4.00 stars
3.00 stars	Fire! Orchestra - Exit!	3.00 stars
3.50 stars	My Bloody Valentine - m b v	4.00 stars
3.00 stars	James Blake - Overgrown	3.50 stars
3.50 stars	Stara Rzeka - Cień chmury nad ukrytym polem	3.50 stars
4.00 stars	Vampire Weekend - Modern Vampires of the City	4.00 stars
3.50 stars	Deafheaven - Sunbather	4.00 stars
3.00 stars	Kanye West - Yeezus	4.00 stars
3.00 stars	Run the Jewels - Run the Jewels	3.50 stars
4.00 stars	Fuck Buttons - Slow Focus	3.50 stars
3.50 stars	Julia Holter - Loud City Song	3.50 stars
3.50 stars	Forest Swords - Engravings	3.50 stars
3.50 stars	Alameda 3 - Późne królestwo	3.50 stars
4.00 stars	Huerco S. - Colonial Patterns	4.00 stars
3.50 stars	Oneohtrix Point Never - R Plus Seven	3.50 stars
3.50 stars	Darkside - Psychic	4.00 stars
3.50 stars	DJ Rashad - Double Cup	3.00 stars
3.00 stars	Ricky Eat Acid - Three Love Songs	2.50 stars
3.50 stars	Innercity Ensemble - II	3.50 stars
4.00 stars	Freddie Gibbs & Madlib - Piñata	3.50 stars
3.50 stars	Cloud Nothings - Here and Nowhere Else	3.50 stars
3.50 stars	HTRK - Psychic 9-5 Club	3.50 stars
4.00 stars	Mac DeMarco - Salad Days	3.50 stars
3.00 stars	Todd Terje - It's Album Time	3.50 stars
4.00 stars	Fennesz - Bécs	3.50 stars
4.00 stars	Ought - More Than Any Other Day	3.50 stars
3.50 stars	Powell - Club Music	3.50 stars
3.00 stars	Ben Frost - A U R O R A	4.00 stars
3.50 stars	Parquet Courts - Sunbathing Animal	2.50 stars
4.50 stars	PRO8L3M - Art brut	4.00 stars
4.00 stars	Iceage - Plowing Into the Field of Love	3.50 stars
3.50 stars	Run the Jewels - Run the Jewels 2	3.50 stars
4.00 stars	Dean Blunt - Black Metal	4.00 stars
3.00 stars	D'Angelo and The Vanguard - Black Messiah	4.00 stars
3.50 stars	Taco Hemingway - Trójkąt warszawski	2.50 stars
3.00 stars	２８１４ - 新しい日の誕生 (Atarashī hi no tanjō)	3.00 stars
3.50 stars	G.L.O.S.S. - Girls Living Outside Society's Shit	3.50 stars
4.00 stars	Tzusing - A Name Out of Place Pt. II	3.50 stars
3.00 stars	Złota jesień - Girl Nothing	3.50 stars
4.00 stars	Kendrick Lamar - To Pimp a Butterfly	4.50 stars
4.00 stars	Earl Sweatshirt - I Don't Like Shit, I Don't Go Outside	3.50 stars
3.50 stars	Lightning Bolt - Fantasy Empire	3.50 stars
4.00 stars	Lower Dens - Escape From Evil	3.00 stars
4.00 stars	Sierść - Sierść Sierść Sierść	3.50 stars
3.50 stars	Earl Sweatshirt - Solace	3.50 stars
3.50 stars	Colin Stetson and Sarah Neufeld - Never Were the Way She Was	4.00 stars
3.50 stars	Hop Along - Painted Shut	3.00 stars
3.00 stars	Prurient - Frozen Niagara Falls	3.00 stars
3.50 stars	Thee Oh Sees - Mutilator Defeated at Last	3.00 stars
3.50 stars	Holly Herndon - Platform	3.00 stars
3.00 stars	Algiers - Algiers	2.50 stars
3.50 stars	Carly Rae Jepsen - E·MO·TION	3.50 stars
4.00 stars	Future - DS2	4.00 stars
3.50 stars	Mac DeMarco - Another One	3.00 stars
4.00 stars	Travis Scott - Rodeo	4.50 stars
4.00 stars	Julia Holter - Have You in My Wilderness	3.50 stars
3.00 stars	Deafheaven - New Bermuda	4.00 stars
3.50 stars	Stara Rzeka - Zamknęły się oczy ziemi	4.50 stars
4.00 stars	Joanna Newsom - Divers	3.50 stars
3.50 stars	Batushka - Литургия (Litourgiya)	3.00 stars
4.50 stars	Lil Ugly Mane - Oblivion Access	3.50 stars
4.00 stars	David Bowie - ★ [Blackstar]	3.50 stars
3.50 stars	Paul Jebanasam - Continuum	3.00 stars
3.50 stars	Wacław Zimpel - Lines	3.50 stars
3.50 stars	Kendrick Lamar - untitled unmastered.	3.50 stars
4.50 stars	Denzel Curry - Imperial	3.50 stars
3.00 stars	The Field - The Follower	2.50 stars
3.50 stars	Leon Vynehall - Rojus (Designed to Dance)	3.50 stars
3.50 stars	Deakin - Sleep Cycle	3.50 stars
3.50 stars	Tim Hecker - Love Streams	3.50 stars
3.50 stars	Xiu Xiu - Plays the Music of Twin Peaks	4.00 stars
3.50 stars	Aesop Rock - The Impossible Kid	2.50 stars
3.00 stars	White Lung - Paradise	3.50 stars
3.50 stars	Death Grips - Bottomless Pit	2.50 stars
3.50 stars	Radiohead - A Moon Shaped Pool	4.00 stars
3.00 stars	Jessy Lanza - Oh No	3.50 stars
3.50 stars	Car Seat Headrest - Teens of Denial	3.00 stars
3.50 stars	PRO8L3M - PRO8L3M	3.50 stars
4.00 stars	G.L.O.S.S. - Trans Day of Revenge	3.50 stars
3.50 stars	Christian Fennesz & Jim O'Rourke - It's Hard for Me to Say I'm Sorry	3.00 stars
3.50 stars	The Avalanches - Wildflower	3.50 stars
4.00 stars	Jefre Cantu-Ledesma - In Summer	4.00 stars
3.00 stars	Blood Orange - Freetown Sound	3.50 stars
5.00 stars	Frank Ocean - Blonde	4.50 stars
3.50 stars	Young Thug - JEFFERY	4.00 stars
4.00 stars	Angel Olsen - MY WOMAN	3.00 stars
3.50 stars	Preoccupations - Preoccupations	3.00 stars
3.00 stars	Merchandise - A Corpse Wired for Sound	3.00 stars
4.00 stars	Danny Brown - Atrocity Exhibition	4.50 stars
3.50 stars	Powell - Sport	3.50 stars
3.50 stars	Carla dal Forno - You Know What It's Like	3.00 stars
4.00 stars	A Tribe Called Quest - We got it from Here... Thank You 4 Your service	3.50 stars
4.00 stars	Furia - Księżyc milczy luty	3.50 stars
3.50 stars	Mchy i Porøsty - Hypnagogic Polish Music for Teenage Mutants	4.00 stars
3.50 stars	William Basinski - A Shadow in Time	4.00 stars
3.50 stars	Oto Hiax - Oto Hiax	3.50 stars
3.50 stars	Bedwetter - Volume 1: Flick Your Tongue Against Your Teeth and Describe the Present.	3.00 stars
3.50 stars	Schwefelgelb - Dahinter das Gesicht	3.50 stars
4.00 stars	Xiu Xiu - FORGET	3.50 stars
3.50 stars	Tzusing - 東方不敗	3.50 stars
3.50 stars	Blanck Mass - World Eater	3.50 stars
4.00 stars	IDLES - Brutalism	3.00 stars
3.00 stars	Mount Eerie - A Crow Looked at Me	3.50 stars
3.50 stars	Gnod - Just Say No to the Psycho Right-Wing Capitalist Fascist Industrial Death Machine	3.00 stars
3.50 stars	Stefan Wesołowski - Rite of the End	4.00 stars
3.50 stars	Mac DeMarco - This Old Dog	2.50 stars
3.50 stars	Forest Swords - Compassion	3.50 stars
4.00 stars	(Sandy) Alex G - Rocket	3.50 stars
4.00 stars	Richard Dawson - Peasant	3.50 stars
4.00 stars	Brockhampton - Saturation	3.00 stars
3.50 stars	Flotation Toy Warning - The Machine That Made Us	3.50 stars
4.00 stars	Young Thug - Beautiful Thugger Girls	4.00 stars
3.50 stars	Damien Dubrovnik - Great Many Arrows	4.50 stars
4.50 stars	Tyler, the Creator - Flower Boy	4.50 stars
3.50 stars	Denzel Curry - 13	3.50 stars
5.00 stars	Brockhampton - Saturation II	4.00 stars
4.00 stars	Protomartyr - Relatives in Descent	3.50 stars
4.00 stars	King Krule - The Ooz	4.00 stars
3.50 stars	21 Savage, Offset & Metro Boomin - Without Warning	3.50 stars
3.50 stars	Charli XCX - Pop 2	3.50 stars
4.00 stars	Brockhampton - Saturation III	4.00 stars
4.00 stars	JPEGMAFIA - Veteran	3.50 stars
3.00 stars	Jakub Lemiszewski - Bubblegum New Age	3.50 stars
3.00 stars	Against All Logic - 2012 - 2017	4.00 stars
3.00 stars	Kero Kero Bonito - TOTEP	3.50 stars
3.00 stars	The Voidz - Virtue	4.00 stars
4.00 stars	The Garden - Mirror Might Steal Your Charm	3.50 stars
3.50 stars	Kali Uchis - Isolation	3.50 stars
3.50 stars	Iceage - Beyondless	3.50 stars
4.00 stars	Tropical Fuck Storm - A Laughing Death in Meatspace	3.50 stars
3.50 stars	Playboi Carti - Die Lit	4.00 stars
4.00 stars	Pusha T - DAYTONA	4.00 stars
3.50 stars	Oneohtrix Point Never - Age Of	3.50 stars
3.00 stars	Kids See Ghosts - Kids See Ghosts	4.00 stars
3.50 stars	Deafheaven - Ordinary Corrupt Human Love	4.00 stars
3.50 stars	Denzel Curry - TA13OO	3.50 stars
3.50 stars	Mid-Air Thief - 무너지기 (Crumbling)	4.00 stars
4.50 stars	Travis Scott - Astroworld	3.50 stars
3.50 stars	Blood Orange - Negro Swan	4.00 stars
3.50 stars	IDLES - Joy as an Act of Resistance.	3.50 stars
3.50 stars	Yves Tumor - Safe in the Hands of Love	4.00 stars
3.00 stars	Amnesia Scanner - Another Life	3.00 stars
3.50 stars	Low - Double Negative	4.50 stars
3.50 stars	Kero Kero Bonito - Time 'n' Place	3.50 stars
3.50 stars	Cloud Nothings - Last Building Burning	3.50 stars
3.50 stars	Daughters - You Won't Get What You Want	4.00 stars
4.50 stars	Earl Sweatshirt - Some Rap Songs	4.00 stars
4.00 stars	Little Simz - Grey Area	4.00 stars
4.00 stars	Stella Donnelly - Beware of the Dogs	3.00 stars
4.00 stars	Weyes Blood - Titanic Rising	3.50 stars
3.00 stars	Vampire Weekend - Father of the Bride	3.50 stars
3.00 stars	Carly Rae Jepsen - Dedicated	4.00 stars
3.50 stars	Injury Reserve - Injury Reserve	4.00 stars
3.50 stars	Tyler, the Creator - Igor	4.50 stars
2.50 stars	Hatchie - Keepsake	3.50 stars
4.00 stars	Freddie Gibbs & Madlib - Bandana	3.50 stars
4.00 stars	My Bloody Valentine - Loveless	4.00 stars
3.50 stars	Le Mystère des voix bulgares - Le mystère des voix bulgares : volume 1	3.50 stars
3.50 stars	Ñaka Ñaka - Juan Pestañas	3.00 stars
4.00 stars	Neutral Milk Hotel - In the Aeroplane Over the Sea	3.50 stars
4.00 stars	Joanna Newsom - Ys	3.50 stars
3.00 stars	Niechęć - Niechęć	3.50 stars
4.00 stars	of Montreal - Hissing Fauna, Are You the Destroyer?	3.00 stars
3.50 stars	The Olivia Tremor Control - Music From the Unrealized Film Script, Dusk at Cubist Castle	4.00 stars
4.00 stars	Angel Olsen - Burn Your Fire for No Witness	3.50 stars
4.00 stars	Oneohtrix Point Never - Replica	3.50 stars
3.00 stars	Oranssi Pazuzu - Värähtelijä	4.00 stars
4.00 stars	Ought - Sun Coming Down	3.00 stars
4.00 stars	OutKast - ATLiens	4.00 stars
3.50 stars	Oxbow - Thin Black Duke	3.50 stars
3.00 stars	The Pains of Being Pure at Heart - The Pains of Being Pure at Heart	3.00 stars
3.50 stars	Jai Paul - Leak 04-13 (Bait Ones)	4.50 stars
3.50 stars	Pavement - Watery, Domestic	3.50 stars
4.00 stars	Pere Ubu - The Modern Dance	4.00 stars
4.00 stars	Ariel Pink - Pom Pom	3.50 stars
3.50 stars	Ariel Pink - Dedicated to Bobby Jameson	3.00 stars
4.00 stars	Pink Floyd - The Piper at the Gates of Dawn	4.50 stars
3.50 stars	Pink Floyd - The Dark Side of the Moon	4.00 stars
4.00 stars	Viet Cong - Cassette	3.00 stars
4.00 stars	Viet Cong - Viet Cong	4.00 stars
3.50 stars	Protomartyr - Under Color of Official Right	2.50 stars
3.00 stars	Public Enemy - It Takes a Nation of Millions to Hold Us Back	3.50 stars
3.00 stars	The Radio Dept. - Lesser Matters	3.50 stars
4.00 stars	Radiohead - OK Computer	4.50 stars
4.00 stars	Radiohead - Kid A	5.00 stars
4.00 stars	Otis Redding - Otis Blue: Otis Redding Sings Soul	4.00 stars
3.50 stars	R.E.M. - Lifes Rich Pageant	3.50 stars
3.50 stars	Matana Roberts - Coin Coin Chapter One: Gens de couleur libres	4.50 stars
4.00 stars	Ścianka - Białe wakacje	4.00 stars
3.50 stars	Shellac - 1000 Hurts	3.50 stars
3.50 stars	The Smiths - Hatful of Hollow	4.00 stars
4.00 stars	The Smiths - The Queen Is Dead	4.50 stars
3.00 stars	Something Like Elvis - Cigarette Smoke Phantom	3.00 stars
3.50 stars	The Sonic Youth - Sister	4.00 stars
3.50 stars	Sonic Youth - Dirty	3.50 stars
3.50 stars	SOPHIE - Oil of Every Pearl's Un-Insides	4.00 stars
4.00 stars	The Sound - Jeopardy	4.00 stars
4.00 stars	Stars of the Lid - The Tired Sounds Of	4.50 stars
4.00 stars	Steely Dan - Aja	4.00 stars
3.50 stars	Stereolab - Mars Audiac Quintet	3.50 stars
4.00 stars	Sufjan Stevens - Carrie & Lowell	4.00 stars
3.50 stars	Andy Stott - Faith in Strangers	3.00 stars
3.50 stars	Suede - Dog Man Star	3.00 stars
4.00 stars	Sun City Girls - 330,003 Crossdressers From Beyond the Rig Veda	4.00 stars
2.50 stars	Sun Kil Moon - Benji	3.50 stars
4.00 stars	Swell Maps - A Trip to Marineville	3.00 stars
4.00 stars	Swell Maps - ...In "Jane From Occupied Europe"	3.50 stars
4.00 stars	Talk Talk - Spirit of Eden	4.50 stars
3.50 stars	The Tallest Man on Earth - The Wild Hunt	2.50 stars
4.00 stars	This Heat - This Heat	4.00 stars
3.50 stars	TV on the Radio - Return to Cookie Mountain	3.00 stars
3.50 stars	Unknown Mortal Orchestra - Multi-Love	3.00 stars
3.00 stars	U.S. Girls - In a Poem Unlimited	3.50 stars
3.50 stars	Various Artists - Mono no aware	4.00 stars
4.00 stars	The Velvet Underground - White Light / White Heat	4.00 stars
3.00 stars	The Velvet Underground - Loaded	4.00 stars
3.50 stars	Tom Waits - Swordfishtrombones	4.00 stars
3.50 stars	Tom Waits - Rain Dogs	4.50 stars
3.50 stars	Tom Waits - Bone Machine	4.50 stars
3.50 stars	Scott Walker - Scott 2	3.50 stars
3.00 stars	Wczasy - Zawody	4.00 stars
3.50 stars	A Winged Victory for the Sullen - A Winged Victory for the Sullen	3.50 stars
4.00 stars	Wipers - Is This Real?	4.00 stars
4.00 stars	Wipers - Youth of America	4.50 stars
4.00 stars	Yo La Tengo - I Am Not Afraid of You and I Will Beat Your Ass	3.50 stars
2.50 stars	Youth Lagoon - The Year of Hibernation	3.50 stars
rental and vastell disagree: (62)
rental	Album	vastell
3.50 stars	David Bowie - Station to Station	5.00 stars
3.50 stars	Kate Bush - Hounds of Love	5.00 stars
3.50 stars	Death Grips - Niggas on the Moon: The Powers That B Disc 1	1.00 stars
3.50 stars	John Fahey - Fare Forward Voyagers (Soldier's Choice)	5.00 stars
3.00 stars	Fishmans - 98.12.28 男達の別れ (98.12.28 Otokotachi no Wakare)	5.00 stars
3.00 stars	Godspeed You Black Emperor! - Slow Riot for New Zerø Kanada E.P.	4.50 stars
3.50 stars	The Microphones - The Glow Pt. 2	5.00 stars
3.00 stars	Charlie Mingus - Blues & Roots	4.50 stars
3.00 stars	The Peter Brötzmann Octet - Machine Gun	4.50 stars
4.00 stars	Creedence Clearwater Revival - Cosmo's Factory	1.00 stars
3.50 stars	Tim Buckley - Lorca	5.00 stars
3.50 stars	Chico Buarque - Construção	5.00 stars
5.00 stars	Wipers - Over the Edge	3.50 stars
3.50 stars	The Chameleons - Script of the Bridge	5.00 stars
4.00 stars	CCCP Fedeli alla Linea - Affinità-divergenze fra il compagno Togliatti e noi: Del conseguimento della maggiore età	2.50 stars
3.00 stars	Talk Talk - The Colour of Spring	4.50 stars
4.00 stars	Metallica - Master of Puppets	0.50 stars
3.00 stars	The Legendary Pink Dots - The Maria Dimension	4.50 stars
3.50 stars	Slowdive - Souvlaki	5.00 stars
3.00 stars	Sunny Day Real Estate - Diary	5.00 stars
3.50 stars	Sixteen Horsepower - Sackcloth 'n' Ashes	1.00 stars
3.00 stars	Fishmans - Long Season	4.50 stars
3.00 stars	Elliott Smith - Either / Or	4.50 stars
3.00 stars	Björk - Homogenic	4.50 stars
3.50 stars	The Flaming Lips - The Soft Bulletin	5.00 stars
3.00 stars	The Dillinger Escape Plan with Mike Patton - Irony Is a Dead Scene	0.50 stars
3.50 stars	The Microphones - Mount Eerie	5.00 stars
3.50 stars	Junior Boys - Last Exit	5.00 stars
5.00 stars	J Dilla - Donuts	3.50 stars
4.00 stars	MGMT - Oracular Spectacular	2.50 stars
4.50 stars	Fleet Foxes - Fleet Foxes	3.00 stars
3.50 stars	Mount Eerie with Julie Doiron & Fred Squire - Lost Wisdom	5.00 stars
2.50 stars	The Antlers - Hospice	0.50 stars
5.00 stars	Women - Public Strain	3.50 stars
4.00 stars	Death Grips - Exmilitary	2.50 stars
4.50 stars	John Maus - We Must Become the Pitiless Censors of Ourselves	3.00 stars
5.00 stars	Parquet Courts - Light Up Gold	3.00 stars
4.00 stars	Death Grips - NO LOVE DEEP WEB	2.50 stars
5.00 stars	Holden - The Inheritors	3.50 stars
4.50 stars	Total Control - Typical System	3.00 stars
4.50 stars	Zs - Xe	3.00 stars
3.00 stars	Soichi Terada - Sounds From the Far East	5.00 stars
4.50 stars	Young Thug - Barter 6	3.00 stars
2.50 stars	Ptaki - Przelot	4.00 stars
4.50 stars	Beach House - Depression Cherry	3.00 stars
4.00 stars	King Gizzard and the Lizard Wizard - Nonagon Infinity	0.50 stars
3.50 stars	Huerco S. - For Those of You Who Have Never (And Also Those Who Have)	5.00 stars
5.00 stars	Mitski - Puberty 2	3.50 stars
3.00 stars	King Gizzard and the Lizard Wizard - Flying Microtonal Banana	1.00 stars
3.00 stars	Sorja Morja - Sorja	1.00 stars
3.00 stars	Frank Ocean - Endless	4.50 stars
3.50 stars	Death Grips - Year of the Snitch	1.00 stars
3.00 stars	Tim Hecker - Konoyo	4.50 stars
3.00 stars	Murcof - Martes	4.50 stars
3.50 stars	Natural Snow Buildings - The Dance of the Moon and the Sun	5.00 stars
3.50 stars	Áine O'Dwyer - Music for Church Cleaners Vol. I and II	5.00 stars
5.00 stars	Parquet Courts - Human Performance	3.50 stars
2.00 stars	Pink Floyd - Wish You Were Here	4.00 stars
4.00 stars	Protomartyr - The Agent Intellect	2.50 stars
4.00 stars	Ramones - Ramones	2.50 stars
3.50 stars	Artur Rubinstein - The Nocturnes	5.00 stars
3.50 stars	Talking Heads - Remain in Light	5.00 stars