rental	Album	Vixim
3.50 stars	Adonis - Wiosenna ofensywa nie trwa dłużej niż do letnich wakacji	3.50 stars
3.50 stars	Agent Orange - Living in Darkness	4.50 stars
3.00 stars	American Football - American Football	3.00 stars
4.00 stars	Animal Collective - Fall Be Kind	4.00 stars
3.50 stars	Aphex Twin - Selected Ambient Works 85-92	3.50 stars
4.00 stars	Arcade Fire - Funeral	5.00 stars
3.00 stars	Armand Hammer - Paraffin	3.00 stars
3.00 stars	The Band - The Band	4.00 stars
3.50 stars	Bark Psychosis - Hex	3.50 stars
4.00 stars	William Basinski - The Disintegration Loops	3.50 stars
3.50 stars	Bauhaus - In the Flat Field	4.50 stars
4.00 stars	The Beach Boys - Pet Sounds	4.00 stars
4.00 stars	Beat Happening - You Turn Me On	3.50 stars
3.50 stars	The Beatles - Abbey Road	4.50 stars
4.00 stars	Belle & Sebastian - Dear Catastrophe Waitress	3.00 stars
3.50 stars	Chuck Berry - The Great Twenty-Eight	4.00 stars
3.50 stars	The Beths - Future Me Hates Me	4.00 stars
4.00 stars	Bibio - Ambivalence Avenue	3.00 stars
3.00 stars	James Blake - Assume Form	4.00 stars
3.50 stars	Art Blakey and The Jazz Messengers - Art Blakey and The Jazz Messengers [Moanin']	3.00 stars
3.50 stars	Boards of Canada - Geogaddi	3.50 stars
3.50 stars	Boards of Canada - The Campfire Headphase	3.50 stars
4.00 stars	The Books - The Lemon of Pink	3.50 stars
3.00 stars	Boredoms - Super æ	3.00 stars
3.50 stars	Boris - flood	3.50 stars
3.50 stars	David Bowie - Station to Station	4.50 stars
3.50 stars	David Bowie - "Heroes"	3.50 stars
3.00 stars	Brockhampton - Iridescence	3.50 stars
4.00 stars	David Thomas Broughton - The Complete Guide to Insufficiency	4.00 stars
3.00 stars	Tim Buckley - Goodbye and Hello	3.50 stars
4.00 stars	Burial - Street Halo	4.00 stars
3.50 stars	Kate Bush - Hounds of Love	4.00 stars
4.00 stars	Can - Soundtracks	4.00 stars
3.00 stars	The Cars - The Cars	4.00 stars
3.00 stars	Nick Cave & The Bad Seeds - Skeleton Tree	4.00 stars
3.00 stars	The Church - Starfish	4.00 stars
2.50 stars	Circle Takes the Square - As the Roots Undo	3.50 stars
3.00 stars	Clarence Clarity - Think: Peace	3.50 stars
4.00 stars	Cloud Nothings - Attack on Memory	4.50 stars
4.00 stars	Cloud Nothings - Life Without Sound	4.00 stars
3.50 stars	Cocteau Twins - Head Over Heels	4.00 stars
3.50 stars	Cocteau Twins - Heaven or Las Vegas	4.00 stars
4.00 stars	Coil - Horse Rotorvator	3.50 stars
4.00 stars	Lloyd Cole and The Commotions - Rattlesnakes	3.50 stars
4.00 stars	Comus - First Utterance	3.50 stars
3.00 stars	Converge - The Dusk in Us	3.50 stars
3.50 stars	Cool Kids of Death - Cool Kids of Death	4.00 stars
3.00 stars	The Damned - Damned Damned Damned	3.00 stars
3.50 stars	Dead Kennedys - Fresh Fruit for Rotting Vegetables	3.00 stars
3.50 stars	Death Grips - No Love Deep Web	3.50 stars
4.00 stars	Deerhunter - Cryptograms	3.50 stars
4.00 stars	Deerhunter - Fluorescent Grey	3.50 stars
3.50 stars	Deerhunter - Fading Frontier	4.00 stars
4.00 stars	Lana Del Rey - Norman Fucking Rockwell!	4.50 stars
4.00 stars	Descendents - Milo Goes to College	3.50 stars
3.50 stars	Dinosaur Jr. - Beyond	4.00 stars
3.50 stars	DJ Screw - Bigtyme Vol II: All Screwed Up	4.00 stars
4.00 stars	DJ Seinfeld - Time Spent Away From U	4.00 stars
3.50 stars	The Dodos - Visiter	3.50 stars
3.50 stars	The Doors - The Doors	4.00 stars
3.50 stars	Nick Drake - Five Leaves Left	3.00 stars
4.50 stars	The Drones - Wait Long by the River and the Bodies of Your Enemies Will Float By	4.00 stars
4.00 stars	The Drones - Feelin Kinda Free	4.00 stars
4.00 stars	Earth - The Bees Made Honey in the Lion's Skull	3.00 stars
3.50 stars	The Fall - Slates	3.00 stars
4.00 stars	The Fall - Perverted by Language	3.00 stars
4.00 stars	Fantomowa Erekcja - Z Nietzsche na betonie	4.00 stars
3.00 stars	The Field Mice - Snowball	3.50 stars
3.50 stars	FKA twigs - Magdalene	4.00 stars
4.00 stars	Fleet Foxes - Crack-Up	4.00 stars
3.50 stars	Fontaines D.C. - Dogrel	3.50 stars
3.00 stars	Ben Frost - By the Throat	3.50 stars
3.50 stars	Fuck Buttons - Tarot Sport	4.00 stars
3.00 stars	Fucked Up - The Chemistry of Common Life	3.50 stars
3.50 stars	Fugazi - Repeater	3.50 stars
3.50 stars	Future - Monster	3.50 stars
3.50 stars	Gang Gang Dance - God's Money	3.50 stars
4.00 stars	Gang of Four - Entertainment!	4.50 stars
3.00 stars	The Get Up Kids - Something to Write Home About	4.00 stars
3.50 stars	Girls - Album	3.00 stars
4.00 stars	Philip Glass - Glassworks	4.00 stars
4.00 stars	Philip Glass - Koyaanisqatsi	3.50 stars
4.50 stars	The Go-Betweens - 16 Lovers Lane	4.00 stars
3.00 stars	Godspeed You Black Emperor! - Slow Riot for New Zerø Kanada E.P.	4.00 stars
3.50 stars	Gołębie - Jest mi tak dobrze, że lepiej poczułbym się tylko martwy	3.00 stars
3.00 stars	Grimes - Visions	4.00 stars
3.50 stars	Grouper - Dragging a Dead Deer Up a Hill	3.50 stars
3.00 stars	Helena Hauff - Discreet Desires	3.00 stars
3.00 stars	Anna von Hausswolff - Dead Magic	3.50 stars
3.00 stars	Have a Nice Life - The Unnatural World	4.00 stars
3.50 stars	Have a Nice Life - Sea of Worry	4.00 stars
4.00 stars	Tim Hecker - Harmony in Ultraviolet	3.00 stars
3.50 stars	Tim Hecker - Virgins	3.00 stars
3.00 stars	Hoodoo Gurus - Stoneage Romeos	3.50 stars
4.00 stars	Hop Along - Bark Your Head Off, Dog	3.50 stars
3.50 stars	Jon Hopkins - Immunity	4.00 stars
3.50 stars	Hot Snakes - Jericho Sirens	3.50 stars
4.00 stars	Hüsker Dü - New Day Rising	3.50 stars
3.50 stars	Hype Williams - Find Out What Happens When People Stop Being Polite, and Start Gettin' Reel	3.50 stars
3.00 stars	Jesu - Jesu	4.00 stars
3.50 stars	Joy Division - Closer	4.00 stars
4.00 stars	Ata Kak - Obaa Sima	3.00 stars
3.00 stars	Kero Kero Bonito - Bonito Generation	3.00 stars
3.50 stars	King Crimson - Red	3.50 stars
4.00 stars	King Krule - Man Alive!	3.50 stars
2.50 stars	Król - Nieumiarkowania	3.00 stars
4.00 stars	Kendrick Lamar - To Pimp a Butterfly	4.50 stars
4.00 stars	Kendrick Lamar - DAMN.	4.00 stars
3.00 stars	LCD Soundsystem - This Is Happening	4.00 stars
3.50 stars	Lenny Valentino - Uwaga! Jedzie tramwaj	3.50 stars
3.50 stars	Les Savy Fav - Inches	4.00 stars
4.00 stars	Love - Forever Changes	4.50 stars
3.50 stars	Low - Things We Lost in the Fire	3.00 stars
3.50 stars	Lynyrd Skynyrd - (pronounced 'lĕh-'nérd 'skin-'nérd)	3.50 stars
3.50 stars	Machinedrum - Room(s)	3.50 stars
2.50 stars	Magma - Mekanïk Destruktïw Kommandöh	3.00 stars
4.00 stars	Makthaverskan - Makthaverskan II	3.50 stars
4.00 stars	Mannequin Pussy - Patience	3.50 stars
4.00 stars	Curtis Mayfield - Curtis	3.00 stars
3.00 stars	Curtis Mayfield - Superfly	4.00 stars
3.50 stars	Menomena - Friend and Foe	4.00 stars
4.00 stars	Mercury Rev - Yerself Is Steam	3.50 stars
4.50 stars	Metronomy - Nights Out	3.50 stars
4.00 stars	MGMT - Little Dark Age	4.50 stars
3.50 stars	The Microphones - The Glow Pt. 2	4.00 stars
3.00 stars	Charlie Mingus - Blues & Roots	3.50 stars
4.00 stars	The Misfits - Static Age	4.50 stars
3.00 stars	Młody π - zdycham powoli ale konsekwentnie ep	3.50 stars
4.00 stars	Mobb Deep - The Infamous	4.00 stars
4.00 stars	Modest Mouse - This Is a Long Drive for Someone With Nothing to Think About	3.50 stars
3.50 stars	Janelle Monáe - The ArchAndroid	3.50 stars
3.00 stars	Janelle Monáe - The Electric Lady	3.50 stars
3.00 stars	|M|O|O|N| - MOON EP	4.00 stars
4.00 stars	Moondog - Moondog	3.50 stars
4.00 stars	Morphine - Cure for Pain	4.00 stars
3.00 stars	Morrissey - Viva Hate	4.00 stars
3.00 stars	Muchy - Terroromans	4.00 stars
3.50 stars	Miles Davis - Kind of Blue	3.00 stars
3.50 stars	John Coltrane - My Favorite Things	3.50 stars
4.00 stars	Mingus - The Black Saint and the Sinner Lady	3.00 stars
3.50 stars	The Sonics - Here Are The Sonics!!!	3.00 stars
3.50 stars	Bob Dylan - Bringing It All Back Home	3.50 stars
3.50 stars	Bob Dylan - Highway 61 Revisited	4.00 stars
4.00 stars	Otis Redding - Otis Blue: Otis Redding Sings Soul	4.50 stars
3.50 stars	Nina Simone - Pastel Blues	4.00 stars
4.50 stars	Jackson C. Frank - Jackson C. Frank	4.00 stars
3.50 stars	Bob Dylan - Blonde on Blonde	3.50 stars
4.00 stars	The Beatles - Revolver	4.00 stars
3.00 stars	Love - Da Capo	3.50 stars
3.50 stars	Komeda Quintet - Astigmatic	3.50 stars
3.00 stars	Ennio Morricone - Il buono, il brutto, il cattivo	4.00 stars
3.00 stars	The Byrds - Younger Than Yesterday	4.00 stars
4.50 stars	The Velvet Underground & Nico - The Velvet Underground & Nico	4.50 stars
3.50 stars	The Beatles - Sgt. Pepper's Lonely Hearts Club Band	3.50 stars
3.00 stars	Captain Beefheart and His Magic Band - Safe as Milk	3.50 stars
3.50 stars	The Kinks - Something Else by The Kinks	3.50 stars
3.50 stars	Leonard Cohen - Songs of Leonard Cohen	4.50 stars
3.50 stars	Dr. John, The Night Tripper - Gris-Gris	3.50 stars
4.00 stars	The Zombies - Odessey and Oracle	4.00 stars
3.50 stars	Os Mutantes - Os Mutantes	3.50 stars
3.50 stars	The Millennium - Begin	3.50 stars
3.50 stars	Big Brother & The Holding Company - Cheap Thrills	4.00 stars
4.00 stars	The Kinks - The Kinks Are the Village Green Preservation Society	3.50 stars
4.00 stars	The Beatles - The Beatles [White Album]	4.50 stars
3.50 stars	Van Morrison - Astral Weeks	2.50 stars
3.50 stars	The Pretty Things - S.F. Sorrow	3.50 stars
4.00 stars	The Velvet Underground - The Velvet Underground	4.50 stars
3.50 stars	Tim Buckley - Happy Sad	3.00 stars
3.50 stars	Pharoah Sanders - Karma	3.00 stars
4.00 stars	Neil Young with Crazy Horse - Everybody Knows This Is Nowhere	4.00 stars
3.50 stars	Miles Davis - In a Silent Way	2.50 stars
4.00 stars	The Can - Monster Movie	4.00 stars
3.00 stars	The Stooges - The Stooges	3.00 stars
4.00 stars	Townes Van Zandt - Townes Van Zandt	3.00 stars
4.50 stars	Scott Engel - Scott 4	4.00 stars
4.00 stars	The Kinks - Arthur or the Decline and Fall of the British Empire	3.50 stars
4.00 stars	King Crimson - In the Court of the Crimson King	4.00 stars
3.00 stars	Fairport Convention - Liege & Lief	3.50 stars
3.50 stars	Lee Hazlewood - Cowboy in Sweden	3.50 stars
3.50 stars	Syd Barrett - The Madcap Laughs	3.50 stars
3.00 stars	Crosby, Stills, Nash & Young - Déjà vu	4.00 stars
3.50 stars	Miles Davis - Bitches Brew	2.50 stars
3.50 stars	Exuma - Exuma	4.50 stars
4.00 stars	Creedence Clearwater Revival - Cosmo's Factory	4.50 stars
3.50 stars	The Stooges - Fun House	4.50 stars
4.00 stars	Black Sabbath - Paranoid	4.00 stars
3.00 stars	Amon Düül II - Yeti	3.50 stars
3.50 stars	Nick Drake - Bryter Layter	3.00 stars
4.00 stars	Serge Gainsbourg - Histoire de Melody Nelson	4.00 stars
3.00 stars	Marvin Gaye - What's Going On	4.00 stars
3.50 stars	T. Rex - Electric Warrior	4.00 stars
3.50 stars	Can - Tago Mago	4.00 stars
3.50 stars	David Bowie - Hunky Dory	4.50 stars
3.50 stars	Popol Vuh - Hosianna Mantra	3.50 stars
4.00 stars	Fela & The Africa 70 - Roforofo Fight	3.50 stars
4.00 stars	Nick Drake - Pink Moon	3.50 stars
3.00 stars	Big Star - #1 Record	3.50 stars
4.00 stars	Milton Nascimento & Lô Borges - Clube da Esquina	3.00 stars
4.00 stars	David Bowie - The Rise and Fall of Ziggy Stardust and the Spiders From Mars	5.00 stars
3.00 stars	T. Rex - The Slider	3.50 stars
3.50 stars	Steely Dan - Can't Buy a Thrill	4.00 stars
4.50 stars	Can - Ege bamyası	4.00 stars
3.50 stars	Miles Davis - On the Corner	3.00 stars
4.00 stars	Novos Baianos - Acabou chorare	3.50 stars
3.50 stars	Lou Reed - Transformer	4.50 stars
4.00 stars	Iggy and The Stooges - Raw Power	4.00 stars
4.00 stars	Todd Rundgren - A Wizard, A True Star	4.00 stars
3.50 stars	David Bowie - Aladdin Sane	4.00 stars
3.50 stars	Steely Dan - Countdown to Ecstasy	4.00 stars
3.50 stars	Stevie Wonder - Innervisions	4.00 stars
3.50 stars	Can - Future Days	3.50 stars
3.50 stars	Eno - Here Come the Warm Jets	3.50 stars
3.00 stars	Steely Dan - Pretzel Logic	3.50 stars
3.00 stars	Camel - Mirage	3.50 stars
3.50 stars	Sparks - Kimono My House	3.50 stars
3.50 stars	Neil Young - On the Beach	4.00 stars
3.50 stars	Eno - Taking Tiger Mountain (By Strategy)	4.50 stars
4.00 stars	Sparks - Propaganda	4.00 stars
3.00 stars	NEU! - NEU! '75	4.00 stars
3.50 stars	Bob Dylan - Blood on the Tracks	4.50 stars
3.00 stars	Harmonium - Les cinq saisons	3.50 stars
4.00 stars	Eno - Another Green World	4.50 stars
3.00 stars	Patti Smith - Horses	3.50 stars
3.50 stars	Thin Lizzy - Jailbreak	4.00 stars
3.50 stars	The Modern Lovers - The Modern Lovers	3.50 stars
3.50 stars	Stevie Wonder - Songs in the Key of Life	4.50 stars
3.50 stars	Fela Anikulapo Kuti and Afrika 70 - Zombie	3.50 stars
3.50 stars	The Congos - Heart of The Congos	3.50 stars
4.00 stars	David Bowie - Low	3.50 stars
4.00 stars	Television - Marquee Moon	4.50 stars
3.50 stars	Kraftwerk - Trans Europa Express	3.00 stars
3.50 stars	Iggy Pop - The Idiot	3.00 stars
3.50 stars	The Clash - The Clash	4.00 stars
4.00 stars	Talking Heads - Talking Heads: 77	4.00 stars
4.00 stars	Ramones - Rocket to Russia	4.50 stars
4.50 stars	Wire - Pink Flag	4.50 stars
3.50 stars	Brian Eno - Ambient 1: Music for Airports	3.00 stars
3.50 stars	Kraftwerk - Die Mensch-Maschine	3.50 stars
3.00 stars	Magazine - Real Life	4.00 stars
4.00 stars	Talking Heads - More Songs About Buildings and Food	4.00 stars
3.50 stars	Wire - Chairs Missing	3.50 stars
4.00 stars	Devo - Q: Are We Not Men? A: We Are Devo!	3.00 stars
3.00 stars	Blondie - Parallel Lines	2.50 stars
3.50 stars	Pere Ubu - Dub Housing	3.50 stars
3.50 stars	Lizzy Mercier Descloux - Press Color	3.00 stars
4.00 stars	Black Flag - Nervous Breakdown	3.50 stars
3.50 stars	Stiff Little Fingers - Inflammable Material	4.00 stars
3.50 stars	Contortions - Buy	3.00 stars
3.50 stars	The Undertones - The Undertones	4.00 stars
4.00 stars	Joy Division - Unknown Pleasures	4.50 stars
4.00 stars	Chic - Risqué	3.50 stars
3.50 stars	Talking Heads - Fear of Music	4.50 stars
4.50 stars	Buzzcocks - Singles Going Steady	4.00 stars
4.00 stars	Wire - 154	3.50 stars
3.50 stars	Yellow Magic Orchestra - Solid State Survivor	3.50 stars
3.50 stars	The Damned - Machine Gun Etiquette	4.00 stars
3.50 stars	Young Marble Giants - Colossal Youth	4.00 stars
3.50 stars	The Feelies - Crazy Rhythms	4.00 stars
3.50 stars	The Cramps - Songs the Lord Taught Us	3.00 stars
4.00 stars	X - Los Angeles	3.50 stars
4.00 stars	The Soft Boys - Underwater Moonlight	4.00 stars
3.00 stars	Prince - Dirty Mind	3.50 stars
4.00 stars	The Fall - Grotesque (After the Gramme)	3.50 stars
3.50 stars	The Jam - Sound Affects	4.00 stars
3.50 stars	Maanam - Maanam	4.00 stars
4.00 stars	Tuxedomoon - Desire	3.50 stars
4.00 stars	Television Personalities - ...And Don't the Kids Just Love It	4.00 stars
3.50 stars	Gang of Four - Solid Gold	4.00 stars
3.50 stars	The Cure - Faith	4.50 stars
3.00 stars	Kraftwerk - Computerwelt	3.00 stars
3.50 stars	Au Pairs - Playing With a Different Sex	4.00 stars
4.00 stars	Mission of Burma - Signals, Calls, and Marches	4.50 stars
4.00 stars	The Gun Club - Fire of Love	3.50 stars
4.00 stars	Glenn Branca - The Ascension	3.50 stars
3.00 stars	Orchestral Manœuvres in the Dark - Architecture & Morality	4.00 stars
3.50 stars	Soft Cell - Non-Stop Erotic Cabaret	3.00 stars
3.50 stars	Misfits - Walk Among Us	4.50 stars
4.00 stars	The Cure - Pornography	4.00 stars
4.00 stars	The Gun Club - Miami	3.00 stars
5.00 stars	Mission of Burma - Vs.	4.00 stars
3.50 stars	Dead Kennedys - Plastic Surgery Disasters	3.00 stars
3.50 stars	Minutemen - What Makes a Man Start Fires?	3.00 stars
3.50 stars	Djeli Moussa Diawara - Yasimika	3.00 stars
5.00 stars	Wipers - Over the Edge	4.00 stars
3.50 stars	Violent Femmes - Violent Femmes	4.00 stars
3.50 stars	R.E.M. - Murmur	4.00 stars
3.00 stars	New Order - Power, Corruption & Lies	3.50 stars
3.50 stars	The Chameleons - Script of the Bridge	4.50 stars
3.50 stars	The The - Soul Mining	3.50 stars
3.50 stars	Manuel Göttsching - E2-E4	4.50 stars
4.50 stars	Meat Puppets - Meat Puppets II	3.50 stars
3.50 stars	Echo & The Bunnymen - Ocean Rain	3.50 stars
3.50 stars	Prince and The Revolution - Purple Rain	4.00 stars
4.50 stars	Staatsorchester Stuttgart / Lithuanian Chamber Orchestra / The 12 Cellists of the Berlin Philharmonic Orchestra / Dennis Russell Davies / Saulius Sondeckis / Gidon Kremer / Keith Jarrett / Tatjana Grindenko / Alfred Schnittke - Tabula rasa	4.00 stars
4.50 stars	The Replacements - Let It Be	4.50 stars
3.50 stars	Cocteau Twins - Treasure	4.00 stars
3.00 stars	Camper Van Beethoven - Telephone Free Landslide Victory	3.00 stars
3.50 stars	The Smiths - Meat Is Murder	2.50 stars
4.00 stars	Meat Puppets - Up on the Sun	3.50 stars
4.00 stars	Prefab Sprout - Steve McQueen	3.50 stars
3.50 stars	Hüsker Dü - Flip Your Wig	3.50 stars
4.00 stars	The Fall - This Nation's Saving Grace	3.50 stars
3.00 stars	The Jesus and Mary Chain - Psychocandy	3.50 stars
4.00 stars	Big Black - Atomizer	3.00 stars
4.00 stars	CCCP Fedeli alla Linea - Affinità-divergenze fra il compagno Togliatti e noi: Del conseguimento della maggiore età	3.00 stars
3.00 stars	Talk Talk - The Colour of Spring	4.00 stars
3.50 stars	Sonic Youth - EVOL	3.50 stars
3.50 stars	Felt - Forever Breathes the Lonely Word	4.00 stars
4.50 stars	The Chameleons - Strange Times	3.50 stars
3.00 stars	XTC - Skylarking	4.00 stars
3.50 stars	Hüsker Dü - Warehouse: Songs and Stories	4.00 stars
3.00 stars	Prince - Sign "☮" the Times	3.00 stars
3.50 stars	Big Black - Songs About Fucking	3.00 stars
4.00 stars	Galaxie 500 - Today	3.50 stars
4.00 stars	Pixies - Surfer Rosa	4.50 stars
4.00 stars	Joy Division - Substance 1977-1980	4.50 stars
3.50 stars	Cocteau Twins - Blue Bell Knoll	4.00 stars
4.00 stars	Sonic Youth - Daydream Nation	4.00 stars
3.50 stars	Dinosaur Jr - Bug	4.00 stars
3.50 stars	Mudhoney - Superfuzz Bigmuff	3.50 stars
3.50 stars	My Bloody Valentine - Isn't Anything	3.00 stars
4.00 stars	Kronos Quartet / Pat Metheny - Different Trains; Electric Counterpoint	3.00 stars
4.50 stars	Pixies - Doolittle	5.00 stars
3.50 stars	The Cure - Disintegration	4.00 stars
3.50 stars	Beastie Boys - Paul's Boutique	4.00 stars
3.50 stars	The Wedding Present - Bizarro	3.50 stars
4.00 stars	Galaxie 500 - On Fire	4.00 stars
4.00 stars	NoMeansNo - Wrong	3.50 stars
3.50 stars	Bad Religion - No Control	4.00 stars
3.00 stars	The Sundays - Reading, Writing and Arithmetic	3.50 stars
3.00 stars	Nick Cave & The Bad Seeds - The Good Son	4.00 stars
3.50 stars	Sonic Youth - Goo	4.00 stars
3.50 stars	Ride - Nowhere	3.50 stars
4.00 stars	The Jesus Lizard - Goat	3.50 stars
3.00 stars	Primus - Sailing the Seas of Cheese	4.00 stars
4.00 stars	Les Rallizes dénudés - '77 Live	3.00 stars
3.00 stars	Slowdive - Just for a Day	3.50 stars
2.50 stars	Red Hot Chili Peppers - Blood Sugar Sex Magik	3.00 stars
3.50 stars	Nirvana - Nevermind	3.50 stars
3.50 stars	A Tribe Called Quest - The Low End Theory	4.00 stars
3.00 stars	Superchunk - No Pocky for Kitty	3.50 stars
4.00 stars	Talk Talk - Laughing Stock	3.00 stars
5.00 stars	Pavement - Slanted and Enchanted	4.00 stars
3.00 stars	The Nation of Ulysses - Plays Pretty for Baby	2.50 stars
3.50 stars	Red House Painters - Down Colorful Hill	4.00 stars
4.00 stars	The Jesus Lizard - Liar	3.50 stars
3.00 stars	Rage Against the Machine - Rage Against the Machine	4.00 stars
3.00 stars	The Pharcyde - Bizarre Ride II the Pharcyde	2.50 stars
3.50 stars	Swirlies - Blonder Tongue Audio Baton	3.50 stars
3.50 stars	Slowdive - Souvlaki	3.50 stars
3.00 stars	Fugazi - In on the Kill Taker	3.50 stars
4.00 stars	Unwound - Fake Train	4.00 stars
3.00 stars	Smashing Pumpkins - Siamese Dream	4.00 stars
3.00 stars	Stereolab - Transient Random-Noise Bursts With Announcements	4.00 stars
3.00 stars	Tindersticks - Tindersticks	4.00 stars
3.00 stars	Eric's Trip - Love Tara	4.00 stars
3.50 stars	Wu-Tang Clan - Enter the Wu-Tang (36 Chambers)	4.50 stars
4.50 stars	Pavement - Crooked Rain, Crooked Rain	3.50 stars
3.50 stars	Low - I Could Live in Hope	3.00 stars
4.00 stars	Disco Inferno - D. I. Go Pop	3.50 stars
3.50 stars	Aphex Twin - Selected Ambient Works Volume II	3.00 stars
3.50 stars	Unwound - New Plastic Ideas	3.50 stars
3.50 stars	Bedhead - WhatFunLifeWas	3.50 stars
3.50 stars	Nas - Illmatic	4.00 stars
3.50 stars	Nick Cave and The Bad Seeds - Let Love In	4.50 stars
3.00 stars	Sunny Day Real Estate - Diary	4.00 stars
3.50 stars	Weezer - Weezer [Blue Album]	4.50 stars
3.00 stars	Drive Like Jehu - Yank Crime	3.00 stars
3.00 stars	Kyuss - Kyuss [Welcome to Sky Valley]	3.50 stars
3.50 stars	Portishead - Dummy	4.00 stars
4.00 stars	Sebadoh - Bakesale	4.00 stars
3.50 stars	Shellac - At Action Park	3.50 stars
3.50 stars	Autechre - Amber	3.00 stars
4.00 stars	Oval - 94 Diskont	3.00 stars
3.00 stars	Slowdive - Pygmalion	2.50 stars
4.00 stars	Tindersticks - Tindersticks [II]	3.50 stars
3.50 stars	Pavement - Wowee Zowee	3.50 stars
2.50 stars	Supergrass - I Should Coco	3.50 stars
4.50 stars	Three-6 Mafia - Mystic Stylez	4.00 stars
3.50 stars	Fugazi - Red Medicine	4.00 stars
3.50 stars	Sonic Youth - Washing Machine	4.00 stars
3.00 stars	The Magnetic Fields - Get Lost	4.00 stars
3.50 stars	Autechre - Tri repetae	3.00 stars
3.50 stars	Ground-Zero - 革命京劇 Revolutionary Pekinese Opera Ver.1.28 (Kakumeikyōgeki)	4.00 stars
4.00 stars	Tortoise - Millions Now Living Will Never Die	3.50 stars
3.50 stars	Sixteen Horsepower - Sackcloth 'n' Ashes	3.50 stars
3.50 stars	Stereolab - Emperor Tomato Ketchup	3.00 stars
3.00 stars	Neutral Milk Hotel - On Avery Island	4.00 stars
3.50 stars	Unwound - Repetition	3.50 stars
3.50 stars	Belle and Sebastian - Tigermilk	3.00 stars
3.50 stars	Cardiacs - Sing to God	3.50 stars
3.00 stars	Beck - Odelay	3.50 stars
3.50 stars	Eels - Beautiful Freak	3.50 stars
4.00 stars	bob hund - Omslag: Martin Kann	3.50 stars
4.00 stars	Weezer - Pinkerton	4.00 stars
3.50 stars	Swans - Soundtracks for the Blind	2.50 stars
3.00 stars	Fishmans - Long Season	4.00 stars
4.00 stars	Aphex Twin - Richard D. James Album	4.00 stars
4.00 stars	Belle and Sebastian - If You're Feeling Sinister	3.50 stars
3.50 stars	DJ Shadow - Endtroducing.....	3.50 stars
3.50 stars	Built to Spill - Perfect From Now On	3.50 stars
3.50 stars	Pavement - Brighten the Corners	4.00 stars
3.00 stars	Sleater-Kinney - Dig Me Out	3.50 stars
4.00 stars	Yo La Tengo - I Can Hear the Heart Beating as One	3.00 stars
3.50 stars	Prodigy - The Fat of the Land	3.50 stars
3.50 stars	lowercase - Kill the Lights	4.00 stars
4.00 stars	Godspeed You Black Emperor! - F♯A♯∞	3.50 stars
3.00 stars	Björk - Homogenic	4.00 stars
3.50 stars	Modest Mouse - The Lonesome Crowded West	4.00 stars
3.00 stars	Swans - Swans Are Dead	4.00 stars
3.50 stars	Duster - Stratosphere	3.50 stars
4.00 stars	Tortoise - TNT	3.50 stars
4.00 stars	Boards of Canada - Music Has the Right to Children	4.50 stars
4.00 stars	Don Caballero - What Burns Never Returns	3.00 stars
3.00 stars	Mercury Rev - Deserter's Songs	4.00 stars
3.00 stars	Built to Spill - Keep It Like a Secret	4.00 stars
4.00 stars	Triple Six Mafia - Underground Vol. 1: 1991-1994	4.00 stars
3.50 stars	Blur - 13	4.50 stars
4.00 stars	Black Tambourine - Complete Recordings	4.00 stars
3.00 stars	The Black Heart Procession - 2	3.00 stars
3.50 stars	Pavement - Terror Twilight	3.50 stars
3.00 stars	Sigur Rós - Ágætis byrjun	4.00 stars
3.50 stars	The Flaming Lips - The Soft Bulletin	4.00 stars
4.00 stars	Mr. Bungle - California	4.00 stars
4.00 stars	The Magnetic Fields - 69 Love Songs	4.00 stars
3.50 stars	The Dismemberment Plan - Emergency & I	3.50 stars
4.50 stars	Koopsta Knicca - Da Devil's Playground: Underground Solo	4.00 stars
4.00 stars	Jim O'Rourke - Halfway to a Threeway	4.00 stars
3.50 stars	Modest Mouse - Building Nothing Out of Something	4.50 stars
4.00 stars	Yo La Tengo - And Then Nothing Turned Itself Inside-Out	3.00 stars
3.00 stars	Clinic - Internal Wrangler	3.50 stars
3.00 stars	Eminem - The Marshall Mathers LP	3.50 stars
3.00 stars	Luomo - Vocalcity	4.00 stars
3.50 stars	Queens of the Stone Age - Rated R	4.00 stars
4.00 stars	Modest Mouse - The Moon & Antarctica	4.50 stars
3.50 stars	Avey Tare and Panda Bear - Spirit They're Gone Spirit They've Vanished	3.50 stars
3.50 stars	Godspeed You Black Emperor! - Lift Yr. Skinny Fists Like Antennas to Heaven!	3.50 stars
3.50 stars	Electric Wizard - Dopethrone	4.00 stars
3.00 stars	PJ Harvey - Stories From the City, Stories From the Sea	3.50 stars
3.50 stars	The Clientele - Suburban Light	3.50 stars
3.50 stars	Jan Jelinek - Loop-finding-jazz-records	3.50 stars
4.00 stars	Unwound - Leaves Turn Inside You	3.00 stars
3.00 stars	Cannibal Ox - The Cold Vein	4.00 stars
3.00 stars	pageninetynine - Document #8	4.00 stars
4.00 stars	The Shins - Oh, Inverted World	4.00 stars
3.00 stars	maudlin of the Well - Bath	3.50 stars
3.00 stars	Björk - Vespertine	4.00 stars
3.00 stars	Sparklehorse - It's a Wonderful Life	4.00 stars
4.00 stars	Converge - Jane Doe	3.00 stars
3.00 stars	Aesop Rock - Labor Days	3.50 stars
3.50 stars	Fugazi - The Argument	3.50 stars
3.50 stars	Liars - They Threw Us All in a Trench and Stuck a Monument on Top	4.00 stars
3.50 stars	Hood - Cold House	3.50 stars
3.50 stars	Jim O'Rourke - Insignificance	3.50 stars
3.00 stars	Tim Hecker - Haunt Me, Haunt Me Do It Again	3.00 stars
4.00 stars	Indian Summer - Science 1994	4.00 stars
3.00 stars	Michael Mayer - Immer	3.50 stars
3.50 stars	...And You Will Know Us by the Trail of Dead - Source Tags & Codes	3.50 stars
4.50 stars	Wilco - Yankee Hotel Foxtrot	3.50 stars
4.00 stars	The Books - Thought for Food	4.00 stars
3.00 stars	Sonic Youth - Murray Street	4.00 stars
3.50 stars	Interpol - Turn On the Bright Lights	4.50 stars
3.00 stars	The Dillinger Escape Plan with Mike Patton - Irony Is a Dead Scene	2.50 stars
3.50 stars	Queens of the Stone Age - Songs for the Deaf	4.50 stars
4.00 stars	Broken Social Scene - You Forgot It in People	4.00 stars
3.00 stars	Bohren & der Club of Gore - Black Earth	3.50 stars
3.00 stars	Sigur Rós - ( )	4.00 stars
3.50 stars	The Mountain Goats - Tallahassee	3.50 stars
3.50 stars	The Microphones - Mount Eerie	4.00 stars
4.50 stars	Xiu Xiu - A Promise	3.50 stars
3.50 stars	Lightning Bolt - Wonderful Rainbow	2.50 stars
3.00 stars	Cursive - The Ugly Organ	3.00 stars
4.00 stars	Magnolia Electric Co. - The Magnolia Electric Co.	4.00 stars
3.00 stars	Manitoba - Up in Flames	3.50 stars
3.00 stars	Sleep - Dopesmoker	3.00 stars
3.50 stars	Yeah Yeah Yeahs - Fever to Tell	3.50 stars
3.50 stars	Four Tet - Rounds	4.00 stars
3.00 stars	Boris - あくまのうた (Akuma no Uta)	3.50 stars
3.50 stars	Mew - Frengers	4.00 stars
3.00 stars	Sweet Trip - Velocity : Design : Comfort	3.50 stars
3.50 stars	Broadcast - Haha Sound	3.00 stars
3.50 stars	Rocky Dennis - Maple Leaves	3.50 stars
4.00 stars	Boris - Boris at Last -Feedbacker-	3.00 stars
3.00 stars	Max Richter - The Blue Notebooks	3.50 stars
4.50 stars	Madvillain - Madvillainy	4.00 stars
4.00 stars	of Montreal - Satanic Panic in the Attic	4.00 stars
3.50 stars	Devendra Banhart - Rejoicing in the Hands	2.50 stars
3.50 stars	Junior Boys - Last Exit	4.00 stars
3.50 stars	The Fiery Furnaces - Blueberry Boat	3.50 stars
3.50 stars	Mastodon - Leviathan	2.50 stars
3.50 stars	John Frusciante - Curtains	3.50 stars
3.00 stars	Akron/Family - Akron/Family	3.00 stars
4.00 stars	Sufjan Stevens - Illinois	4.50 stars
4.00 stars	WHY? - Elephant Eyelash	4.00 stars
3.50 stars	Mew - And the Glass Handed Kites	4.00 stars
4.00 stars	Animal Collective - Feels	3.50 stars
4.00 stars	Boris - Pink	4.00 stars
3.50 stars	Ryoji Ikeda - dataplex	3.50 stars
3.50 stars	Sibylle Baier - Colour Green	3.50 stars
4.00 stars	John Maus - Songs	3.50 stars
3.00 stars	Grizzly Bear - Yellow House	3.50 stars
3.50 stars	Klaxons - Myths of the Near Future	4.00 stars
3.50 stars	Panda Bear - Person Pitch	2.50 stars
3.50 stars	Stars of the Lid - And Their Refinement of the Decline	3.50 stars
4.00 stars	The Twilight Sad - Fourteen Autumns & Fifteen Winters	3.50 stars
4.00 stars	Blonde Redhead - 23	3.50 stars
3.50 stars	Battles - Mirrored	4.50 stars
4.00 stars	The National - Boxer	4.50 stars
3.00 stars	Spoon - Ga Ga Ga Ga Ga	4.00 stars
4.00 stars	Andrew Jackson Jihad - People Who Can Eat People Are the Luckiest People in the World	3.00 stars
3.50 stars	Jens Lekman - Night Falls Over Kortedala	3.50 stars
4.00 stars	Animal Collective - Strawberry Jam	4.50 stars
4.00 stars	Radiohead - In Rainbows	3.50 stars
4.00 stars	Burial - Untrue	4.50 stars
4.00 stars	MGMT - Oracular Spectacular	4.50 stars
4.00 stars	Have a Nice Life - Deathconsciousness	5.00 stars
3.50 stars	Fuck Buttons - Street Horrrsing	3.50 stars
3.50 stars	Beach House - Devotion	3.50 stars
4.00 stars	Portishead - Third	4.00 stars
4.00 stars	Fleet Foxes - Fleet Foxes	3.50 stars
3.00 stars	DJ Sprinkles - Midtown 120 Blues	3.00 stars
3.50 stars	Mount Eerie with Julie Doiron & Fred Squire - Lost Wisdom	4.00 stars
4.50 stars	Deerhunter - Microcastle / Weird Era Continued	3.50 stars
5.00 stars	Animal Collective - Merriweather Post Pavilion	4.50 stars
3.50 stars	Death - ...For the Whole World to See	4.00 stars
3.50 stars	Soap&Skin - Lovetune for Vacuum	4.00 stars
3.00 stars	Fever Ray - Fever Ray	4.00 stars
3.50 stars	Dan Deacon - Bromst	4.00 stars
3.50 stars	Amesoeurs - Amesoeurs	4.00 stars
3.50 stars	Japandroids - Post-Nothing	4.00 stars
3.50 stars	Burial + Four Tet - Moth / Wolf Cub	3.50 stars
3.50 stars	The Horrors - Primary Colours	3.50 stars
3.00 stars	Passion Pit - Manners	4.00 stars
3.50 stars	A Place to Bury Strangers - Exploding Head	4.00 stars
4.00 stars	The Flaming Lips - Embryonic	4.00 stars
3.00 stars	Converge - Axe to Fall	3.00 stars
3.50 stars	Tyler, the Creator - Bastard	3.50 stars
3.00 stars	Vampire Weekend - Contra	3.50 stars
3.00 stars	Four Tet - There Is Love in You	4.00 stars
4.50 stars	Beach House - Teen Dream	3.50 stars
3.00 stars	Titus Andronicus - The Monitor	3.50 stars
3.00 stars	Daughters - Daughters	4.00 stars
4.50 stars	MGMT - Congratulations	4.00 stars
3.50 stars	Flying Lotus - Cosmogramma	4.00 stars
4.00 stars	Ariel Pink's Haunted Graffiti - Before Today	3.00 stars
3.00 stars	Baths - Cerulean	4.00 stars
4.50 stars	Deerhunter - Halcyon Digest	3.50 stars
3.50 stars	Twin Shadow - Forget	3.50 stars
4.00 stars	The Soft Moon - The Soft Moon	3.50 stars
3.50 stars	Destroyer - Kaputt	4.00 stars
3.50 stars	Yuck - Yuck	4.00 stars
3.50 stars	Frank Ocean - Nostalgia, Ultra.	3.50 stars
4.00 stars	Colin Stetson - New History Warfare Vol. 2: Judges	4.00 stars
4.00 stars	Death Grips - Exmilitary	4.50 stars
3.00 stars	Giles Corey - Giles Corey	4.00 stars
3.00 stars	SpaceGhostPurrp - Blvcklvnd Rvdix 66.6 (1991)	3.00 stars
3.50 stars	Fleet Foxes - Helplessness Blues	3.00 stars
3.00 stars	Keaton Henson - Dear	3.50 stars
3.50 stars	SBTRKT - SBTRKT	4.00 stars
4.00 stars	John Maus - We Must Become the Pitiless Censors of Ourselves	3.50 stars
3.00 stars	Shabazz Palaces - Black Up	4.00 stars
4.00 stars	Kendrick Lamar - Section.80	3.50 stars
4.00 stars	Danny Brown - XXX	4.00 stars
3.50 stars	Real Estate - Days	3.50 stars
4.00 stars	Car Seat Headrest - Twin Fantasy	4.50 stars
4.00 stars	Thee Oh Sees - Carrion Crawler / The Dream EP	3.00 stars
4.00 stars	Lil Ugly Mane - Mista Thug Isolation	4.00 stars
3.50 stars	Burial - Kindred EP	4.00 stars
3.00 stars	Lil B - God's Father	3.50 stars
3.50 stars	Julia Holter - Ekstasis	4.00 stars
4.50 stars	Merchandise - Children of Desire	3.50 stars
3.50 stars	Death Grips - The Money Store	4.50 stars
4.00 stars	Beach House - Bloom	3.50 stars
3.50 stars	alt-J - An Awesome Wave	3.50 stars
4.50 stars	Fiona Apple - The Idler Wheel Is Wiser Than the Driver of the Screw and Whipping Cords Will Serve You More Than Ropes Will Ever Do	3.50 stars
3.50 stars	Frank Ocean - channel ORANGE	4.00 stars
3.50 stars	Goat - World Music	3.50 stars
3.00 stars	Wild Nothing - Nocturne	3.50 stars
3.00 stars	Swans - The Seer	2.50 stars
4.00 stars	Grizzly Bear - Shields	4.00 stars
4.00 stars	Tame Impala - Lonerism	4.00 stars
3.00 stars	METZ - METZ	3.50 stars
3.50 stars	Converge - All We Love We Leave Behind	3.50 stars
4.00 stars	Mac DeMarco - 2	3.50 stars
4.00 stars	Kendrick Lamar - good kid, m.A.A.d city	4.50 stars
4.00 stars	Pile - Dripping	3.50 stars
3.50 stars	Lil Ugly Mane - Uneven Compromise	4.00 stars
3.50 stars	Alex G - Trick	4.00 stars
3.50 stars	My Bloody Valentine - m b v	3.00 stars
4.50 stars	Iceage - You're Nothing	3.50 stars
3.50 stars	Tony Molina - Dissed and Dismissed	3.50 stars
4.00 stars	Omar S - Thank You for Letting Me Be Myself	3.00 stars
3.00 stars	James Blake - Overgrown	4.00 stars
4.00 stars	Dean Blunt - The Redeemer	3.50 stars
4.50 stars	Deerhunter - Monomania	4.00 stars
3.50 stars	Vampire Weekend - Modern Vampires of the City	3.50 stars
3.50 stars	Deafheaven - Sunbather	4.00 stars
4.00 stars	Fuck Buttons - Slow Focus	4.00 stars
3.50 stars	Julia Holter - Loud City Song	3.00 stars
3.50 stars	Forest Swords - Engravings	3.50 stars
3.50 stars	Chelsea Wolfe - Pain Is Beauty	4.00 stars
4.00 stars	Oneohtrix Point Never - R Plus Seven	3.50 stars
4.00 stars	Melt-Banana - Fetch	3.50 stars
3.00 stars	Daniel Avery - Drone Logic	3.50 stars
3.50 stars	Darkside - Psychic	4.00 stars
3.50 stars	DJ Rashad - Double Cup	3.50 stars
4.00 stars	Freddie Gibbs & Madlib - Piñata	3.50 stars
3.00 stars	The Body - I Shall Die Here	3.50 stars
4.00 stars	Mac DeMarco - Salad Days	3.50 stars
3.00 stars	Todd Terje - It's Album Time	3.50 stars
3.50 stars	Fennesz - Bécs	3.00 stars
4.00 stars	Ought - More Than Any Other Day	3.50 stars
3.00 stars	Ben Frost - A U R O R A	3.50 stars
3.50 stars	Sharon Van Etten - Are We There	4.00 stars
3.50 stars	Parquet Courts - Sunbathing Animal	3.50 stars
2.50 stars	Ty Segall - Manipulator	3.50 stars
4.00 stars	PRO8L3M - Art brut	4.50 stars
3.50 stars	Iceage - Plowing Into the Field of Love	3.50 stars
3.00 stars	Run the Jewels - Run the Jewels 2	4.00 stars
4.00 stars	Dean Blunt - Black Metal	3.50 stars
3.00 stars	D'Angelo and The Vanguard - Black Messiah	3.50 stars
3.00 stars	Taco Hemingway - Trójkąt warszawski	3.50 stars
3.00 stars	２８１４ - 新しい日の誕生 (Atarashī hi no tanjō)	3.50 stars
3.00 stars	Soichi Terada - Sounds From the Far East	3.00 stars
3.50 stars	Syny - Orient	3.50 stars
3.50 stars	Clarence Clarity - No Now	3.50 stars
4.00 stars	Earl Sweatshirt - I Don't Like Shit, I Don't Go Outside	4.00 stars
3.50 stars	Courtney Barnett - Sometimes I Sit and Think, and Sometimes I Just Sit	3.50 stars
4.50 stars	Young Thug - Barter 6	3.50 stars
3.00 stars	Colin Stetson and Sarah Neufeld - Never Were the Way She Was	3.50 stars
3.50 stars	Earl Sweatshirt - Solace	4.00 stars
3.50 stars	Lil Ugly Mane - Third Side of Tape	4.00 stars
3.50 stars	Hop Along - Painted Shut	3.00 stars
3.50 stars	Thee Oh Sees - Mutilator Defeated at Last	3.50 stars
3.00 stars	Algiers - Algiers	4.00 stars
2.50 stars	Ptaki - Przelot	3.50 stars
3.00 stars	Carly Rae Jepsen - E·MO·TION	3.00 stars
3.50 stars	Chelsea Wolfe - Abyss	4.50 stars
4.00 stars	Travis Scott - Rodeo	4.00 stars
4.00 stars	Julia Holter - Have You in My Wilderness	3.00 stars
3.00 stars	Deafheaven - New Bermuda	4.00 stars
3.50 stars	Stara Rzeka - Zamknęły się oczy ziemi	3.50 stars
3.50 stars	Joanna Newsom - Divers	4.00 stars
3.50 stars	Julien Baker - Sprained Ankle	4.00 stars
3.50 stars	Floating Points - Elaenia	3.00 stars
3.50 stars	Oneohtrix Point Never - Garden of Delete	4.00 stars
3.50 stars	SOPHIE - Product	4.00 stars
4.50 stars	Lil Ugly Mane - Oblivion Access	4.00 stars
4.00 stars	David Bowie - ★ [Blackstar]	4.50 stars
4.00 stars	JPEGMAFIA - Black Ben Carson	3.50 stars
3.50 stars	Big Ups - Before a Million Universes	3.50 stars
3.50 stars	Kendrick Lamar - untitled unmastered.	4.00 stars
4.50 stars	Denzel Curry - Imperial	4.00 stars
4.00 stars	Young Thug - Slime Season 3	3.00 stars
3.00 stars	The Field - The Follower	3.50 stars
3.50 stars	Leon Vynehall - Rojus (Designed to Dance)	3.50 stars
3.50 stars	Deakin - Sleep Cycle	4.00 stars
3.50 stars	Tim Hecker - Love Streams	3.50 stars
3.50 stars	Aesop Rock - The Impossible Kid	3.50 stars
4.00 stars	King Gizzard and the Lizard Wizard - Nonagon Infinity	3.50 stars
3.50 stars	Death Grips - Bottomless Pit	4.00 stars
3.50 stars	Radiohead - A Moon Shaped Pool	4.00 stars
4.00 stars	Car Seat Headrest - Teens of Denial	4.00 stars
3.50 stars	PUP - The Dream Is Over	3.50 stars
3.50 stars	PRO8L3M - PRO8L3M	4.50 stars
3.50 stars	Told Slant - Going By	3.00 stars
3.50 stars	Thee Oh Sees - Live in San Francisco	3.50 stars
3.50 stars	The Avalanches - Wildflower	4.00 stars
3.00 stars	Blood Orange - Freetown Sound	3.50 stars
5.00 stars	Frank Ocean - Blonde	4.00 stars
4.00 stars	Angel Olsen - MY WOMAN	3.50 stars
3.50 stars	Kraus - End Tomorrow	3.50 stars
3.50 stars	Preoccupations - Preoccupations	4.00 stars
4.00 stars	Danny Brown - Atrocity Exhibition	4.00 stars
3.50 stars	Jeff Rosenstock - WORRY.	4.50 stars
3.50 stars	A Tribe Called Quest - We got it from Here… Thank You 4 Your service	4.00 stars
4.00 stars	Furia - Księżyc milczy luty	3.50 stars
3.50 stars	Injury Reserve - Floss	3.50 stars
3.50 stars	William Basinski - A Shadow in Time	3.00 stars
3.50 stars	Bedwetter - Volume 1: Flick Your Tongue Against Your Teeth and Describe the Present.	3.50 stars
3.00 stars	Suiyoubi no Campanella - Superman	3.50 stars
3.50 stars	Schwefelgelb - Dahinter das Gesicht	4.00 stars
4.00 stars	Xiu Xiu - FORGET	3.50 stars
3.50 stars	Tzusing - 東方不敗	3.50 stars
3.50 stars	Blanck Mass - World Eater	4.00 stars
4.00 stars	Idles - Brutalism	3.50 stars
3.00 stars	Mount Eerie - A Crow Looked at Me	4.00 stars
3.50 stars	Gnod - Just Say No to the Psycho Right-Wing Capitalist Fascist Industrial Death Machine	3.50 stars
3.50 stars	Mac DeMarco - This Old Dog	3.50 stars
3.50 stars	Forest Swords - Compassion	4.00 stars
4.50 stars	(Sandy) Alex G - Rocket	3.50 stars
4.00 stars	Death Grips - Steroids (Crouching Tiger Hidden Gabber Megamix)	4.00 stars
4.00 stars	Richard Dawson - Peasant	4.00 stars
4.00 stars	Big Thief - Capacity	3.00 stars
4.00 stars	Brockhampton - Saturation	4.00 stars
3.50 stars	Flotation Toy Warning - The Machine That Made Us	3.50 stars
4.00 stars	Young Thug - Beautiful Thugger Girls	4.00 stars
3.50 stars	Algiers - The Underside of Power	4.00 stars
3.50 stars	Sheer Mag - Need to Feel Your Love	4.00 stars
4.50 stars	Tyler, the Creator - Flower Boy	4.00 stars
3.50 stars	Milo - Who Told You to Think​?​?​!​!​?​!​?​!​?​!	3.00 stars
3.50 stars	Denzel Curry - 13	3.50 stars
5.00 stars	Brockhampton - Saturation II	4.50 stars
3.00 stars	Corbin - Mourn	4.00 stars
3.00 stars	Young Thug & Carnage - Young Martha	3.00 stars
3.50 stars	Chelsea Wolfe - Hiss Spun	4.00 stars
4.00 stars	Iglooghost - Neō Wax Bloom	4.00 stars
4.50 stars	Protomartyr - Relatives in Descent	4.00 stars
3.50 stars	King Krule - The Ooz	3.00 stars
3.50 stars	John Maus - Screen Memories	3.00 stars
3.50 stars	21 Savage, Offset & Metro Boomin - Without Warning	2.50 stars
3.50 stars	Charli XCX - Pop 2	4.00 stars
4.00 stars	Brockhampton - Saturation III	4.50 stars
3.00 stars	Shame - Songs of Praise	3.50 stars
4.00 stars	JPEGMAFIA - Veteran	3.50 stars
3.50 stars	Car Seat Headrest - Twin Fantasy	4.50 stars
3.00 stars	Kero Kero Bonito - TOTEP	4.00 stars
3.50 stars	Turnstile - Time & Space	3.50 stars
3.50 stars	Haley Heynderickx - I Need to Start a Garden	3.50 stars
3.50 stars	julek ploski - Tesco	3.50 stars
3.50 stars	Preoccupations - New Material	3.50 stars
3.00 stars	The Voidz - Virtue	3.50 stars
3.00 stars	Kali Uchis - Isolation	3.50 stars
3.00 stars	Frank Ocean - Endless	3.50 stars
3.00 stars	Haru Nemuri - 春と修羅 (Haru to Shura)	4.00 stars
3.00 stars	Rival Consoles - Persona	3.50 stars
3.50 stars	Iceage - Beyondless	3.50 stars
4.00 stars	Tropical Fuck Storm - A Laughing Death in Meatspace	4.00 stars
3.50 stars	Playboi Carti - Die Lit	2.50 stars
4.00 stars	Beach House - 7	4.00 stars
4.50 stars	Parquet Courts - Wide Awaaaaake!	4.00 stars
3.00 stars	Shygirl - Cruel Practice	3.50 stars
4.00 stars	Pusha T - DAYTONA	4.00 stars
3.50 stars	Oneohtrix Point Never - Age Of	4.00 stars
3.00 stars	Snail Mail - Lush	3.50 stars
3.00 stars	Death Grips - Year of the Snitch	4.00 stars
3.50 stars	Deafheaven - Ordinary Corrupt Human Love	4.00 stars
4.00 stars	Denzel Curry - TA13OO	3.50 stars
3.00 stars	Mid-Air Thief - 무너지기 (Crumbling)	3.50 stars
3.00 stars	Iglooghost - Clear Tamei	3.50 stars
4.00 stars	Mitski - Be the Cowboy	3.50 stars
3.50 stars	Blood Orange - Negro Swan	3.50 stars
3.00 stars	KEN mode - Loved	3.00 stars
3.50 stars	Idles - Joy as an Act of Resistance.	4.00 stars
3.50 stars	Yves Tumor - Safe in the Hands of Love	3.50 stars
3.50 stars	Low - Double Negative	4.00 stars
3.00 stars	Tim Hecker - Konoyo	3.00 stars
3.00 stars	Viagra Boys - Street Worms	4.00 stars
3.50 stars	Kero Kero Bonito - Time 'n' Place	4.00 stars
3.50 stars	Cloud Nothings - Last Building Burning	4.00 stars
3.00 stars	Julia Holter - Aviary	3.00 stars
3.50 stars	Daughters - You Won't Get What You Want	4.00 stars
4.50 stars	Earl Sweatshirt - Some Rap Songs	4.00 stars
3.00 stars	Sharon Van Etten - Remind Me Tomorrow	3.50 stars
3.50 stars	Deerhunter - Why Hasn't Everything Already Disappeared?	3.50 stars
3.50 stars	Malibu Ken - Malibu Ken	3.50 stars
3.50 stars	Jessica Pratt - Quiet Signs	3.00 stars
3.50 stars	Xiu Xiu - Girl With Basket of Fruit	3.50 stars
4.00 stars	Little Simz - Grey Area	4.00 stars
4.00 stars	Stella Donnelly - Beware of the Dogs	3.50 stars
4.00 stars	The Comet Is Coming - Trust in the Lifeforce of the Deep Mystery	4.00 stars
3.50 stars	Orville Peck - Pony	3.00 stars
4.00 stars	These New Puritans - Inside the Rose	3.50 stars
3.50 stars	Quelle Chris - Guns	3.00 stars
3.50 stars	Billy Woods & Kenny Segal - Hiding Places	3.00 stars
4.50 stars	DJ Armok / DJ Bishop / Pillbox - Dungeon Rap: The Introduction	3.50 stars
4.00 stars	Weyes Blood - Titanic Rising	4.00 stars
3.50 stars	Slauson Malone - A Quiet Farwell, 2016–2018	3.50 stars
3.50 stars	Kelsey Lu - Blood	3.50 stars
3.50 stars	Lizzo - Cuz I Love You	4.00 stars
4.00 stars	Kevin Abstract - ARIZONA BABY	4.00 stars
2.50 stars	Otoboke Beaver - いてこまヒッツ (Itekoma Hits)	2.50 stars
4.00 stars	Weatherday - Come In	4.00 stars
3.00 stars	Vampire Weekend - Father of the Bride	4.00 stars
3.50 stars	Big Thief - U.F.O.F.	3.00 stars
3.00 stars	Holly Herndon - PROTO	3.50 stars
3.50 stars	Tim Hecker - Anoyo	3.00 stars
3.00 stars	Carly Rae Jepsen - Dedicated	3.50 stars
3.50 stars	Tyler, the Creator - Igor	4.50 stars
4.00 stars	Injury Reserve - Injury Reserve	3.50 stars
3.50 stars	Amyl and The Sniffers - Amyl and The Sniffers	3.50 stars
4.00 stars	100 Gecs - 1000 Gecs	3.50 stars
4.50 stars	Denzel Curry - Zuu	3.50 stars
3.00 stars	Bill Callahan - Shepherd in a Sheepskin Vest	3.00 stars
3.00 stars	Shinichiro Yokota - I Know You Like It	3.50 stars
3.00 stars	Hatchie - Keepsake	4.00 stars
3.50 stars	Tuzza - Moon Mood	4.00 stars
4.00 stars	black midi - Schlagenheim	3.50 stars
4.00 stars	Freddie Gibbs & Madlib - Bandana	4.00 stars
4.00 stars	Purple Mountains - Purple Mountains	4.00 stars
3.00 stars	Lingua Ignota - Caligula	3.50 stars
3.00 stars	Blanck Mass - Animated Violence Mild	4.00 stars
4.00 stars	Young Thug - So Much Fun	3.50 stars
4.00 stars	Tropical Fuck Storm - Braindrops	3.50 stars
3.00 stars	3776 - 歳時記 (Saijiki)	3.50 stars
4.50 stars	HTRK - Venus in Leo	3.50 stars
4.00 stars	Mgła - Age of Excuse	3.50 stars
3.50 stars	Charli XCX - Charli	3.50 stars
4.00 stars	(Sandy) Alex G - House of Sugar	4.00 stars
4.00 stars	JPEGMAFIA - All My Heroes Are Cornballs	4.00 stars
4.00 stars	Girl Band - The Talkies	3.50 stars
4.00 stars	Danny Brown - uknowhatimsayin¿	3.50 stars
4.00 stars	Angel Olsen - All Mirrors	4.00 stars
4.00 stars	Lightning Bolt - Sonic Citadel	3.00 stars
4.00 stars	Big Thief - Two Hands	3.00 stars
4.00 stars	clipping. - There Existed an Addiction to Blood	4.00 stars
3.50 stars	Earl Sweatshirt - Feet of Clay	3.00 stars
4.00 stars	Liturgy - H.A.Q.Q.	3.50 stars
4.00 stars	Denzel Curry x Kenny Beats - Unlocked	4.00 stars
3.00 stars	Murcof - Martes	3.50 stars
2.50 stars	Kacey Musgraves - Golden Hour	3.50 stars
4.00 stars	My Bloody Valentine - Loveless	5.00 stars
3.50 stars	Natural Snow Buildings - The Dance of the Moon and the Sun	4.00 stars
3.00 stars	Willie Nelson - Red Headed Stranger	3.50 stars
3.50 stars	The Nerves - The Nerves	4.00 stars
4.00 stars	Neutral Milk Hotel - In the Aeroplane Over the Sea	4.50 stars
3.50 stars	The New Pornographers - Twin Cinema	4.00 stars
4.00 stars	Joanna Newsom - Ys	3.00 stars
3.00 stars	Niechęć - Niechęć	4.00 stars
3.50 stars	Nirvana - In utero	4.50 stars
3.00 stars	No Age - Snares Like a Haircut	3.50 stars
4.00 stars	of Montreal - Hissing Fauna, Are You the Destroyer?	4.00 stars
3.50 stars	The Olivia Tremor Control - Music From the Unrealized Film Script, Dusk at Cubist Castle	4.00 stars
3.50 stars	The Olivia Tremor Control - Black Foliage: Animation Music Volume 1	4.00 stars
4.00 stars	Angel Olsen - Burn Your Fire for No Witness	3.00 stars
4.00 stars	Oneohtrix Point Never - Replica	3.00 stars
3.00 stars	Oranssi Pazuzu - Värähtelijä	3.00 stars
4.00 stars	Ought - Sun Coming Down	3.50 stars
4.00 stars	OutKast - ATLiens	4.50 stars
3.50 stars	Oxbow - Thin Black Duke	3.00 stars
2.50 stars	The Pains of Being Pure at Heart - The Pains of Being Pure at Heart	3.50 stars
3.00 stars	Owen Pallett - Heartland	3.50 stars
5.00 stars	Parquet Courts - Human Performance	4.00 stars
3.50 stars	Jai Paul - Leak 04-13 (Bait Ones)	4.50 stars
3.50 stars	Pere Ubu - The Modern Dance	3.50 stars
3.50 stars	Perfume Genius - Put Your Back N 2 It	4.00 stars
3.50 stars	Linda Perhacs - Parallelograms	3.50 stars
4.00 stars	Ariel Pink - Pom Pom	4.00 stars
4.00 stars	Ariel Pink - Dedicated to Bobby Jameson	4.00 stars
3.50 stars	Pink Floyd - The Dark Side of the Moon	4.50 stars
4.00 stars	Caroline Polachek - Pang	4.00 stars
3.50 stars	Posse - Horse Blanket	3.50 stars
4.00 stars	Viet Cong - Viet Cong	4.00 stars
4.50 stars	Protomartyr - Under Color of Official Right	4.00 stars
4.00 stars	Protomartyr - The Agent Intellect	4.00 stars
4.00 stars	Protomartyr - Consolation E.P.	3.00 stars
3.00 stars	Public Enemy - It Takes a Nation of Millions to Hold Us Back	3.50 stars
3.00 stars	The Radio Dept. - Lesser Matters	4.00 stars
4.00 stars	Radiohead - OK Computer	4.50 stars
4.00 stars	Radiohead - Kid A	4.00 stars
3.50 stars	Ramones - Ramones	4.50 stars
3.50 stars	Jay Reatard - Blood Visions	4.50 stars
3.00 stars	Lou Reed - Berlin	3.50 stars
3.50 stars	Steve Reich - Music for 18 Musicians	2.50 stars
3.50 stars	R.E.M. - Reckoning	4.00 stars
3.50 stars	R.E.M. - Lifes Rich Pageant	3.50 stars
3.00 stars	Rolling Blackouts C.F. - Hope Downs	4.00 stars
4.00 stars	Royal Headache - Royal Headache	4.00 stars
3.00 stars	Royal Headache - High	3.50 stars
3.50 stars	Ścianka - Białe wakacje	3.50 stars
3.00 stars	Skee Mask - Compro	3.50 stars
3.50 stars	Sleaford Mods - Key Markets	2.50 stars
4.00 stars	The Smiths - Hatful of Hollow	4.00 stars
4.00 stars	The Smiths - The Queen Is Dead	4.00 stars
4.50 stars	Smith Westerns - Dye It Blonde	4.00 stars
3.00 stars	Soccer Mommy - Clean	3.50 stars
3.50 stars	The Sonic Youth - Sister	4.00 stars
3.50 stars	Sonic Youth - Dirty	4.00 stars
3.50 stars	SOPHIE - Oil of Every Pearl's Un-Insides	4.00 stars
3.50 stars	The Sound - Jeopardy	4.50 stars
3.00 stars	Spiritualized® - Ladies and Gentlemen We Are Floating in Space	3.50 stars
3.50 stars	Spoon - Kill the Moonlight	4.00 stars
4.00 stars	Stars of the Lid - The Tired Sounds Of	3.00 stars
4.00 stars	Steely Dan - Aja	4.00 stars
4.00 stars	Sufjan Stevens - Carrie & Lowell	5.00 stars
3.00 stars	Andy Stott - Faith in Strangers	3.50 stars
3.50 stars	Suede - Dog Man Star	4.00 stars
3.50 stars	Sunn O))) - Monoliths & Dimensions	3.00 stars
4.00 stars	Swell Maps - ...In "Jane From Occupied Europe"	3.50 stars
3.50 stars	Talking Heads - Remain in Light	4.50 stars
4.00 stars	Talking Heads - The Name of This Band Is Talking Heads	4.50 stars
4.00 stars	Talk Talk - Spirit of Eden	3.00 stars
3.50 stars	The Tallest Man on Earth - The Wild Hunt	4.00 stars
3.50 stars	Teenage Fanclub - Grand Prix	3.50 stars
3.00 stars	TV on the Radio - Return to Cookie Mountain	4.00 stars
4.00 stars	Unknown Mortal Orchestra - II	3.50 stars
3.00 stars	U.S. Girls - In a Poem Unlimited	4.00 stars
4.00 stars	Various Artists - PC Music Volume 1	4.00 stars
3.50 stars	Various Artists - Mono no aware	3.50 stars
3.50 stars	Tom Waits - Swordfishtrombones	3.50 stars
3.50 stars	Tom Waits - Rain Dogs	4.50 stars
3.50 stars	Tom Waits - Bone Machine	3.50 stars
3.00 stars	Wczasy - Zawody	3.50 stars
4.00 stars	WHY? - Alopecia	3.00 stars
3.50 stars	A Winged Victory for the Sullen - A Winged Victory for the Sullen	3.00 stars
4.50 stars	Wipers - Is This Real?	4.00 stars
4.00 stars	Wipers - Youth of America	3.00 stars
3.50 stars	Wolves in the Throne Room - Two Hunters	3.50 stars
3.50 stars	Xiu Xiu - Plays the Music of Twin Peaks	3.50 stars
3.00 stars	Yeasayer - Odd Blood	3.50 stars
4.00 stars	Yo La Tengo - I Am Not Afraid of You and I Will Beat Your Ass	4.00 stars
4.00 stars	Neil Young - After the Gold Rush	4.50 stars
3.50 stars	Young Thug - Jeffery	3.50 stars
3.50 stars	АЛ-90 - КОД-915913	4.00 stars
rental and Vixim disagree: (83)
rental	Album	Vixim
4.00 stars	Tim Buckley - Starsailor	2.00 stars
5.00 stars	Ornette Coleman - The Shape of Jazz to Come	3.00 stars
2.50 stars	Matt Elliott - Drinking Songs	4.00 stars
3.00 stars	Fishmans - 98.12.28 男達の別れ (98.12.28 Otokotachi no Wakare)	4.50 stars
2.50 stars	Foals - Total Life Forever	5.00 stars
4.00 stars	Guided by Voices - Alien Lanes	2.50 stars
4.00 stars	Metallica - Ride the Lightning	1.50 stars
3.00 stars	Joni Mitchell - Blue	4.50 stars
4.00 stars	John Coltrane - A Love Supreme	2.50 stars
3.00 stars	The Jimi Hendrix Experience - Are You Experienced	4.50 stars
2.50 stars	Led Zeppelin - Led Zeppelin	4.50 stars
3.00 stars	Frank Zappa - Hot Rats	4.50 stars
3.00 stars	Simon and Garfunkel - Bridge Over Troubled Water	4.50 stars
3.00 stars	Black Sabbath - Master of Reality	4.50 stars
3.00 stars	The Who - Who's Next	4.50 stars
3.00 stars	Fleetwood Mac - Rumours	4.50 stars
4.00 stars	Suicide - Suicide	2.00 stars
3.00 stars	Elvis Costello - This Year's Model	4.50 stars
4.00 stars	The Pop Group - Y	2.00 stars
4.00 stars	PiL - Metal Box	2.50 stars
4.00 stars	This Heat - Deceit	2.00 stars
4.50 stars	The Fall - Hex Enduction Hour	2.50 stars
4.00 stars	Discharge - Hear Nothing See Nothing Say Nothing	2.50 stars
3.00 stars	Michael Jackson - Thriller	4.50 stars
2.50 stars	U2 - War	4.00 stars
4.00 stars	The Smiths - The Smiths	2.50 stars
4.00 stars	Hüsker Dü - Zen Arcade	2.50 stars
4.00 stars	Minutemen - Double Nickels on the Dime	2.50 stars
3.00 stars	Tears for Fears - Songs From the Big Chair	4.50 stars
3.50 stars	Metallica - Master of Puppets	2.00 stars
3.50 stars	Slayer - Reign in Blood	1.00 stars
4.50 stars	Dinosaur - You're Living All Over Me	3.00 stars
2.50 stars	The Stone Roses - The Stone Roses	5.00 stars
4.50 stars	Slint - Spiderland	2.00 stars
4.50 stars	Yo La Tengo - Painful	3.00 stars
4.50 stars	Guided by Voices - Bee Thousand	3.00 stars
3.50 stars	Death - Symbolic	1.50 stars
3.00 stars	Burzum - Filosofem	4.50 stars
3.00 stars	Elliott Smith - Either / Or	4.50 stars
2.50 stars	AIR - Moon Safari	4.00 stars
2.50 stars	Bonnie 'Prince' Billy - I See a Darkness	4.00 stars
2.50 stars	The Twilight Singers - Twilight as Played by the Twilight Singers	4.00 stars
5.00 stars	Life Without Buildings - Any Other City	3.50 stars
4.50 stars	Fennesz - Endless Summer	3.00 stars
3.00 stars	Carissa's Wierd - Songs About Leaving	4.50 stars
3.50 stars	Animal Collective - Sung Tongs	2.00 stars
2.50 stars	Bloc Party - Silent Alarm	4.50 stars
4.50 stars	Coil - The Ape of Naples	3.00 stars
5.00 stars	J Dilla - Donuts	3.50 stars
4.50 stars	John Maus - Love Is Real	3.00 stars
2.50 stars	Cut Copy - In Ghost Colours	4.00 stars
2.50 stars	Midori - あらためまして、はじめまして、ミドリです。 (Aratamemashite, hajimemashite, Midori desu.)	4.00 stars
2.50 stars	The Antlers - Hospice	4.00 stars
5.00 stars	Women - Public Strain	3.00 stars
3.50 stars	Kanye West - My Beautiful Dark Twisted Fantasy	5.00 stars
4.00 stars	Grouper - A I A: Alien Observer	2.50 stars
4.00 stars	The Caretaker - An Empty Bliss Beyond This World	2.50 stars
3.00 stars	Japandroids - Celebration Rock	4.50 stars
5.00 stars	Parquet Courts - Light Up Gold	3.50 stars
3.00 stars	Kanye West - Yeezus	4.50 stars
5.00 stars	Holden - The Inheritors	3.50 stars
3.00 stars	Run the Jewels - Run the Jewels	4.50 stars
4.00 stars	Huerco S. - Colonial Patterns	2.50 stars
3.50 stars	Cloud Nothings - Here and Nowhere Else	5.00 stars
4.50 stars	Beach House - Depression Cherry	3.00 stars
2.00 stars	Swans - The Glowing Man	4.00 stars
5.00 stars	Mitski - Puberty 2	3.50 stars
3.00 stars	Vince Staples - Big Fish Theory	4.50 stars
5.00 stars	Alex Cameron - Forced Witness	3.50 stars
3.50 stars	GFOTY - GFOTYBUCKS	2.00 stars
3.00 stars	Against All Logic - 2012 - 2017	4.50 stars
5.00 stars	Amen Dunes - Freedom	3.50 stars
3.00 stars	Kids See Ghosts - Kids See Ghosts	4.50 stars
2.50 stars	George Clanton - Slide	4.00 stars
4.00 stars	Pink Floyd - The Piper at the Gates of Dawn	2.50 stars
2.00 stars	Pink Floyd - Wish You Were Here	4.00 stars
4.50 stars	Travis Scott - Astroworld	3.00 stars
3.00 stars	Sufjan Stevens - The Age of Adz	5.00 stars
2.50 stars	Sun Kil Moon - Benji	4.00 stars
4.50 stars	The Velvet Underground - White Light / White Heat	3.00 stars
3.00 stars	The Velvet Underground - Loaded	4.50 stars
3.00 stars	The Waterboys - This Is the Sea	4.50 stars
2.50 stars	Youth Lagoon - The Year of Hibernation	4.00 stars