rental	Album	yourenotcooking
3.50 stars	Amen Dunes - Love	3.50 stars
3.50 stars	Angelo Badalamenti - Twin Peaks: Limited Event Series Soundtrack	4.50 stars
3.50 stars	Boards of Canada - Geogaddi	4.00 stars
4.00 stars	Tim Buckley - Starsailor	4.50 stars
4.00 stars	Butthole Surfers - Locust Abortion Technician	3.50 stars
3.00 stars	The Cars - The Cars	3.00 stars
4.00 stars	Cloud Nothings - Attack on Memory	3.00 stars
4.00 stars	Crass - Penis Envy	4.50 stars
4.00 stars	Miles Davis - Get Up With It	4.50 stars
3.50 stars	The Drones - Wait Long by the River and the Bodies of Your Enemies Will Float By	4.00 stars
3.50 stars	The Drones - Feelin Kinda Free	4.00 stars
3.50 stars	The Fall - Live at the Witch Trials	4.00 stars
4.00 stars	The Fall - Slates	4.50 stars
4.00 stars	The Fall - Perverted by Language	4.50 stars
3.50 stars	Tim Hecker - Virgins	3.50 stars
3.50 stars	Jon Hopkins - Immunity	4.00 stars
4.00 stars	Kendrick Lamar - DAMN.	4.00 stars
3.00 stars	LCD Soundsystem - This Is Happening	3.50 stars
3.50 stars	The Lounge Lizards - The Lounge Lizards	3.50 stars
4.00 stars	Love - Forever Changes	4.50 stars
3.00 stars	MGMT - MGMT	3.50 stars
4.00 stars	Modest Mouse - This Is a Long Drive for Someone With Nothing to Think About	4.50 stars
4.00 stars	Mingus - The Black Saint and the Sinner Lady	4.50 stars
3.00 stars	Love - Da Capo	4.00 stars
3.50 stars	The Beatles - Sgt. Pepper's Lonely Hearts Club Band	3.00 stars
3.50 stars	Leonard Cohen - Songs of Leonard Cohen	4.00 stars
4.00 stars	The Zombies - Odessey and Oracle	4.50 stars
3.50 stars	Tim Buckley - Happy Sad	4.00 stars
4.00 stars	Captain Beefheart & His Magic Band - Trout Mask Replica	4.50 stars
3.00 stars	The Stooges - The Stooges	3.50 stars
4.50 stars	Scott Engel - Scott 4	4.00 stars
3.50 stars	The Kinks - Arthur or the Decline and Fall of the British Empire	4.50 stars
3.50 stars	Syd Barrett - The Madcap Laughs	3.50 stars
3.50 stars	The Stooges - Fun House	4.50 stars
3.50 stars	Tim Buckley - Lorca	4.50 stars
3.50 stars	Faust - Faust	4.50 stars
3.00 stars	Marvin Gaye - What's Going On	4.00 stars
3.50 stars	T. Rex - Electric Warrior	3.50 stars
4.00 stars	Can - Tago Mago	4.00 stars
4.00 stars	David Bowie - Hunky Dory	3.50 stars
4.00 stars	Fela & The Africa 70 - Roforofo Fight	5.00 stars
4.00 stars	David Bowie - The Rise and Fall of Ziggy Stardust and the Spiders From Mars	3.50 stars
4.50 stars	Can - Ege Bamyasi	4.00 stars
4.00 stars	Iggy and The Stooges - Raw Power	3.50 stars
3.50 stars	Bob Dylan - Blood on the Tracks	4.50 stars
3.50 stars	Fela Anikulapo Kuti and Afrika 70 - Zombie	3.50 stars
4.00 stars	David Bowie - Low	4.50 stars
4.00 stars	Television - Marquee Moon	4.50 stars
3.50 stars	Iggy Pop - The Idiot	4.50 stars
4.00 stars	Talking Heads - Talking Heads: 77	3.50 stars
4.50 stars	Wire - Pink Flag	4.00 stars
3.00 stars	Elvis Costello - This Year's Model	3.00 stars
3.50 stars	Kraftwerk - Die Mensch-Maschine	4.00 stars
3.00 stars	Magazine - Real Life	4.00 stars
4.00 stars	Talking Heads - More Songs About Buildings and Food	4.00 stars
4.00 stars	Wire - Chairs Missing	4.50 stars
4.00 stars	Devo - Q: Are We Not Men? A: We Are Devo!	4.00 stars
3.50 stars	Pere Ubu - Dub Housing	4.50 stars
4.00 stars	Public Image Ltd - Public Image	3.00 stars
4.00 stars	The Pop Group - Y	4.50 stars
3.50 stars	Talking Heads - Fear of Music	4.50 stars
4.00 stars	Wire - 154	4.00 stars
4.00 stars	PiL - Metal Box	4.00 stars
4.00 stars	The Cramps - Songs the Lord Taught Us	4.00 stars
4.00 stars	The Soft Boys - Underwater Moonlight	4.50 stars
3.50 stars	Gang of Four - Solid Gold	4.00 stars
4.00 stars	The Gun Club - Fire of Love	4.00 stars
4.00 stars	This Heat - Deceit	5.00 stars
4.00 stars	Glenn Branca - The Ascension	4.50 stars
4.50 stars	The Fall - Hex Enduction Hour	5.00 stars
4.00 stars	Wall of Voodoo - Call of the West	4.50 stars
3.50 stars	Sonic-Youth - Confusion Is Sex	3.00 stars
3.50 stars	Violent Femmes - Violent Femmes	3.00 stars
3.50 stars	Butthole Surfers - Butthole Surfers	4.00 stars
3.50 stars	Butthole Surfers - Psychic...Powerless...Another Man's Sac	4.50 stars
4.50 stars	Meat Puppets - Meat Puppets II	4.00 stars
5.00 stars	Minutemen - Double Nickels on the Dime	4.50 stars
4.00 stars	Meat Puppets - Up on the Sun	4.50 stars
4.00 stars	The Fall - This Nation's Saving Grace	4.50 stars
3.50 stars	Sonic Youth - EVOL	3.50 stars
3.50 stars	The Fall - Bend Sinister	4.00 stars
3.50 stars	XTC - Skylarking	3.00 stars
3.50 stars	The Feelies - Only Life	4.00 stars
4.00 stars	Sonic Youth - Daydream Nation	4.50 stars
3.50 stars	My Bloody Valentine - Isn't Anything	3.50 stars
4.00 stars	Sun City Girls - Torch of the Mystics	4.00 stars
3.50 stars	Sonic Youth - Goo	3.50 stars
5.00 stars	Slint - Spiderland	4.50 stars
4.50 stars	Les Rallizes dénudés - '77 Live	4.50 stars
4.00 stars	Talk Talk - Laughing Stock	5.00 stars
4.00 stars	Unwound - Fake Train	4.00 stars
3.50 stars	Unwound - New Plastic Ideas	4.00 stars
3.50 stars	Nas - Illmatic	4.50 stars
3.00 stars	Sunny Day Real Estate - Diary	4.00 stars
3.50 stars	Weezer - Weezer [Blue Album]	4.00 stars
3.50 stars	Sonic Youth - Washing Machine	3.50 stars
3.50 stars	Unwound - Repetition	3.50 stars
4.00 stars	Weezer - Pinkerton	4.50 stars
4.00 stars	Laddio Bolocko - Strange Warmings of Laddio Bolocko	4.00 stars
3.50 stars	Modest Mouse - The Lonesome Crowded West	4.50 stars
3.00 stars	AIR - Moon Safari	2.50 stars
3.50 stars	Boards of Canada - Music Has the Right to Children	4.00 stars
3.50 stars	Yo La Tengo - And Then Nothing Turned Itself Inside-Out	4.00 stars
4.00 stars	Modest Mouse - The Moon & Antarctica	4.00 stars
3.50 stars	Avey Tare and Panda Bear - Spirit They're Gone Spirit They've Vanished	4.00 stars
3.50 stars	Godspeed You Black Emperor! - Lift Yr. Skinny Fists Like Antennas to Heaven!	4.50 stars
4.00 stars	Unwound - Leaves Turn Inside You	4.00 stars
3.50 stars	...And You Will Know Us by the Trail of Dead - Source Tags & Codes	3.50 stars
4.50 stars	Wilco - Yankee Hotel Foxtrot	3.50 stars
4.00 stars	Interpol - Turn On the Bright Lights	4.00 stars
3.50 stars	Lightning Bolt - Wonderful Rainbow	4.00 stars
3.00 stars	Cursive - The Ugly Organ	3.50 stars
4.00 stars	Deerhoof - Apple O'	4.00 stars
4.00 stars	Boris - Boris at Last -Feedbacker-	4.50 stars
4.00 stars	Madvillain - Madvillainy	4.00 stars
3.50 stars	Animal Collective - Sung Tongs	4.00 stars
4.00 stars	Reigning Sound - Too Much Guitar	3.50 stars
4.00 stars	Animal Collective - Feels	4.50 stars
4.50 stars	Coil - The Ape of Naples	3.50 stars
5.00 stars	J Dilla - Donuts	4.50 stars
3.50 stars	Battles - Mirrored	3.00 stars
3.50 stars	The National - Boxer	3.50 stars
4.00 stars	Andrew Jackson Jihad - People Who Can Eat People Are the Luckiest People in the World	3.00 stars
4.00 stars	Animal Collective - Strawberry Jam	4.50 stars
4.00 stars	MGMT - Oracular Spectacular	3.00 stars
4.50 stars	Deerhunter - Microcastle / Weird Era Continued	3.50 stars
4.00 stars	Animal Collective - Merriweather Post Pavilion	4.00 stars
2.50 stars	The Antlers - Hospice	3.50 stars
4.00 stars	The Flaming Lips - Embryonic	3.50 stars
3.00 stars	Converge - Axe to Fall	3.00 stars
4.50 stars	MGMT - Congratulations	4.00 stars
3.50 stars	Flying Lotus - Cosmogramma	3.50 stars
4.00 stars	Ariel Pink's Haunted Graffiti - Before Today	3.00 stars
4.50 stars	Deerhunter - Halcyon Digest	3.50 stars
5.00 stars	Women - Public Strain	5.00 stars
3.00 stars	Shabazz Palaces - Black Up	3.50 stars
4.00 stars	Kendrick Lamar - Section.80	4.00 stars
4.00 stars	Danny Brown - XXX	4.50 stars
4.00 stars	Thee Oh Sees - Carrion Crawler / The Dream EP	4.50 stars
4.00 stars	Lil Ugly Mane - Mista Thug Isolation	4.00 stars
4.00 stars	Beach House - Bloom	3.00 stars
3.00 stars	Japandroids - Celebration Rock	2.50 stars
3.50 stars	Frank Ocean - channel ORANGE	3.50 stars
5.00 stars	Parquet Courts - Light Up Gold	4.00 stars
4.00 stars	Tame Impala - Lonerism	3.00 stars
3.50 stars	METZ - METZ	3.50 stars
4.00 stars	Mac DeMarco - 2	4.00 stars
4.00 stars	Kendrick Lamar - good kid, m.A.A.d city	4.50 stars
4.00 stars	Lil Ugly Mane - Uneven Compromise	4.00 stars
3.50 stars	My Bloody Valentine - m b v	4.00 stars
4.00 stars	Iceage - You're Nothing	3.50 stars
4.00 stars	Deerhunter - Monomania	3.50 stars
3.50 stars	Deafheaven - Sunbather	4.00 stars
3.00 stars	Run the Jewels - Run the Jewels	3.50 stars
4.00 stars	Fuck Buttons - Slow Focus	3.50 stars
3.50 stars	Julia Holter - Loud City Song	4.00 stars
3.50 stars	Oneohtrix Point Never - R Plus Seven	4.00 stars
4.00 stars	Freddie Gibbs & Madlib - Piñata	4.00 stars
4.00 stars	Ought - More Than Any Other Day	3.50 stars
4.00 stars	Iceage - Plowing Into the Field of Love	3.50 stars
3.50 stars	Run the Jewels - Run the Jewels 2	3.50 stars
3.00 stars	D'Angelo and The Vanguard - Black Messiah	3.50 stars
4.00 stars	Kendrick Lamar - To Pimp a Butterfly	4.00 stars
3.50 stars	Lightning Bolt - Fantasy Empire	3.50 stars
3.50 stars	Lil Ugly Mane - Third Side of Tape	4.00 stars
3.50 stars	Thee Oh Sees - Mutilator Defeated at Last	3.50 stars
4.00 stars	Julia Holter - Have You in My Wilderness	4.00 stars
4.50 stars	Cindy Lee - Act of Tenderness	4.00 stars
3.50 stars	Deakin - Sleep Cycle	4.50 stars
4.00 stars	King Gizzard and the Lizard Wizard - Nonagon Infinity	4.50 stars
3.50 stars	Radiohead - A Moon Shaped Pool	3.50 stars
5.00 stars	Frank Ocean - Blonde	4.00 stars
3.50 stars	Preoccupations - Preoccupations	3.50 stars
4.00 stars	Danny Brown - Atrocity Exhibition	4.50 stars
3.00 stars	King Gizzard and the Lizard Wizard - Flying Microtonal Banana	3.50 stars
4.00 stars	Protomartyr - Relatives in Descent	4.50 stars
3.50 stars	Car Seat Headrest - Twin Fantasy	3.50 stars
3.00 stars	Against All Logic - 2012 - 2017	4.00 stars
3.50 stars	Preoccupations - New Material	3.50 stars
3.00 stars	The Voidz - Virtue	4.00 stars
4.00 stars	Tropical Fuck Storm - A Laughing Death in Meatspace	4.50 stars
3.50 stars	Daughters - You Won't Get What You Want	4.50 stars
4.50 stars	Earl Sweatshirt - Some Rap Songs	4.50 stars
3.50 stars	Tyler, the Creator - Igor	4.00 stars
4.00 stars	Freddie Gibbs & Madlib - Bandana	4.00 stars
4.00 stars	Tropical Fuck Storm - Braindrops	4.00 stars
4.00 stars	My Bloody Valentine - Loveless	4.50 stars
4.00 stars	Neutral Milk Hotel - In the Aeroplane Over the Sea	3.00 stars
4.00 stars	Oneohtrix Point Never - Replica	4.00 stars
4.00 stars	Ought - Sun Coming Down	3.50 stars
4.00 stars	Pere Ubu - The Modern Dance	4.50 stars
3.50 stars	Pink Floyd - The Dark Side of the Moon	3.50 stars
4.00 stars	Viet Cong - Cassette	4.00 stars
4.00 stars	Viet Cong - Viet Cong	4.00 stars
3.50 stars	Protomartyr - Under Color of Official Right	4.00 stars
4.00 stars	Protomartyr - The Agent Intellect	4.00 stars
4.00 stars	Protomartyr - Consolation E.P.	3.50 stars
3.50 stars	Pylon - Gyrate	4.00 stars
4.00 stars	Radiohead - OK Computer	4.50 stars
4.00 stars	Radiohead - Kid A	4.50 stars
3.50 stars	Jay Reatard - Blood Visions	4.00 stars
4.00 stars	The Red Crayola with The Familiar Ugly - The Parable of Arable Land	5.00 stars
3.50 stars	Steve Reich - Music for 18 Musicians	4.50 stars
4.00 stars	Rudimentary Peni - Cacophony	5.00 stars
3.50 stars	The Sonic Youth - Sister	4.50 stars
3.50 stars	Sonic Youth - Dirty	3.00 stars
4.00 stars	Sun City Girls - 330,003 Crossdressers From Beyond the Rig Veda	4.00 stars
2.50 stars	Sun Kil Moon - Benji	3.50 stars
4.00 stars	Swell Maps - A Trip to Marineville	4.50 stars
4.00 stars	Talking Heads - The Name of This Band Is Talking Heads	5.00 stars
3.50 stars	Thinking Fellers Union Local 282 - Admonishing the Bishops	4.50 stars
4.00 stars	Thinking Fellers Union Local 282 - Strangers From the Universe	4.50 stars
3.50 stars	Thinking Fellers Union Local 282 - I Hope It Lands	4.00 stars
3.00 stars	Thinking Fellers Union Local 282 - Bob Dinners and Larry Noodles Present Tubby Turdner's Celebrity Avalanche	4.00 stars
4.00 stars	This Heat - This Heat	4.00 stars
4.00 stars	Various Artists - No New York	3.50 stars
4.00 stars	Wipers - Youth of America	4.50 stars
rental and yourenotcooking disagree: (14)
rental	Album	yourenotcooking
4.00 stars	The Beatles - Abbey Road	2.50 stars
3.50 stars	Boris - flood	5.00 stars
2.50 stars	Circle Takes the Square - As the Roots Undo	4.00 stars
3.50 stars	John Fahey - Fare Forward Voyagers (Soldier's Choice)	5.00 stars
3.50 stars	The Microphones - The Glow Pt. 2	5.00 stars
3.50 stars	Can - Future Days	5.00 stars
3.50 stars	The Feelies - Crazy Rhythms	5.00 stars
3.00 stars	Fishmans - Long Season	4.50 stars
3.50 stars	The Microphones - Mount Eerie	5.00 stars
3.50 stars	Lightning Bolt - Hypermagic Mountain	5.00 stars
2.00 stars	Pink Floyd - Wish You Were Here	4.00 stars
3.50 stars	Talking Heads - Remain in Light	5.00 stars
3.50 stars	Thinking Fellers Union Local 282 - Lovelyville	5.00 stars
3.50 stars	Thinking Fellers Union Local 282 - Mother of All Saints	5.00 stars